Sistema de Informação de Mortalidade - Óbitos não fetais - Campinas;;;;;;;;;;;;;;;;;;;;;;
Resid Campinas por Causa (CID10 3C) e Faixa Etária (5-5);;;;;;;;;;;;;;;;;;;;;;
Sexo: Feminino;;;;;;;;;;;;;;;;;;;;;;
Período:2013;;;;;;;;;;;;;;;;;;;;;;
Causa (CID10 3C);0-4;5-9;10-14;15-19;20-24;25-29;30-34;35-39;40-44;45-49;50-54;55-59;60-64;65-69;70-74;75-79;80-84;85-89;90-94;95-99;100e+;Total
A04   Outr infecc intestinais bacter;0;0;0;0;0;0;0;0;0;0;0;0;0;0;1;0;1;0;0;0;0;2
A09   Diarreia e gastroenterite orig infecc presum;0;0;0;0;0;0;0;0;0;0;0;0;0;0;0;0;4;2;1;0;0;7
A16   Tuberc vias respirat s/conf bacter histol;0;0;0;0;0;0;0;1;2;0;0;0;0;1;0;0;0;0;0;0;0;4
A19   Tuberc miliar;0;0;0;0;0;0;0;0;0;0;1;0;0;0;0;0;0;0;0;0;0;1
A27   Leptospirose;0;0;0;0;0;0;0;0;0;0;0;0;0;1;0;0;0;0;0;0;0;1
A39   Infecc meningogocica;0;1;0;1;0;0;0;0;0;0;0;0;0;0;0;0;0;0;0;0;0;2
A40   Septicemia estreptococica;1;0;0;0;0;0;0;0;0;0;0;0;0;0;0;0;0;0;0;0;0;1
A41   Outr septicemias;2;0;0;1;0;0;0;1;0;1;0;1;2;1;4;5;6;7;4;2;0;37
A46   Erisipela;0;0;0;0;0;0;0;0;0;0;0;1;0;0;0;0;1;1;1;1;0;5
A48   Outr doenc bacter NCOP;0;0;0;0;0;0;0;0;0;0;0;0;0;0;2;0;0;0;0;0;0;2
A50   Sifilis congen;1;0;0;0;0;0;0;0;0;0;0;0;0;0;0;0;0;0;0;0;0;1
A77   Febre maculosa;0;0;0;0;0;0;0;0;1;0;0;0;0;0;0;0;0;0;0;0;0;1
A98   Outr febres hemorragicas p/virus NCOP;0;0;0;0;0;0;0;0;0;0;0;0;0;0;0;1;0;0;0;0;0;1
B02   Herpes zoster;0;0;0;0;0;0;0;0;0;0;0;0;0;0;1;0;0;1;0;0;0;2
B18   Hepatite viral cronica;0;0;0;0;0;0;0;0;0;1;0;2;0;0;0;0;1;0;0;0;0;4
B19   Hepatite viral NE;0;0;0;0;0;0;0;1;0;1;0;0;0;0;0;0;0;0;0;0;0;2
B20   Doenc p/HIV result doenc infecc e parasit;0;0;0;0;0;0;2;1;2;4;1;1;0;1;0;1;0;0;0;0;0;13
B22   Doenc p/HIV result em outr doenc espec;0;0;0;0;0;0;0;0;0;0;0;0;0;0;1;0;0;0;0;0;0;1
B24   Doenc p/HIV NE;0;0;0;0;0;0;0;0;0;0;0;0;0;0;1;0;0;0;0;0;0;1
B37   Candidiase;0;0;0;0;0;0;0;0;0;0;0;0;1;0;0;0;0;0;0;0;0;1
B49   Micose NE;1;0;0;0;0;0;0;0;0;0;0;0;0;0;0;0;0;0;0;0;0;1
B57   Doenc de Chagas;0;0;0;0;0;0;0;1;0;0;1;2;3;0;3;2;3;0;0;0;0;15
B69   Cisticercose;0;0;0;0;0;0;0;0;0;0;0;0;0;1;0;0;0;0;0;0;0;1
C01   Neopl malig da base da lingua;0;0;0;0;0;0;0;0;0;0;0;0;0;1;0;0;0;0;0;0;0;1
C02   Neopl malig outr partes e NE da lingua;0;0;0;0;0;0;0;0;0;0;0;0;0;0;0;1;0;0;0;0;0;1
C06   Neopl malig outr partes e partes NE da boca;0;0;0;0;0;0;0;0;0;0;0;0;1;0;0;1;0;0;0;0;0;2
C09   Neopl malig da amigdala;0;0;0;0;0;0;0;0;0;1;0;0;0;0;0;0;0;0;0;0;0;1
C10   Neopl malig da orofaringe;0;0;0;0;0;0;0;0;0;0;0;0;2;0;0;0;0;2;0;0;0;4
C11   Neopl malig da nasofaringe;0;0;0;0;0;0;0;0;0;1;0;0;0;0;0;0;0;0;0;0;0;1
C14   Neop mal out loc mal def labio cav oral far;0;0;0;0;0;0;0;0;0;0;0;0;0;0;0;0;0;0;0;1;0;1
C15   Neopl malig do esofago;0;0;0;0;0;0;0;0;0;0;0;2;0;1;1;0;0;2;0;0;0;6
C16   Neopl malig do estomago;0;0;0;0;0;0;1;3;0;0;2;2;3;3;4;3;4;7;0;0;0;32
C17   Neopl malig do intestino delgado;0;0;0;0;0;0;0;0;0;0;0;0;2;1;0;1;1;1;0;0;0;6
C18   Neopl malig do colon;0;0;0;0;0;0;1;0;2;4;5;4;2;4;6;5;9;6;2;1;0;51
C19   Neopl malig da juncao retossigmoide;0;0;0;0;0;0;0;0;0;0;0;1;0;0;0;0;1;0;0;0;0;2
C20   Neopl malig do reto;0;0;0;0;0;0;0;0;2;1;1;4;2;1;2;3;1;3;0;0;0;20
C21   Neopl malig do anus e do canal anal;0;0;0;0;0;0;0;0;0;0;0;0;0;0;0;1;0;0;0;0;0;1
C22   Neopl malig figado vias biliares intra-hepat;0;0;0;0;0;1;0;1;0;3;2;0;5;3;5;2;3;2;1;0;0;28
C23   Neopl malig da vesicula biliar;0;0;0;0;0;0;0;0;0;1;1;0;1;0;0;4;0;1;0;1;0;9
C24   Neopl malig outr partes e NE vias biliares;0;0;0;0;0;0;0;0;0;0;0;2;1;0;1;2;1;0;0;0;0;7
C25   Neopl malig do pancreas;0;0;0;0;0;0;1;0;1;0;0;3;8;10;3;4;2;6;1;1;0;40
C26   Neopl malig outr mal def aparelho digestivo;0;0;0;0;0;1;0;0;0;0;0;1;0;2;0;1;0;1;2;1;0;9
C32   Neopl malig da laringe;0;0;0;0;0;0;0;0;0;0;0;1;1;1;1;1;0;0;0;0;0;5
C34   Neopl malig dos bronquios e dos pulmoes;0;0;0;0;0;1;0;0;1;2;7;10;12;8;5;17;5;8;2;0;0;78
C38   Neopl malig do coracao mediastino e pleura;0;0;0;0;0;0;0;0;0;0;0;0;1;0;0;0;0;0;0;0;0;1
C40   Neopl malig ossos/cartilag artic membros;0;0;1;0;0;0;0;0;0;0;0;0;0;0;0;0;0;0;0;0;0;1
C41   Neopl malig ossos/cartil artic outr loc e NE;0;0;0;1;0;0;0;0;0;0;0;0;0;0;0;0;1;1;0;0;0;3
C43   Melanoma malig da pele;0;0;0;0;0;0;0;0;1;0;0;0;2;0;0;0;2;1;0;0;0;6
C44   Outr neopl malig da pele;0;0;0;0;0;0;0;0;0;0;0;1;0;0;0;1;0;2;1;0;0;5
C45   Mesotelioma;0;0;0;0;0;0;0;0;1;0;0;0;0;0;0;0;0;0;0;0;0;1
C47   Neopl malig nervos perif e sist nerv autonom;0;0;0;0;0;0;1;0;0;0;0;0;0;0;0;0;0;0;0;0;0;1
C49   Neopl malig tec conjuntivo e outr tec moles;0;0;0;0;1;0;0;1;0;0;0;1;1;0;0;1;1;0;0;0;0;6
C50   Neopl malig da mama;0;0;0;0;0;1;1;1;2;13;9;12;9;7;13;14;9;7;3;0;0;101
C51   Neopl malig da vulva;0;0;0;0;0;0;0;0;0;0;0;0;0;0;1;0;1;1;0;0;0;3
C52   Neopl malig da vagina;0;0;0;0;0;0;0;0;0;0;0;1;0;1;0;0;0;0;0;0;0;2
C53   Neopl malig do colo do utero;0;0;0;0;1;0;2;0;1;1;1;0;2;4;1;2;3;1;0;2;0;21
C54   Neopl malig do corpo do utero;0;0;0;0;0;0;0;0;0;1;1;3;1;1;4;0;2;1;0;1;0;15
C55   Neopl malig do utero porcao NE;0;0;0;0;0;0;0;0;0;0;2;1;1;0;1;1;2;0;0;1;0;9
C56   Neopl malig do ovario;0;0;0;0;0;0;0;1;1;1;4;5;7;1;4;1;6;2;1;0;0;34
C57   Neopl malig outr org genitais femin e NE;0;0;0;0;0;0;0;0;0;0;0;0;0;1;0;0;0;0;0;0;0;1
C64   Neopl malig do rim exceto pelve renal;0;0;0;0;0;0;0;0;0;1;0;0;0;2;2;4;0;0;0;0;0;9
C67   Neopl malig da bexiga;0;0;0;0;0;0;0;0;0;0;0;0;1;1;0;1;1;3;0;0;0;7
C68   Neopl malig de outr orgaos urinarios e NE;0;0;0;0;0;0;0;1;0;0;1;0;0;0;0;0;0;0;0;0;0;2
C71   Neopl malig do encefalo;1;1;0;2;0;2;2;0;1;1;2;0;0;2;1;1;3;2;0;0;0;21
C72   Neop mal med esp nerv cran out sist nerv cen;0;0;0;0;0;0;0;0;0;0;0;0;0;0;1;1;0;0;0;0;0;2
C73   Neopl malig da gland tireoide;0;0;0;0;0;0;0;1;0;0;0;0;0;0;0;0;0;0;0;0;0;1
C74   Neopl malig da gland supra-renal;0;0;0;0;0;0;0;0;0;0;1;1;0;0;0;1;0;0;0;0;0;3
C75   Neopl malig outr gland endocrinas estr relac;0;0;0;0;0;0;0;0;0;0;0;1;0;0;0;0;0;0;0;0;0;1
C76   Neopl malig outr localiz e mal definidas;0;0;0;0;0;0;0;0;0;0;1;1;0;2;2;0;2;0;0;0;0;8
C78   Neopl malig secund org respirat e digestivos;0;0;0;0;0;0;0;0;0;0;2;1;1;0;1;0;2;0;0;0;0;7
C79   Neopl malig secund de outr localiz;0;0;0;0;0;0;0;0;0;0;0;0;0;1;0;1;0;1;0;0;0;3
C80   Neopl malig s/especificacao de localiz;0;0;0;0;0;1;0;0;0;2;1;1;4;3;1;1;1;3;0;0;0;18
C83   Linfoma nao-Hodgkin difuso;0;0;0;0;0;0;0;0;0;0;0;1;0;0;0;0;0;0;0;0;0;1
C85   Linfoma nao-Hodgkin de outr tipos e tipo NE;0;0;0;0;0;0;0;0;0;0;2;0;1;1;0;0;2;1;0;1;0;8
C90   Mieloma mult e neopl malig de plasmocitos;0;0;0;0;0;0;0;0;0;0;0;0;1;2;2;2;1;1;0;0;0;9
C91   Leucemia linfoide;0;0;1;0;0;0;0;0;0;0;0;0;0;0;0;0;0;0;0;0;0;1
C92   Leucemia mieloide;0;1;0;0;0;0;0;0;0;1;1;0;1;3;2;3;2;1;0;0;0;15
C95   Leucemia de tipo celular NE;0;0;0;0;0;0;0;1;0;1;0;0;0;0;0;0;1;0;0;0;0;3
C96   Outr neopl mal e NE tec linf hematop e corr;0;0;0;0;0;0;0;0;0;1;0;0;0;0;0;0;0;0;0;0;0;1
D18   Hemangioma e linfangioma de qualquer localiz;0;0;0;0;0;0;0;0;0;0;0;0;0;0;0;0;0;1;0;0;0;1
D32   Neopl benig das meninges;0;0;0;0;0;0;0;0;0;0;0;0;0;0;0;0;1;0;0;0;0;1
D46   Sindr mielodisplasicas;0;0;0;0;0;0;0;0;0;0;0;0;0;0;0;3;0;1;0;0;0;4
D47   Out neop comp inc/des tec linf hemat tec cor;0;0;0;0;0;0;0;0;0;0;0;0;0;0;0;0;2;1;0;0;0;3
D48   Neopl comp inc/desconh outr localiz e NE;0;0;0;0;0;0;0;0;0;0;0;0;1;0;0;0;0;0;0;0;0;1
D50   Anemia p/defic de ferro;0;0;0;0;0;0;0;0;0;0;0;0;0;0;0;0;0;1;0;0;0;1
D53   Outr anemias nutricionais;0;0;0;0;0;0;0;0;0;0;0;0;0;0;0;0;0;1;0;0;0;1
D59   Anemia hemolitica adquir;0;0;0;0;0;0;0;0;0;0;0;0;0;1;0;0;0;0;0;0;0;1
D61   Outr anemias aplasticas;0;0;0;0;0;0;0;0;0;0;0;0;0;0;0;0;0;0;0;0;1;1
D64   Outr anemias;0;0;0;0;0;0;0;0;0;0;0;0;0;0;0;1;0;0;0;0;0;1
D65   Coagulacao intravascular disseminada;0;0;0;0;0;0;0;0;0;0;0;0;0;1;0;0;0;0;0;0;0;1
D68   Outr defeitos da coagulacao;1;0;0;0;0;0;0;0;0;0;0;0;0;0;0;3;0;0;0;0;0;4
D69   Purpura e outr afeccoes hemorragicas;0;0;0;0;0;0;0;0;0;0;0;0;0;0;1;0;0;0;0;0;0;1
E03   Outr hipotireoidismos;0;0;0;0;0;0;0;0;0;0;0;0;0;0;0;0;0;1;0;0;0;1
E10   Diabetes mellitus insulino-dependente;0;0;0;0;0;0;0;0;0;0;0;0;0;0;0;1;3;1;0;0;0;5
E11   Diabetes mellitus nao-insulino-dependemte;0;0;0;0;0;0;0;0;0;0;0;1;0;0;0;2;5;2;2;0;0;12
E12   Diabetes mellitus relac c/a desnutr;0;0;0;0;0;0;0;0;0;0;1;0;0;0;0;1;1;0;0;0;0;3
E14   Diabetes mellitus NE;0;0;0;0;0;0;0;0;2;0;2;5;2;6;10;10;17;15;4;4;2;79
E16   Outr transt da secrecao pancreatica interna;0;0;0;0;0;0;0;0;0;0;0;0;0;1;0;0;0;0;0;0;0;1
E41   Marasmo nutricional;0;0;0;0;0;0;0;0;0;0;0;0;0;0;0;0;0;1;0;0;0;1
E43   Desnutric proteico-calorica grave NE;0;0;0;0;0;0;0;0;0;0;0;0;0;0;0;0;0;1;0;0;0;1
E46   Desnutric proteico-calorica NE;0;0;0;0;0;0;0;0;0;0;0;0;1;0;1;1;2;3;3;3;1;15
E66   Obesidade;0;0;0;0;1;1;0;0;0;4;1;0;1;1;0;1;0;0;0;0;0;10
E72   Outr disturbios metabolismo de aminoacidos;1;0;0;0;0;0;0;0;0;0;0;0;0;0;0;0;0;0;0;0;0;1
E77   Disturbios do metabolismo de glicoproteinas;0;0;0;0;0;0;0;0;0;0;0;0;0;0;0;0;1;0;0;0;0;1
E78   Disturbios metab lipoproteinas e out lipidem;0;0;0;0;0;0;0;0;0;0;0;0;0;1;1;0;1;0;0;0;0;3
E84   Fibrose cistica;0;0;0;0;1;0;0;0;0;0;0;0;0;0;0;0;0;0;0;0;0;1
E85   Amiloidose;0;0;0;0;0;0;0;0;0;1;0;1;0;0;0;0;0;0;0;0;0;2
E86   Deplecao de volume;0;0;0;0;0;0;0;0;0;0;0;0;0;0;1;0;0;1;0;1;0;3
E87   Outr transt equil hidroeletr e acido-basic;0;0;0;0;0;0;0;0;0;0;0;0;0;0;1;0;1;0;0;0;0;2
F01   Demencia vascular;0;0;0;0;0;0;0;0;0;0;0;0;0;0;0;1;0;0;0;0;0;1
F03   Demencia NE;0;0;0;0;0;0;0;0;0;0;0;0;0;0;0;0;0;1;1;0;1;3
F10   Transt mentais comport dev uso alcool;0;0;0;0;0;0;0;0;0;1;0;0;0;0;0;0;0;0;0;0;0;1
F14   Transt mentais e comport dev uso da cocaina;0;0;0;0;0;0;1;0;0;0;0;0;0;0;0;0;0;0;0;0;0;1
F17   Transt mentais e comport dev uso de fumo;0;0;0;0;0;0;0;0;0;0;0;0;0;0;0;1;0;0;0;0;0;1
G00   Meningite bacter NCOP;0;0;0;0;0;1;1;0;0;0;1;1;0;0;0;0;0;0;0;0;0;4
G04   Encefalite mielite e encefalomielite;0;0;0;0;0;0;1;0;0;0;0;0;0;0;0;0;0;0;0;0;0;1
G12   Atrofia muscular espinal e sindr correlatas;0;0;0;0;0;0;0;0;0;0;0;0;0;2;0;0;0;0;0;0;0;2
G20   Doenc de Parkinson;0;0;0;0;0;0;0;0;0;0;0;0;0;0;2;5;7;2;1;1;0;18
G30   Doenc de Alzheimer;0;0;0;0;0;0;0;0;0;0;0;0;1;2;2;6;18;22;13;6;0;70
G31   Outr doenc degenerativas sist nervoso NCOP;0;0;0;0;0;0;0;0;0;0;0;0;0;0;1;1;2;0;0;2;0;6
G40   Epilepsia;0;1;0;0;0;0;0;1;0;0;0;0;0;0;0;0;1;1;0;0;0;4
G41   Estado de mal epileptico;0;0;0;0;0;0;0;0;0;0;0;0;0;1;0;0;0;0;0;0;0;1
G70   Miastenia gravis outr transt neuromusculares;0;0;0;0;0;0;0;0;0;0;0;0;0;0;0;0;1;0;0;0;0;1
G71   Transt prim dos musculos;0;0;0;0;0;0;0;0;0;0;1;0;0;0;0;0;0;0;0;0;0;1
G80   Paralisia cerebral;2;0;0;1;2;0;0;1;0;1;0;0;0;0;0;0;0;0;0;0;0;7
G91   Hidrocefalia;0;0;0;0;0;0;0;0;0;0;0;0;0;0;0;1;0;0;0;0;0;1
G93   Outr transt do encefalo;0;1;1;0;0;0;0;0;0;0;0;0;1;2;1;1;0;1;1;0;0;9
G98   Outr transt do sist nervoso NCOP;0;0;0;0;0;0;0;0;0;0;0;0;0;0;0;1;0;0;0;0;0;1
H66   Otite media supurativa e as NE;0;0;0;0;0;0;0;1;0;0;0;0;0;0;0;0;0;0;0;0;0;1
I05   Doenc reumaticas da valva mitral;0;0;0;0;0;0;0;0;1;0;0;0;2;0;1;0;0;0;0;0;0;4
I06   Doenc reumaticas da valva aortica;0;0;0;0;0;0;0;0;0;0;0;0;0;0;0;0;1;0;0;0;0;1
I08   Doenc de mult valvas;0;0;0;0;0;0;0;0;0;0;0;0;1;0;0;0;1;0;1;1;0;4
I09   Outr doenc reumaticas do coracao;0;0;0;0;0;0;0;0;0;0;0;0;0;0;1;0;0;0;0;0;0;1
I10   Hipertensao essencial;0;0;0;0;0;0;0;0;0;0;1;3;1;0;3;2;3;3;5;3;0;24
I11   Doenc cardiaca hipertensiva;0;0;0;0;0;1;0;1;0;1;0;0;1;1;2;9;9;8;5;4;0;42
I12   Doenc renal hipertensiva;0;0;0;0;0;0;0;0;0;1;0;0;0;1;0;1;3;2;1;0;0;9
I13   Doenc cardiaca e renal hipertensiva;0;0;0;0;0;0;0;0;0;0;0;0;0;0;0;0;0;0;1;1;0;2
I20   Angina pectoris;0;0;0;0;0;0;0;0;0;0;0;0;0;0;0;0;1;0;0;0;0;1
I21   Infarto agudo do miocardio;0;0;0;0;0;1;1;2;2;7;16;19;22;32;24;42;36;35;14;7;2;262
I22   Infarto do miocardio recorrente;0;0;0;0;0;0;0;0;0;0;0;0;0;0;1;0;0;0;0;0;0;1
I24   Outr doenc isquemicas agudas do coracao;0;0;0;0;0;0;0;0;0;0;0;0;0;0;1;2;1;1;0;0;0;5
I25   Doenc isquemica cronica do coracao;0;0;0;0;0;0;0;1;1;2;4;1;4;4;7;13;2;15;8;5;1;68
I26   Embolia pulmonar;0;0;0;0;0;0;0;1;0;2;3;1;1;1;2;0;2;5;0;1;0;19
I27   Outr form de doenc cardiaca pulmonar;0;0;0;0;0;1;0;0;0;0;0;1;1;0;1;0;0;0;0;0;0;4
I30   Pericardite aguda;0;0;0;0;0;0;0;0;1;0;0;0;0;0;0;0;0;0;0;0;0;1
I31   Outr doenc do pericardio;0;0;0;0;0;0;0;0;0;1;0;0;0;0;0;0;0;0;0;0;0;1
I33   Endocardite aguda e subaguda;0;0;0;0;0;0;0;0;1;0;0;0;0;0;0;0;0;0;0;0;0;1
I34   Transt nao-reumaticos da valva mitral;0;0;0;0;0;0;0;0;0;0;0;1;3;1;0;1;2;0;0;0;0;8
I35   Transt nao-reumaticos da valva aortica;0;0;0;0;0;0;0;0;0;1;0;0;0;1;1;1;1;1;1;1;0;8
I36   Transt nao-reumaticos da valva tricuspide;0;0;0;0;0;0;0;0;0;0;0;0;0;0;0;0;0;1;0;0;0;1
I38   Endocardite de valva NE;0;0;0;0;0;0;0;0;0;0;0;0;1;0;1;2;0;1;0;0;0;5
I42   Cardiomiopatias;0;0;0;0;0;0;1;1;1;1;0;1;1;0;4;2;4;3;5;1;1;26
I44   Bloqueio atrioventricular e do ramo esquerdo;0;0;0;0;0;0;0;0;0;0;0;0;0;0;0;1;0;1;0;0;0;2
I47   Taquicardia paroxistica;0;0;0;0;0;0;0;0;0;0;0;0;0;0;0;0;1;0;0;0;0;1
I48   Flutter e fibrilacao atrial;0;0;0;0;0;0;0;0;0;0;1;0;2;1;1;7;2;1;3;1;0;19
I49   Outr arritmias cardiacas;0;0;0;0;1;0;0;0;0;0;0;0;0;1;0;3;4;3;4;2;0;18
I50   Insuf cardiaca;0;0;0;0;1;0;0;0;1;1;2;3;3;2;6;5;7;9;4;5;0;49
I51   Complic cardiopatias doenc cardiacas mal def;0;0;0;0;0;0;0;0;0;0;0;0;0;0;0;0;1;0;0;0;1;2
I60   Hemorragia subaracnoide;0;1;0;0;1;0;0;0;1;1;1;5;4;2;1;2;2;0;0;0;0;21
I61   Hemorragia intracerebral;0;0;0;0;0;0;1;0;1;5;5;2;2;10;6;5;5;5;5;0;0;52
I62   Outr hemorragias intracranianas nao-traum;0;0;0;0;0;0;0;0;0;0;1;0;0;0;0;0;0;0;1;1;0;3
I63   Infarto cerebral;0;0;0;0;0;0;0;0;0;0;2;0;0;0;0;0;1;1;1;1;0;6
I64   Acid vasc cerebr NE como hemorrag isquemico;0;0;0;0;0;0;0;0;0;2;1;2;1;4;2;13;13;13;9;4;1;65
I67   Outr doenc cerebrovasculares;0;0;0;1;1;0;0;1;1;0;4;2;8;3;7;10;17;14;9;2;1;81
I69   Sequelas de doenc cerebrovasculares;0;0;0;0;0;0;0;0;0;0;2;2;1;3;4;10;12;19;14;3;0;70
I70   Aterosclerose;0;0;0;0;0;0;0;0;0;0;0;0;0;0;0;0;1;1;0;2;1;5
I71   Aneurisma e disseccao da aorta;0;0;0;0;0;0;0;1;1;0;2;2;2;1;1;7;7;4;2;0;0;30
I72   Outr aneurismas;0;0;0;0;0;0;0;0;0;0;0;0;0;0;1;1;0;0;0;0;0;2
I73   Outr doenc vasculares perifericas;0;0;0;0;0;0;0;0;0;0;0;0;1;0;2;1;0;0;2;0;2;8
I74   Embolia e trombose arteriais;0;0;0;0;0;0;0;0;0;0;0;0;0;1;0;0;0;2;1;0;0;4
I77   Outr afeccoes das arterias e arteriolas;0;0;0;0;0;0;0;0;0;0;0;0;1;0;0;1;2;1;5;0;0;10
I80   Flebite e tromboflebite;0;0;0;0;0;0;1;0;0;0;0;0;1;1;0;0;3;2;2;0;0;10
I85   Varizes esofagianas;0;0;0;0;0;0;0;0;0;0;0;0;0;0;1;0;0;0;0;0;0;1
J09   Influenza dev virus gripe aviaria;0;0;0;0;0;1;0;1;0;1;0;0;1;0;1;0;0;0;0;0;0;5
J10   Influenza dev outro virus influenza ident;1;0;0;0;0;0;0;0;0;0;0;0;0;0;0;0;0;0;0;0;0;1
J11   Influenza dev virus nao identificado;0;0;0;0;0;0;0;1;0;0;0;1;0;0;0;0;0;1;0;0;0;3
J15   Pneumonia bacter NCOP;0;0;0;0;0;0;0;1;0;0;0;0;0;2;1;3;1;1;5;2;1;17
J18   Pneumonia p/microorg NE;2;1;0;1;0;0;0;3;4;3;5;12;16;17;20;30;52;56;50;22;7;301
J21   Bronquiolite aguda;2;1;0;0;0;0;0;0;0;0;0;1;0;1;0;0;1;0;0;0;0;6
J40   Bronquite NE como aguda ou cronica;0;0;0;0;0;0;0;0;0;0;0;0;0;0;0;1;0;1;0;0;0;2
J43   Enfisema;0;0;0;0;0;0;0;0;0;0;0;0;0;1;1;2;1;0;0;0;0;5
J44   Outr doenc pulmonares obstrutivas cronicas;0;0;0;0;0;0;0;0;0;1;2;4;8;11;10;27;24;8;8;0;1;104
J45   Asma;1;0;0;0;1;0;0;0;0;0;0;0;0;1;0;1;1;2;1;0;0;8
J46   Estado de mal asmatico;0;0;0;0;0;0;0;1;0;0;0;0;0;0;0;0;0;0;0;0;0;1
J69   Pneumonite dev solidos e liquidos;0;0;0;1;0;0;0;0;0;0;1;0;0;0;0;2;2;4;3;3;1;17
J80   Sindr do desconforto respirat do adulto;0;0;0;0;0;0;0;0;0;0;0;0;0;0;1;1;0;0;0;0;0;2
J81   Edema pulmonar NE de outr form;0;0;1;0;0;1;2;0;0;1;3;3;2;2;3;4;5;2;6;5;0;40
J84   Outr doenc pulmonares intersticiais;0;0;0;0;0;0;0;0;0;0;1;0;3;3;0;3;4;2;1;0;0;17
J86   Piotorax;0;0;0;0;0;0;0;0;0;0;0;1;0;0;0;0;1;0;1;0;0;3
J90   Derrame pleural NCOP;0;0;0;0;0;0;0;0;0;0;0;0;0;0;1;0;0;1;0;0;0;2
J93   Pneumotorax;0;0;0;0;0;0;0;0;0;0;0;1;0;0;0;0;0;1;0;0;0;2
J96   Insuf respirat NCOP;0;0;0;0;0;0;0;0;0;0;0;0;0;0;0;0;2;0;0;0;0;2
J98   Outr transt respirat;2;0;0;0;0;0;0;0;1;0;0;1;0;0;0;2;6;2;2;1;0;17
K22   Outr doenc do esofago;0;0;0;0;0;0;0;0;0;0;0;0;0;0;0;1;0;0;0;0;0;1
K25   Ulcera gastrica;0;0;0;0;0;0;0;0;0;0;0;0;0;0;0;1;0;0;0;0;0;1
K26   Ulcera duodenal;0;0;0;0;0;0;0;0;0;0;0;0;0;0;1;0;0;0;0;0;0;1
K27   Ulcera peptica de localiz NE;0;0;0;0;0;0;0;0;0;0;1;0;0;0;0;0;0;1;0;0;0;2
K29   Gastrite e duodenite;0;0;0;0;0;0;0;0;0;0;0;0;0;1;0;0;0;0;0;0;0;1
K31   Outr doenc do estomago e do duodeno;0;0;0;0;0;0;0;0;0;0;0;0;1;0;0;0;0;0;0;0;0;1
K35   Apendicite aguda;0;0;0;0;0;0;0;0;0;0;0;0;0;0;0;0;1;1;0;0;0;2
K36   Outr form de apendicite;0;0;0;0;0;0;0;0;0;0;0;0;0;0;0;0;0;0;1;0;0;1
K43   Hernia ventral;0;0;0;0;0;0;0;0;0;0;0;0;0;0;0;1;0;0;0;0;0;1
K46   Hernia abdominal NE;0;0;0;0;0;0;0;1;0;0;0;0;1;0;1;0;0;0;0;0;0;3
K51   Colite ulcerativa;0;0;0;0;0;0;0;0;0;1;0;0;0;0;0;0;0;0;0;0;0;1
K55   Transt vasculares do intestino;0;0;0;0;0;0;1;0;1;2;0;1;3;1;2;3;3;5;3;0;0;25
K56   Ileo paralitico e obstr intestinal s/hernia;0;0;0;0;0;0;0;0;0;2;0;0;1;0;1;1;2;1;4;0;0;12
K57   Doenc diverticular do intestino;0;0;0;0;0;0;0;0;0;1;0;1;1;0;0;1;0;0;0;0;0;4
K63   Outr doenc do intestino;0;0;0;0;0;0;0;0;0;0;0;1;0;4;0;1;1;0;0;0;0;7
K65   Peritonite;0;0;0;0;0;0;1;0;0;0;0;0;0;1;2;1;2;1;0;0;0;8
K66   Outr transt do peritonio;0;0;0;0;0;0;0;0;0;0;0;0;0;1;1;0;0;1;0;0;0;3
K70   Doenc alcoolica do figado;0;0;0;0;0;0;0;0;1;2;0;1;0;1;0;1;0;0;0;0;0;6
K71   Doenc hepatica toxica;0;0;0;0;0;0;0;0;0;0;0;0;0;1;0;0;0;0;0;0;0;1
K72   Insuf hepatica NCOP;1;0;0;0;0;0;0;0;0;0;0;1;1;0;0;1;1;0;0;0;0;5
K73   Hepatite cronica NCOP;0;0;0;0;0;0;0;0;0;0;0;0;0;0;0;1;0;0;0;1;0;2
K74   Fibrose e cirrose hepaticas;0;0;0;0;0;0;0;2;0;0;2;1;3;1;2;1;2;1;1;0;0;16
K75   Outr doenc inflam do figado;0;0;0;0;0;0;0;0;0;0;0;0;2;0;1;0;0;0;0;0;0;3
K76   Outr doenc do figado;0;0;1;0;0;0;0;0;0;0;0;0;0;1;1;1;0;0;0;0;0;4
K80   Colelitiase;0;0;0;0;0;0;1;0;0;0;0;0;1;0;2;0;1;1;0;0;0;6
K81   Colecistite;0;0;0;0;0;1;0;0;0;0;2;0;2;2;1;2;0;4;1;0;0;15
K83   Outr doenc das vias biliares;0;0;0;0;0;0;0;0;0;0;1;0;1;0;1;1;0;0;0;0;0;4
K85   Pancreatite aguda;0;0;0;0;0;0;0;0;0;0;2;0;0;0;0;0;1;2;2;0;0;7
K86   Outr doenc do pancreas;0;0;0;0;0;0;0;0;0;0;0;0;0;0;1;0;0;1;0;0;0;2
K92   Outr doenc do aparelho digestivo;0;0;0;0;0;0;0;0;1;0;0;0;0;0;0;2;2;0;0;1;1;7
L03   Celulite;0;0;0;0;0;0;0;0;0;0;0;0;1;0;0;0;0;1;0;0;0;2
L12   Penfigoide;0;0;0;0;0;0;0;0;0;0;0;0;0;0;0;0;0;1;0;0;0;1
L51   Eritema polimorfo;0;0;0;0;0;0;0;0;0;0;0;0;0;0;0;1;0;0;0;0;0;1
L89   Ulcera de decubito;0;0;0;0;0;0;0;0;0;0;0;0;0;0;0;0;1;1;2;0;0;4
L97   Ulcera dos membros infer NCOP;0;0;0;0;0;0;0;0;0;0;0;0;0;0;0;0;1;0;0;0;0;1
L98   Outr afeccoes da pele e tec subcutaneo NCOP;0;0;0;0;0;0;0;0;0;0;0;0;0;0;0;1;0;0;0;0;0;1
M00   Artrite piogenica;0;0;0;0;0;0;0;0;0;0;0;0;0;1;0;0;0;1;0;0;0;2
M06   Outr artrites reumatoides;0;0;0;0;0;0;0;1;0;0;0;0;3;0;0;2;0;0;0;0;0;6
M17   Gonartrose;0;0;0;0;0;0;0;0;0;0;0;0;0;0;0;0;1;0;0;0;0;1
M32   Lupus eritematoso disseminado;0;0;1;0;0;0;1;1;1;1;0;0;1;0;0;0;0;0;0;0;0;6
M34   Esclerose sistemica;0;0;0;0;0;0;0;0;1;0;0;0;0;0;0;0;0;0;0;0;0;1
M35   Outr afeccoes sistemicas do tec conjuntivo;0;0;0;0;0;1;0;0;0;0;0;0;0;0;0;0;0;0;0;0;0;1
M46   Outr espondilopatias inflam;0;0;0;0;0;0;0;0;0;0;0;0;0;0;0;0;1;0;0;0;0;1
M47   Espondilose;0;0;0;0;0;0;0;0;0;0;0;0;0;0;1;0;0;0;0;0;0;1
M51   Outr transt de discos intervertebrais;0;0;0;0;0;0;0;0;0;0;0;0;0;0;1;0;0;0;0;0;0;1
M62   Outr transt musculares;0;0;0;0;0;0;0;0;1;0;0;0;0;0;0;0;0;1;0;1;0;3
M80   Osteoporose c/frat patologica;0;0;0;0;0;0;0;0;0;0;0;0;0;0;0;0;1;0;0;0;0;1
M81   Osteoporose s/frat patologica;0;0;0;0;0;0;0;0;0;0;0;0;0;0;1;0;0;0;0;0;0;1
M86   Osteomielite;0;0;0;0;0;0;0;0;0;0;0;0;0;0;0;2;0;0;0;0;0;2
N12   Nefrite tubulo-intersticial NE aguda cronica;0;0;0;0;0;0;0;0;0;0;0;0;0;0;0;1;0;0;2;0;0;3
N17   Insuf renal aguda;0;0;0;0;0;0;0;0;0;0;0;1;0;0;0;1;0;2;2;1;0;7
N18   Insuf renal cronica;0;0;0;0;0;0;0;0;1;1;0;0;1;2;2;3;0;1;0;0;0;11
N19   Insuf renal NE;1;0;0;0;0;0;0;0;0;0;0;0;0;0;0;0;0;0;1;0;0;2
N20   Calculose do rim e do ureter;0;0;0;0;0;0;0;0;0;0;0;0;0;0;0;0;1;0;0;0;0;1
N28   Outr transt do rim e do ureter NCOP;0;0;0;0;0;1;0;0;0;0;0;0;0;0;0;0;0;0;0;0;0;1
N30   Cistite;0;0;0;0;0;0;0;0;0;0;0;0;0;0;0;0;0;1;0;0;0;1
N31   Disfuncoes neuromusculares da bexiga NCOP;0;0;0;0;0;0;0;0;0;0;0;0;0;0;0;0;0;0;1;0;0;1
N39   Outr transt do trato urinario;1;0;0;0;0;0;0;0;1;0;0;7;4;8;10;9;22;21;16;4;0;103
N73   Outr doenc inflam pelvicas femin;0;0;0;0;0;0;0;0;0;0;0;1;1;1;0;0;0;0;0;0;0;3
N83   Transt nao-infl ovario tromp Falop lig largo;0;0;0;0;0;0;0;0;0;1;0;0;0;0;0;0;0;0;0;0;0;1
N85   Outr transt nao-inflam utero exc colo utero;0;0;0;0;0;0;0;0;0;0;0;0;0;1;0;0;0;0;0;0;0;1
O14   Hipertensao gestacional c/proteinuria signif;0;0;0;0;0;0;1;0;0;0;0;0;0;0;0;0;0;0;0;0;0;1
O15   Eclampsia;0;0;0;0;0;0;1;0;1;0;0;0;0;0;0;0;0;0;0;0;0;2
O23   Infecc do trato geniturinario na gravidez;0;0;0;0;0;0;1;0;0;0;0;0;0;0;0;0;0;0;0;0;0;1
O41   Outr transt membranas e liquido amniotico;0;0;0;0;0;0;1;0;0;0;0;0;0;0;0;0;0;0;0;0;0;1
O72   Hemorragia pos-parto;0;0;0;0;0;0;0;1;0;0;0;0;0;0;0;0;0;0;0;0;0;1
O87   Complic venosas no puerperio;0;0;0;0;1;0;0;0;0;0;0;0;0;0;0;0;0;0;0;0;0;1
O90   Complic do puerperio NCOP;0;0;0;0;0;1;0;0;0;0;0;0;0;0;0;0;0;0;0;0;0;1
O99   Outr doenc mat COP compl grav parto puerp;0;0;0;0;0;1;0;0;0;0;0;0;0;0;0;0;0;0;0;0;0;1
P00   Fet rec-nasc afet afec mat n obr rel grav at;3;0;0;0;0;0;0;0;0;0;0;0;0;0;0;0;0;0;0;0;0;3
P01   Fet rec-nasc afet complic maternas gravidez;2;0;0;0;0;0;0;0;0;0;0;0;0;0;0;0;0;0;0;0;0;2
P02   Fet rec-nasc afet compl plac cord umb membr;5;0;0;0;0;0;0;0;0;0;0;0;0;0;0;0;0;0;0;0;0;5
P03   Fet rec-nasc afet out compl trab parto parto;1;0;0;0;0;0;0;0;0;0;0;0;0;0;0;0;0;0;0;0;0;1
P21   Asfixia ao nascer;2;0;0;0;0;0;0;0;0;0;0;0;0;0;0;0;0;0;0;0;0;2
P22   Desconforto respirat do recem-nascido;2;0;0;0;0;0;0;0;0;0;0;0;0;0;0;0;0;0;0;0;0;2
P26   Hemorragia pulmonar orig periodo perinatal;1;0;0;0;0;0;0;0;0;0;0;0;0;0;0;0;0;0;0;0;0;1
P27   Doenc respirat cron orig periodo perinatal;1;0;0;0;0;0;0;0;0;0;0;0;0;0;0;0;0;0;0;0;0;1
P28   Outr afeccoes respirat orig per perinatal;3;0;0;0;0;0;0;0;0;0;0;0;0;0;0;0;0;0;0;0;0;3
P36   Septicemia bacter do recem-nascido;5;0;0;0;0;0;0;0;0;0;0;0;0;0;0;0;0;0;0;0;0;5
P37   Outr doenc infecc e parasit congen;1;0;0;0;0;0;0;0;0;0;0;0;0;0;0;0;0;0;0;0;0;1
P52   Hemorragia intracran nao-traum feto rec-nasc;3;0;0;0;0;0;0;0;0;0;0;0;0;0;0;0;0;0;0;0;0;3
P77   Enterocolite necrotizante do feto e rec-nasc;2;0;0;0;0;0;0;0;0;0;0;0;0;0;0;0;0;0;0;0;0;2
P83   Outr afecc compr tegum espec feto rec-nasc;1;0;0;0;0;0;0;0;0;0;0;0;0;0;0;0;0;0;0;0;0;1
P96   Outr afeccoes originadas periodo perinatal;4;0;0;0;0;0;0;0;0;0;0;0;0;0;0;0;0;0;0;0;0;4
Q20   Malform congen camaras e comunicacoes card;3;0;0;0;0;0;0;0;0;0;0;0;0;0;0;0;0;0;0;0;0;3
Q21   Malformacoes congen dos septos cardiacos;4;0;0;1;0;0;0;0;0;1;0;0;0;0;0;0;0;0;0;0;0;6
Q23   Malformacoes congen valvas aortica e mitral;0;0;1;0;0;0;0;0;0;0;0;0;0;0;0;0;0;0;0;0;0;1
Q24   Outr malformacoes congen do coracao;3;0;0;0;0;0;0;0;0;0;0;0;0;0;0;0;0;0;0;0;0;3
Q25   Malformacoes congen das grandes arterias;4;0;0;0;0;0;0;0;0;0;0;0;0;0;0;0;0;0;0;0;0;4
Q33   Malformacoes congen do pulmao;2;0;0;0;0;0;0;0;0;0;0;0;0;0;0;0;0;0;0;0;0;2
Q43   Outr malformacoes congen do intestino;1;0;0;0;0;0;0;0;0;0;0;0;0;0;0;0;0;0;0;0;0;1
Q61   Doenc cisticas do rim;0;0;0;0;0;0;0;0;0;0;0;0;0;0;0;0;0;1;0;0;0;1
Q75   Outr malformacoes congen ossos cranio e face;1;0;0;0;0;0;0;0;0;0;0;0;0;0;0;0;0;0;0;0;0;1
Q79   Malformacoes congen sist osteomuscular NCOP;1;0;0;0;0;0;0;0;0;0;0;0;0;0;0;0;0;0;0;0;0;1
Q89   Outr malformacoes congen NCOP;2;0;0;0;0;0;0;0;0;0;0;0;0;0;0;0;0;0;0;0;0;2
Q90   Sindr de Down;0;0;0;0;0;1;0;0;0;0;0;0;0;0;0;0;0;0;0;0;0;1
Q91   Sindr de Edwards e sindr de Patau;4;0;1;0;0;0;0;0;0;0;0;0;0;0;0;0;0;0;0;0;0;5
Q99   Outr anomalias dos cromossomos NCOP;3;0;0;0;0;0;0;0;0;0;0;0;0;0;0;0;0;0;0;0;0;3
R04   Hemorragia das vias respirat;0;0;0;0;0;0;0;0;0;0;1;0;0;0;0;0;0;0;0;0;0;1
R10   Dor abdominal e pelvica;0;0;0;0;0;0;0;0;0;0;0;0;0;0;1;0;0;0;0;0;1;2
R54   Senilidade;0;0;0;0;0;0;0;0;0;0;0;0;0;0;0;1;3;5;6;5;2;22
R57   Choque NCOP;0;0;0;0;0;0;0;0;0;0;0;0;0;1;0;0;0;0;0;0;0;1
R64   Caquexia;0;0;0;0;0;0;0;0;0;0;0;0;0;0;0;1;0;0;0;0;0;1
R68   Outr sint e sinais gerais;0;0;0;0;0;0;0;0;0;0;0;1;0;0;0;0;1;0;0;0;0;2
R98   Morte s/assist;0;0;0;0;0;2;1;1;1;3;2;0;1;1;1;0;0;0;0;0;0;13
R99   Outr causas mal definidas e NE mortalidade;0;0;0;1;1;1;2;1;1;1;1;0;1;2;0;0;1;0;1;0;0;14
V02   Pedestre traum colis veic motor 2 3 rodas;0;0;0;0;0;0;0;0;0;0;0;0;0;0;1;0;0;0;0;0;0;1
V03   Pedestre traum colis automov pickup caminhon;0;0;0;0;0;0;0;0;2;0;0;0;0;0;0;0;0;0;0;0;0;2
V09   Pedestre traum outr acid transp e NE;0;1;1;0;1;1;1;1;0;0;0;0;1;1;0;0;1;0;0;0;0;9
V29   Motociclista traum outr acid transp e NE;0;0;1;0;0;2;1;0;0;2;0;0;0;0;0;0;0;0;0;0;0;6
V39   Ocup tricicl mot traum outr acid transp e NE;0;0;0;0;0;0;0;0;0;0;0;0;0;1;0;0;0;0;0;0;0;1
V43   Ocup automov traum col auto pickup caminhon;0;0;2;0;0;0;3;3;0;0;0;0;1;0;0;0;0;0;0;0;0;9
V48   Ocup automovel traum acid transp s/colis;1;0;0;0;0;1;0;0;0;0;0;0;0;0;0;0;0;0;0;0;0;2
V49   Ocup automovel traum outr acid transp e NE;1;0;1;0;0;1;0;0;2;1;0;0;0;0;0;0;0;0;0;0;0;6
V89   Acid veic mot n-mot tipos de veic NE;0;0;0;0;1;2;0;0;0;0;0;0;1;0;0;0;0;0;0;0;0;4
W02   Queda env patins rodas gelo esqui pranch rod;0;0;0;1;0;0;0;0;0;0;0;0;0;0;0;0;0;0;0;0;0;1
W13   Queda de ou p/fora edificios outr estruturas;0;0;0;0;0;0;0;0;1;0;0;0;0;0;0;0;0;0;0;0;0;1
W18   Outr quedas no mesmo nivel;0;0;0;0;0;0;0;0;0;0;0;1;0;0;2;1;2;2;1;0;0;9
W19   Queda s/especificacao;0;0;0;0;0;0;0;0;1;0;0;0;0;3;2;5;11;16;8;4;1;51
W20   Impacto caus objeto lanc projetado em queda;1;0;0;0;0;0;0;0;0;0;0;0;0;0;0;0;0;0;0;0;0;1
W55   Mordedura golpe provoc outr animais mamif;0;0;0;0;0;0;0;0;0;0;0;0;0;0;0;1;0;0;0;0;0;1
W70   Afogamento submersao conseq queda aguas nat;0;0;0;0;0;0;0;0;0;0;1;0;0;0;0;0;0;0;0;0;0;1
W78   Inalacao do conteudo gastrico;0;0;0;0;0;0;0;0;0;0;0;0;0;0;0;0;0;1;0;0;0;1
W79   Inalacao ingest aliment caus obstr trat resp;2;0;0;0;0;0;0;0;0;0;0;0;0;0;0;1;0;0;0;0;0;3
X09   Exposicao a tipo NE de fumaca fogo chamas;0;0;0;0;0;1;0;0;0;0;0;0;0;0;0;0;0;0;0;0;0;1
X59   Exposicao a fatores NE;0;0;0;0;0;0;1;0;0;0;1;0;0;0;0;0;0;0;1;0;1;4
X70   Lesao autoprov intenc enforc estrang sufoc;0;0;1;0;0;0;0;0;0;0;0;0;0;0;0;0;0;0;0;0;0;1
X74   Lesao autopr intenc disp outr arma fogo e NE;0;0;0;0;0;1;0;0;0;0;0;0;0;0;0;0;0;0;0;0;0;1
X76   Lesao autoprov intenc fumaca fogo e chamas;0;0;0;0;0;0;0;0;1;0;0;0;0;0;0;0;0;0;0;0;0;1
X80   Lesao autoprov intenc precip lugar elevado;0;0;0;0;0;0;0;0;0;0;1;0;0;1;0;1;0;0;0;0;0;3
X84   Lesao autoprov intenc p/meios NE;0;0;0;0;0;1;1;0;0;0;0;0;0;0;0;0;0;0;0;0;0;2
X93   Agressao disparo de arma de fogo de mao;0;0;0;0;0;1;0;0;0;0;0;0;0;0;0;0;0;0;0;0;0;1
X95   Agressao disparo outr arma de fogo ou NE;0;0;0;0;3;1;0;3;0;0;3;0;0;0;0;0;0;0;0;0;0;10
X99   Agressao objeto cortante ou penetrante;0;0;0;0;0;1;1;0;1;0;0;0;0;0;0;0;0;0;0;0;0;3
Y00   Agressao p/meio de um objeto contundente;0;0;0;0;1;1;0;1;1;0;0;0;0;0;0;1;0;0;0;0;0;5
Y09   Agressao p/meios NE;0;0;0;1;0;0;0;1;0;0;0;0;0;0;0;0;0;0;0;0;0;2
Y19   Env out prod quim subst noc e NE int n det;0;0;0;0;0;0;0;0;0;0;1;0;0;1;0;0;0;0;0;0;0;2
Y29   Contato obj contundente intenc n det;0;0;0;0;0;0;0;0;0;1;0;0;1;0;1;0;0;0;0;0;0;3
Y33   Outr fatos ou eventos espec intenc n det;0;0;0;0;0;0;0;0;1;0;0;0;0;0;0;0;0;0;0;0;0;1
Y34   Fatos ou eventos NE e intenc nao determinada;0;0;0;0;0;0;0;0;1;0;0;0;0;1;1;0;0;0;0;0;0;3
Y83   Reac anorm compl tard interv cirurg s/acid;0;0;0;0;0;0;0;0;0;0;0;0;0;0;0;0;0;1;0;0;0;1
Total;90;9;14;13;19;37;39;50;59;101;131;161;214;237;258;399;455;442;277;125;31;3161
