 Mortalidade - Brasil;;;;;;;;;;;;;;;;;;;;;;
Óbitos p/Residênc por Categoria CID-10 e Faixa Etária det;;;;;;;;;;;;;;;;;;;;;;
Unidade da Federação: São Paulo;;;;;;;;;;;;;;;;;;;;;;
Período:2015;;;;;;;;;;;;;;;;;;;;;;
Categoria CID-10;0 a 6 dias;7 a 27 dias;28 a 364 dias;1 a 4 anos;5 a 9 anos;10 a 14 anos;15 a 19 anos;20 a 24 anos;25 a 29 anos;30 a 34 anos;35 a 39 anos;40 a 44 anos;45 a 49 anos;50 a 54 anos;55 a 59 anos;60 a 64 anos;65 a 69 anos;70 a 74 anos;75 a 79 anos;80 anos e mais;Idade ignorada;Total
A02   Outr infecc p/Salmonella;-;-;1;-;-;-;-;-;-;-;-;-;-;-;-;-;2;-;-;-;-;3
A04   Outr infecc intestinais bacter;-;-;4;-;-;-;-;-;-;1;3;3;-;1;2;4;5;7;8;26;-;64
A05   Outr intox alimentares bacter NCOP;-;-;1;1;-;-;-;-;1;-;-;-;-;-;-;-;1;-;1;-;-;5
A06   Amebiase;-;-;-;-;-;-;-;-;-;-;-;-;-;1;1;1;1;-;2;5;-;11
A07   Outr doenc intestinais p/protozoarios;-;-;-;-;-;-;-;-;-;-;-;-;-;-;-;-;1;-;1;-;-;2
A08   Infecc intestinais virais outr e as NE;-;1;-;-;-;-;-;-;-;-;-;-;1;-;1;-;1;3;4;4;-;15
A09   Diarreia e gastroenterite orig infecc presum;-;1;45;13;4;2;3;3;3;5;2;5;13;17;23;34;51;49;78;289;-;640
A15   Tuberc respirat c/conf bacteriol e histolog;-;-;-;-;-;1;1;3;4;2;8;11;11;14;16;9;10;3;2;8;-;103
A16   Tuberc vias respirat s/conf bacter histol;-;-;-;-;1;1;5;23;18;45;43;57;88;81;82;51;52;43;29;44;11;674
A17   Tuberc do sist nervoso;-;-;-;-;-;-;-;2;1;1;1;2;1;1;2;-;-;1;-;-;-;12
A18   Tuberc de outr orgaos;-;-;-;-;-;-;1;2;1;-;2;2;3;1;3;1;1;-;1;5;-;23
A19   Tuberc miliar;-;-;-;-;-;1;1;4;3;2;6;2;4;7;8;10;4;2;2;3;1;60
A21   Tularemia;-;-;-;-;-;-;-;-;-;-;-;-;-;-;-;1;-;-;-;-;-;1
A23   Brucelose;-;-;-;-;-;-;-;-;-;-;-;-;-;-;-;1;-;-;-;-;-;1
A25   Febres transm p/mordedura de rato;-;-;-;-;-;-;-;-;-;-;-;-;-;-;-;-;-;-;1;-;-;1
A26   Erisipeloide;-;-;-;-;-;-;-;-;-;-;-;-;1;1;2;1;-;-;-;-;-;5
A27   Leptospirose;-;-;-;1;-;-;4;4;5;1;4;8;7;3;7;3;3;7;4;-;1;62
A30   Hanseniase;-;-;-;-;-;-;-;-;-;-;-;-;-;-;-;-;-;1;1;1;-;3
A31   Infecc dev outr micobacterias;-;-;-;-;-;-;-;-;1;-;1;2;1;5;3;2;8;6;4;9;-;42
A32   Listeriose;-;-;-;-;-;-;-;-;-;1;-;-;-;-;1;-;-;1;-;1;-;4
A35   Outr tipos de tetano;-;-;-;-;-;-;-;-;-;-;-;-;-;1;1;-;2;-;2;-;-;6
A37   Coqueluche;-;-;10;-;-;-;-;-;-;-;-;-;-;-;-;-;-;-;-;-;-;10
A39   Infecc meningogocica;-;-;8;12;2;7;5;2;4;3;3;3;2;-;2;2;-;1;1;-;-;57
A40   Septicemia estreptococica;-;-;-;-;-;1;-;1;1;-;1;-;1;2;1;-;5;2;2;13;-;30
A41   Outr septicemias;-;-;111;17;10;12;15;19;23;34;59;78;91;153;172;236;309;342;426;1095;4;3206
A42   Actinomicose;-;-;1;-;-;-;-;-;-;-;-;-;-;-;-;1;1;-;-;1;-;4
A43   Nocardiose;-;-;-;-;-;-;-;-;-;-;-;-;-;-;-;-;-;1;-;1;-;2
A44   Bartonelose;-;-;-;-;-;-;-;-;-;-;-;-;-;-;-;-;-;-;-;3;-;3
A46   Erisipela;-;-;-;-;1;-;1;-;1;1;4;10;8;17;22;36;42;37;47;182;-;409
A48   Outr doenc bacter NCOP;1;1;1;1;-;-;1;1;-;-;1;6;2;7;4;7;7;11;20;35;-;106
A49   Infecc bacter de localiz NE;-;-;1;2;-;-;-;-;-;-;-;-;-;2;1;1;5;-;3;9;-;24
A50   Sifilis congen;10;8;3;-;-;-;-;-;-;-;-;-;-;-;-;-;-;-;-;-;-;21
A52   Sifilis tard;-;-;-;-;-;-;-;-;-;1;-;-;-;-;-;1;-;1;-;1;-;4
A53   Outr form e as NE da sifilis;-;-;-;-;-;-;-;-;-;-;-;-;-;-;-;-;1;-;1;-;-;2
A56   Outr infecc p/clamidias transm p/via sexual;-;-;-;-;-;-;-;-;-;-;-;-;-;-;-;-;1;-;-;1;-;2
A63   Outr doenc de transm predom sexual NCOP;-;-;-;-;-;-;-;-;-;-;-;2;-;-;-;-;-;-;-;-;-;2
A69   Outr infecc p/espiroquetas;-;-;-;-;-;-;-;-;-;-;-;1;-;-;1;-;1;1;1;1;-;6
A77   Febre maculosa;-;-;-;2;2;3;3;4;2;2;1;3;3;2;4;2;1;2;-;-;-;36
A81   Infecc p/virus atipicos sist nervoso central;-;-;-;-;-;-;-;-;-;-;-;-;-;3;4;3;-;1;-;1;-;12
A85   Outr encefalites virais NCOP;-;-;-;-;-;-;1;-;-;-;-;-;-;-;-;-;-;-;-;-;-;1
A86   Encefalite viral NE;-;-;-;-;2;2;1;2;4;1;3;3;1;3;2;1;3;6;3;4;-;41
A87   Meningite viral;-;-;-;1;-;-;-;-;2;-;1;1;-;3;1;1;-;2;2;1;-;15
A89   Infecc virais NE do sist nervoso central;-;-;-;-;-;-;-;-;-;-;-;-;-;-;-;-;1;-;-;-;-;1
A90   Dengue;-;-;-;1;-;4;5;3;9;10;6;17;19;17;13;22;25;24;40;87;-;302
A91   Febre hemorragica dev virus do dengue;-;-;1;-;-;2;5;2;3;4;8;7;3;5;15;8;8;15;11;22;-;119
A92   Outr febres virais transm p/mosquitos;-;-;-;-;-;-;-;-;-;-;-;-;-;-;-;-;-;-;-;1;-;1
A96   Febre hemorragica p/arenavirus;-;-;-;-;-;-;-;-;-;-;-;1;-;-;-;-;-;-;-;1;-;2
A98   Outr febres hemorragicas p/virus NCOP;-;-;-;-;-;-;-;-;1;-;-;-;-;1;1;1;1;-;-;-;-;5
A99   Febres hemorragicas virais NE;-;-;-;-;1;1;-;-;-;-;2;-;-;-;2;-;1;-;-;-;-;7
B00   Infecc p/virus do herpes;-;-;-;-;-;-;-;-;-;-;-;1;-;3;-;-;2;3;1;10;-;20
B01   Varicela;-;-;3;5;1;-;1;-;-;-;1;-;-;-;-;-;-;1;1;2;-;15
B02   Herpes zoster;-;-;-;-;-;-;-;-;-;-;-;-;-;1;-;2;2;2;3;15;-;25
B06   Rubeola;-;-;-;-;-;-;-;-;1;-;-;-;-;-;-;-;-;-;-;-;-;1
B09   Inf viral NE caract p/lesoes pele membr muco;-;-;-;-;-;-;-;-;-;-;-;-;-;-;-;1;-;-;-;-;-;1
B15   Hepatite aguda A;-;-;-;-;-;-;-;-;-;-;-;-;-;-;1;-;-;-;-;-;-;1
B16   Hepatite aguda B;-;-;-;-;-;-;-;-;-;-;-;3;3;6;2;-;7;3;2;2;-;28
B17   Outr hepatites virais agudas;-;-;-;-;-;-;-;-;-;-;1;4;5;16;10;9;5;1;3;3;-;57
B18   Hepatite viral cronica;-;-;-;-;-;-;-;1;2;9;22;33;66;108;126;121;91;85;39;60;-;763
B19   Hepatite viral NE;-;-;-;1;1;1;4;1;1;1;5;1;6;4;1;4;4;1;1;1;-;38
B20   Doenc p/HIV result doenc infecc e parasit;-;-;-;1;2;2;17;59;125;221;243;299;345;250;162;97;48;26;17;11;6;1931
B21   Doenc p/HIV result em neopl malig;-;-;-;-;-;-;-;2;4;6;7;10;4;17;8;3;3;2;-;-;-;66
B22   Doenc p/HIV result em outr doenc espec;-;-;-;1;-;-;3;8;19;28;47;47;39;35;32;15;11;6;2;1;-;294
B23   Doenc p/HIV result em outr doenc;-;-;-;-;-;-;1;1;3;2;3;3;9;2;1;2;1;-;1;-;-;29
B24   Doenc p/HIV NE;-;-;1;-;-;-;2;5;16;19;29;47;33;43;19;17;6;4;4;2;-;247
B25   Doenc p/citomegalovirus;-;-;2;1;-;-;-;-;-;2;-;-;-;-;1;-;-;-;-;-;-;6
B26   Caxumba;-;-;-;-;-;-;-;-;-;-;-;-;-;1;-;-;-;-;-;-;-;1
B33   Outr doenc p/virus NCOP;-;-;-;-;-;-;-;-;-;-;1;-;-;1;1;-;-;-;-;-;-;3
B34   Doenc p/virus de localiz NE;-;-;-;1;-;-;-;-;1;-;-;-;-;-;-;1;-;-;1;4;-;8
B37   Candidiase;-;-;4;1;-;-;-;-;-;-;1;-;-;-;2;2;4;1;3;6;-;24
B39   Histoplasmose;-;-;-;-;-;-;-;-;-;-;-;-;-;-;2;-;-;-;2;-;-;4
B40   Blastomicose;-;-;-;-;-;-;-;-;-;-;-;-;-;-;1;3;2;-;-;1;-;7
B41   Paracoccidioidomicose;-;-;-;-;-;-;-;-;2;-;-;1;2;4;2;3;-;1;1;2;-;18
B43   Cromomicose e abscesso feomicotico;-;-;-;-;-;-;1;-;-;1;-;-;-;-;-;-;-;1;-;-;-;3
B44   Aspergilose;-;-;-;-;-;-;-;-;-;-;-;-;-;1;3;1;4;1;3;1;-;14
B45   Criptococose;-;-;-;-;-;-;-;-;1;3;4;5;5;7;9;3;-;1;2;-;-;40
B46   Zigomicose;-;-;-;-;-;-;-;-;-;-;-;-;-;-;-;1;-;-;-;-;-;1
B49   Micose NE;-;-;1;-;-;-;1;-;-;-;1;-;-;-;1;-;3;-;1;1;-;9
B50   Malaria p/Plasmodium falciparum;-;-;-;-;-;-;-;-;-;1;-;-;-;1;-;1;-;-;-;-;-;3
B54   Malaria NE;-;-;-;-;-;-;-;-;-;1;-;-;-;-;-;-;-;-;-;-;-;1
B55   Leishmaniose;-;-;1;-;-;-;1;1;-;-;2;2;2;1;1;2;3;-;1;1;-;18
B57   Doenc de Chagas;-;-;-;-;-;-;-;2;1;2;15;27;44;47;103;116;162;138;158;210;-;1025
B58   Toxoplasmose;-;-;-;1;-;-;1;-;1;-;1;2;1;1;-;1;1;-;-;-;-;10
B59   Pneumocistose;-;-;-;-;-;-;-;1;-;-;-;-;3;8;3;1;3;2;1;-;-;22
B65   Esquistossomose;-;-;-;-;-;-;-;-;-;-;1;3;3;4;5;6;8;7;5;9;-;51
B69   Cisticercose;-;-;-;-;-;-;-;1;-;-;-;1;2;1;2;2;2;1;-;-;-;12
B74   Filariose;-;-;-;-;-;-;-;-;-;-;1;-;-;-;-;-;-;-;-;-;-;1
B77   Ascaridiase;-;-;-;-;-;-;-;1;-;-;1;-;-;-;-;-;-;-;-;-;-;2
B78   Estrongiloidiase;-;-;-;-;-;-;-;-;-;2;-;-;-;1;-;-;-;-;1;2;-;6
B86   Escabiose;-;-;-;-;-;-;-;-;-;-;-;1;-;-;-;-;-;-;-;1;-;2
B87   Miiase;-;-;-;-;-;-;-;-;-;-;-;-;-;-;1;-;1;-;-;5;-;7
B89   Doenc parasit NE;-;-;-;-;-;-;-;-;-;-;-;-;-;-;2;-;-;-;-;-;-;2
B90   Sequelas de tuberc;-;-;-;-;-;-;-;-;2;2;2;1;3;2;7;6;10;5;7;16;-;63
B91   Sequelas de poliomielite;-;-;-;-;-;-;-;1;-;-;1;1;-;1;1;-;-;-;2;-;-;7
B92   Sequelas de hanseniase;-;-;-;-;-;-;-;-;-;-;-;-;-;-;-;-;1;-;-;1;-;2
B94   Sequelas de outr doenc infecc e parasit e NE;-;-;-;1;-;-;-;-;-;-;-;-;1;2;3;-;2;-;-;1;-;10
B99   Doenc infecc outr e as NE;-;-;-;-;1;-;1;1;-;1;-;-;1;1;1;-;2;1;2;5;-;17
C00   Neopl malig do labio;-;-;-;-;-;-;-;-;-;-;-;-;-;2;1;1;1;3;2;5;-;15
C01   Neopl malig da base da lingua;-;-;-;-;-;-;-;-;-;-;-;7;17;24;33;30;20;19;9;9;-;168
C02   Neopl malig outr partes e NE da lingua;-;-;-;-;-;-;-;-;1;-;6;12;24;49;44;45;45;39;18;42;-;325
C03   Neopl malig da gengiva;-;-;-;-;-;-;-;-;-;-;-;-;-;-;1;3;3;-;1;1;-;9
C04   Neopl malig do assoalho da boca;-;-;-;-;-;-;-;-;1;-;1;-;4;12;8;11;7;4;3;7;-;58
C05   Neopl malig do palato;-;-;-;1;-;-;-;-;-;-;2;1;6;7;13;14;9;7;7;10;-;77
C06   Neopl malig outr partes e partes NE da boca;-;-;-;-;-;-;-;-;-;-;3;1;15;27;26;30;36;22;21;33;-;214
C07   Neopl malig da gland parotida;-;-;-;-;-;-;-;-;-;-;-;5;4;3;7;11;9;9;8;22;-;78
C08   Neopl malig outr gland saliv maiores e NE;-;-;-;-;-;-;-;-;1;1;-;-;-;2;3;4;-;2;-;6;-;19
C09   Neopl malig da amigdala;-;-;-;-;-;-;-;-;-;-;-;-;2;10;12;9;6;2;5;5;-;51
C10   Neopl malig da orofaringe;-;-;-;-;-;-;-;1;1;-;1;14;30;55;90;89;55;41;37;32;-;446
C11   Neopl malig da nasofaringe;-;-;-;-;-;-;3;2;1;2;2;6;5;5;4;13;8;7;3;9;-;70
C12   Neopl malig do seio piriforme;-;-;-;-;-;-;-;-;-;-;-;1;1;5;4;4;4;5;1;6;-;31
C13   Neopl malig da hipofaringe;-;-;-;-;-;-;-;-;-;-;1;4;7;16;26;25;22;9;6;8;-;124
C14   Neop mal out loc mal def labio cav oral far;-;-;-;-;-;-;1;-;-;2;1;5;13;19;30;39;39;22;24;18;-;213
C15   Neopl malig do esofago;-;-;-;-;-;-;1;-;3;3;10;47;95;205;289;297;265;195;153;207;2;1772
C16   Neopl malig do estomago;-;-;-;-;-;1;2;8;15;26;63;120;152;241;373;448;470;449;491;727;-;3586
C17   Neopl malig do intestino delgado;-;-;-;-;-;-;-;-;-;4;3;6;11;19;20;35;30;36;40;61;-;265
C18   Neopl malig do colon;-;-;-;-;-;-;2;9;12;34;68;90;135;208;309;448;381;445;424;783;-;3348
C19   Neopl malig da juncao retossigmoide;-;-;-;-;-;-;-;1;1;2;8;9;18;29;25;37;52;45;35;80;-;342
C20   Neopl malig do reto;-;-;-;-;-;2;-;-;5;17;24;35;73;103;141;179;191;167;163;285;-;1385
C21   Neopl malig do anus e do canal anal;-;-;-;-;-;-;-;-;-;-;3;1;5;9;17;6;10;10;6;18;-;85
C22   Neopl malig figado vias biliares intra-hepat;-;-;-;3;2;2;3;6;10;18;34;44;112;169;288;364;343;326;260;441;-;2425
C23   Neopl malig da vesicula biliar;-;-;-;-;-;-;-;-;1;-;5;5;7;14;25;36;27;22;34;35;-;211
C24   Neopl malig outr partes e NE vias biliares;-;-;-;-;-;-;-;-;-;-;5;9;18;32;58;67;72;72;68;127;-;528
C25   Neopl malig do pancreas;-;-;-;-;-;-;1;3;7;13;27;44;92;180;281;335;397;372;375;609;-;2736
C26   Neopl malig outr mal def aparelho digestivo;-;-;-;-;-;-;1;2;3;7;10;25;36;61;68;119;117;127;113;242;-;931
C30   Neopl malig cavidade nasal e do ouvido medio;-;-;-;-;1;-;1;1;1;-;-;1;1;-;3;1;2;1;4;5;-;22
C31   Neopl malig dos seios da face;-;-;-;-;-;-;-;-;-;3;1;2;6;2;3;6;2;5;2;6;-;38
C32   Neopl malig da laringe;-;-;-;-;-;-;-;2;-;2;6;23;66;120;196;221;179;132;89;116;-;1152
C33   Neopl malig da traqueia;-;-;-;-;-;-;-;-;-;-;-;-;2;2;7;3;4;3;2;1;-;24
C34   Neopl malig dos bronquios e dos pulmoes;-;-;-;1;1;2;5;8;10;21;38;82;206;468;785;984;1020;914;872;1159;3;6579
C37   Neopl malig do timo;-;-;1;-;-;-;-;-;-;2;2;1;2;4;1;1;1;-;1;3;-;19
C38   Neopl malig do coracao mediastino e pleura;-;-;1;1;-;-;2;8;11;3;2;8;3;12;26;22;21;20;20;31;1;192
C39   Neop mal out loc mal def ap resp org intrat;-;-;-;-;-;-;-;-;-;-;-;1;4;4;3;5;7;7;10;10;-;51
C40   Neopl malig ossos/cartilag artic membros;-;-;-;-;1;8;11;5;1;2;1;1;4;-;3;2;1;2;6;5;-;53
C41   Neopl malig ossos/cartil artic outr loc e NE;-;-;-;1;2;8;18;19;13;9;13;11;22;20;38;46;32;29;34;49;-;364
C43   Melanoma malig da pele;-;-;-;-;-;-;2;-;8;10;16;20;32;35;55;49;45;71;49;110;-;502
C44   Outr neopl malig da pele;-;-;-;-;-;-;-;1;2;1;2;6;4;15;19;28;28;37;58;186;-;387
C45   Mesotelioma;-;-;-;-;-;-;1;-;-;-;-;2;-;3;8;6;8;3;8;4;-;43
C46   Sarcoma de Kaposi;-;-;-;-;-;-;-;-;1;2;-;2;-;-;2;-;2;3;-;4;-;16
C47   Neopl malig nervos perif e sist nerv autonom;-;-;-;-;-;-;-;2;-;1;2;-;-;1;1;1;1;2;1;1;-;13
C48   Neopl malig tec moles retro- e peritonio;-;-;-;1;-;-;1;-;3;-;5;14;10;29;26;34;44;34;25;52;-;278
C49   Neopl malig tec conjuntivo e outr tec moles;1;-;2;3;7;5;13;9;10;14;19;18;24;25;29;34;38;22;19;45;-;337
C50   Neopl malig da mama;-;-;-;-;-;-;-;5;22;85;152;227;348;448;477;473;401;337;334;686;-;3995
C51   Neopl malig da vulva;-;-;-;-;-;-;-;-;-;-;2;7;4;6;7;9;15;10;14;45;-;119
C52   Neopl malig da vagina;-;-;-;-;-;-;-;-;-;-;1;3;-;1;2;-;3;2;6;5;-;23
C53   Neopl malig do colo do utero;-;-;-;-;-;-;-;5;21;44;53;70;77;88;93;85;90;56;53;70;-;805
C54   Neopl malig do corpo do utero;-;-;-;-;-;-;1;1;1;1;4;9;17;23;52;65;84;67;61;80;-;466
C55   Neopl malig do utero porcao NE;-;-;-;-;-;1;-;-;3;2;14;24;23;43;53;46;67;50;41;82;-;449
C56   Neopl malig do ovario;-;-;-;-;-;3;3;4;3;13;17;45;71;111;128;114;105;110;99;135;-;961
C57   Neopl malig outr org genitais femin e NE;-;-;-;-;-;-;-;1;-;2;1;-;3;8;8;2;7;3;5;13;-;53
C58   Neopl malig da placenta;-;-;-;-;-;-;-;-;-;-;-;-;-;-;-;-;-;1;-;-;-;1
C60   Neopl malig do penis;-;-;-;-;-;-;-;-;2;4;3;1;-;6;6;9;4;10;6;9;-;60
C61   Neopl malig da prostata;-;-;-;-;-;1;-;-;-;2;1;4;14;33;102;194;333;481;590;1198;-;2953
C62   Neopl malig dos testiculos;-;-;-;1;-;-;4;9;20;17;7;5;3;5;6;2;1;2;2;5;-;89
C63   Neopl malig outr org genit masc e NE;-;-;-;-;-;-;-;-;-;1;-;1;-;1;2;1;3;1;3;2;-;15
C64   Neopl malig do rim exceto pelve renal;-;-;1;2;7;2;1;2;5;3;10;16;24;75;90;132;112;124;92;149;-;847
C65   Neopl malig da pelve renal;-;-;-;-;-;-;-;-;-;-;-;-;1;1;2;4;1;4;3;6;-;22
C66   Neopl malig dos ureteres;-;-;-;-;-;-;-;-;-;-;-;-;-;-;2;-;2;3;2;5;-;14
C67   Neopl malig da bexiga;-;-;-;-;-;-;1;-;1;2;2;10;17;29;63;113;140;165;177;435;1;1156
C68   Neopl malig de outr orgaos urinarios e NE;-;-;-;-;-;-;-;1;-;-;1;1;1;7;10;12;9;6;7;19;-;74
C69   Neopl malig do olho e anexos;-;-;1;1;2;-;-;-;1;-;-;-;1;1;2;1;2;4;5;5;-;26
C70   Neopl malig das meninges;-;-;-;1;-;-;-;-;1;-;2;3;1;6;6;5;1;3;2;4;-;35
C71   Neopl malig do encefalo;-;-;5;17;32;21;24;28;33;49;78;93;113;164;222;233;212;182;203;195;-;1904
C72   Neop mal med esp nerv cran out sist nerv cen;-;-;2;8;7;5;8;5;2;7;4;9;10;26;22;32;22;20;26;29;-;244
C73   Neopl malig da gland tireoide;-;-;-;-;-;-;-;-;1;2;-;3;7;10;12;18;23;19;24;45;-;164
C74   Neopl malig da gland supra-renal;-;-;2;11;13;3;2;1;1;1;2;5;2;8;14;12;6;4;2;9;-;98
C75   Neopl malig outr gland endocrinas estr relac;-;-;1;2;-;1;2;5;2;3;6;1;5;5;7;6;8;5;3;10;-;72
C76   Neopl malig outr localiz e mal definidas;1;-;-;-;-;-;4;5;9;9;7;19;42;65;100;101;99;80;102;182;1;826
C77   Neopl malig secund e NE gangl linfaticos;-;-;-;-;-;-;-;-;-;1;-;1;1;3;3;2;1;5;2;7;-;26
C78   Neopl malig secund org respirat e digestivos;-;-;-;-;-;-;-;-;1;7;6;12;33;55;62;101;88;94;87;136;-;682
C79   Neopl malig secund de outr localiz;-;-;-;-;-;1;1;2;3;2;10;11;15;30;36;45;38;51;51;67;-;363
C80   Neopl malig s/especificacao de localiz;-;1;-;-;-;3;2;8;8;18;23;45;70;134;215;223;244;218;217;378;1;1808
C81   Doenc de Hodgkin;-;-;-;-;-;2;6;10;12;14;11;6;5;9;10;7;10;8;6;13;-;129
C82   Linfoma nao-Hodgkin folicular;-;-;-;-;-;-;-;1;-;-;2;4;1;7;1;6;6;4;10;3;-;45
C83   Linfoma nao-Hodgkin difuso;-;-;-;-;5;6;6;2;3;6;3;8;5;5;8;11;19;15;14;24;-;140
C84   Linfomas de celulas T cutaneas e perifericas;-;-;-;-;-;1;2;1;1;1;2;1;2;5;3;12;7;6;4;11;-;59
C85   Linfoma nao-Hodgkin de outr tipos e tipo NE;-;-;-;1;2;3;9;11;22;25;13;39;56;54;88;103;97;94;104;177;1;899
C88   Doenc imunoproliferativas malignas;-;-;-;-;-;-;-;-;-;-;1;-;1;-;2;-;3;-;-;2;-;9
C90   Mieloma mult e neopl malig de plasmocitos;-;-;-;-;-;-;-;1;1;2;9;10;16;51;93;113;145;138;110;160;-;849
C91   Leucemia linfoide;-;-;7;8;17;26;30;22;17;21;21;18;14;17;28;43;41;30;36;76;-;472
C92   Leucemia mieloide;-;-;-;11;12;18;20;24;32;28;42;34;43;65;78;95;93;110;66;158;1;930
C93   Leucemia monocitica;-;-;-;-;-;-;-;-;-;-;-;-;1;-;-;-;2;2;4;3;-;12
C94   Outr leucemias de celulas de tipo espec;-;-;-;-;-;1;-;-;-;2;-;-;2;-;1;3;2;6;6;4;-;27
C95   Leucemia de tipo celular NE;-;-;1;1;-;1;4;6;5;2;7;8;9;10;10;22;28;41;30;78;-;263
C96   Outr neopl mal e NE tec linf hematop e corr;-;-;-;-;-;2;-;1;-;1;-;-;1;3;2;3;2;4;6;8;-;33
C97   Neopl malig de localiz mult independentes;-;-;-;-;-;-;-;-;-;1;-;2;4;-;2;1;1;1;5;10;-;27
D00   Carcinoma in situ cav oral esofago estomago;-;-;-;-;-;-;-;1;-;-;-;-;1;-;3;-;-;3;-;2;-;10
D01   Carcinoma in situ de outr orgaos digestivos;-;-;-;-;-;-;-;1;-;-;-;-;-;1;4;1;2;-;-;4;-;13
D02   Carcinoma in situ ouvido medio e ap respirat;-;-;-;-;-;-;-;-;-;-;1;-;4;3;3;5;6;3;4;3;-;32
D03   Melanoma in situ;-;-;-;-;-;-;-;-;-;-;-;-;-;-;-;1;1;1;1;2;-;6
D04   Carcinoma in situ da pele;-;-;-;-;-;-;-;-;-;-;-;-;2;1;-;1;2;-;4;9;-;19
D05   Carcinoma in situ da mama;-;-;-;-;-;-;-;-;-;-;1;1;1;1;-;1;2;1;1;-;-;9
D06   Carcinoma in situ do colo do utero;-;-;-;-;-;-;-;-;-;1;-;-;-;-;1;-;3;1;1;1;-;8
D07   Carcinoma in situ outr orgaos genitais e NE;-;-;-;-;-;-;-;-;-;-;-;-;1;-;-;1;-;-;2;4;-;8
D09   Carcinoma in situ de outr localiz e das NE;-;-;-;-;-;-;-;-;-;1;-;1;-;3;2;4;1;2;7;6;-;27
D10   Neopl benig da boca e da faringe;-;-;-;-;-;-;-;-;-;-;-;-;-;-;1;-;-;-;1;1;-;3
D12   Neopl benig do colon reto canal anal e anus;-;-;-;-;-;-;-;-;-;-;-;-;-;-;-;-;-;1;-;2;-;3
D13   Neopl benig outr part e mal def ap digestivo;-;-;-;-;-;-;-;-;-;-;-;1;-;-;1;1;3;3;2;2;-;13
D14   Neopl benig ouvido medio e aparelho respirat;-;-;-;-;-;-;-;-;-;-;-;-;-;-;1;1;1;-;1;4;-;8
D15   Neopl benig outr orgaos intratoracicos e NE;-;-;-;-;-;-;-;-;-;-;-;-;1;-;1;-;1;-;-;-;-;3
D16   Neopl benig de osso e cartilagem articular;-;-;-;-;-;-;-;-;-;-;-;-;-;1;-;-;-;2;-;1;-;4
D17   Neopl lipomatosa benig;-;-;-;-;-;-;-;-;-;-;-;-;-;-;-;-;-;1;-;-;-;1
D18   Hemangioma e linfangioma de qualquer localiz;-;-;-;-;1;-;-;-;-;-;1;-;2;2;3;1;2;4;1;3;-;20
D19   Neopl benig de tec mesotelial;-;-;-;-;-;-;-;-;-;-;-;-;-;-;1;-;1;2;1;-;-;5
D21   Outr neopl benig tec conj e outr tec moles;-;-;-;-;-;-;-;-;-;-;1;1;2;-;-;-;-;-;1;-;-;5
D22   Nevos melanociticos;-;-;-;-;-;-;-;-;-;-;-;-;-;-;-;-;1;-;-;-;-;1
D24   Neopl benig da mama;-;-;-;-;-;-;-;-;-;-;-;-;-;1;-;-;-;-;-;-;-;1
D25   Leiomioma do utero;-;-;-;-;-;-;-;-;-;-;-;1;2;1;-;1;1;-;-;1;-;7
D26   Outr neopl benig do utero;-;-;-;-;-;-;-;-;-;1;1;2;-;-;-;1;1;-;1;-;-;7
D27   Neopl benig do ovario;-;-;-;-;-;-;-;-;-;-;-;-;-;-;-;-;2;-;1;-;-;3
D29   Neopl benig dos orgaos genitais masc;-;-;-;-;-;-;-;-;-;-;-;-;-;-;-;-;-;-;1;2;-;3
D30   Neopl benig dos orgaos urinarios;-;-;-;-;-;-;-;-;-;-;-;-;-;-;-;2;-;-;-;-;-;2
D32   Neopl benig das meninges;-;-;-;-;-;-;-;3;-;1;1;3;1;5;7;11;8;9;4;8;-;61
D33   Neopl benig encef e out part sist nerv centr;-;-;-;-;-;-;1;2;1;2;-;2;3;-;2;1;3;2;3;1;-;23
D35   Neopl benig de outr gland endocrinas e NE;-;-;-;-;-;-;-;-;-;1;-;-;1;2;-;8;-;2;2;1;-;17
D36   Neopl benig de outr localiz e de localiz NE;-;-;-;-;-;-;-;1;-;-;-;1;2;-;-;2;2;-;-;1;-;9
D37   Neopl comp incerto/desc cav oral e org dig;-;-;-;-;-;-;-;-;-;-;-;1;3;6;6;8;7;10;13;21;-;75
D38   Neopl comp inc/desc ouv med org resp intrat;-;-;-;-;-;-;-;-;-;1;1;3;-;4;3;11;6;10;12;10;2;63
D39   Neopl comp incerto/desconh org genitais fem;-;-;-;-;-;-;-;-;-;1;-;-;1;2;1;2;-;-;-;4;-;11
D40   Neopl comp incerto/desconh org genitais masc;-;-;-;-;-;-;-;-;-;-;-;-;-;-;-;1;2;-;3;6;-;12
D41   Neopl comp incerto/desconh orgaos urinarios;-;-;-;-;-;-;-;-;-;1;-;-;-;1;2;3;1;2;4;10;-;24
D42   Neopl comp incerto/desconhecido meninges;-;-;-;-;-;-;-;1;-;-;-;-;-;1;1;-;-;1;-;1;-;5
D43   Neopl comp inc/desc encefalo sist nerv centr;-;-;1;1;-;-;1;2;-;2;2;5;8;6;10;8;10;11;7;12;-;86
D44   Neopl comp incerto/desconh gland endocrinas;-;-;-;-;1;-;1;-;2;1;-;4;-;6;1;1;-;1;2;2;-;22
D45   Policitemia vera;-;-;-;-;-;1;-;-;1;-;-;-;-;-;1;-;2;1;1;6;-;13
D46   Sindr mielodisplasicas;-;-;-;3;3;1;1;-;1;1;3;-;4;5;9;9;22;25;47;102;-;236
D47   Out neop comp inc/des tec linf hemat tec cor;-;-;-;-;-;-;1;-;2;5;1;2;6;4;4;15;11;13;14;35;-;113
D48   Neopl comp inc/desconh outr localiz e NE;-;-;1;-;-;-;-;-;-;1;1;-;3;3;9;9;12;6;13;15;-;73
D50   Anemia p/defic de ferro;-;-;-;2;-;1;1;1;-;-;-;1;-;1;-;-;3;2;4;10;-;26
D51   Anemia p/defic de vitamina B12;-;-;-;-;-;-;-;-;-;-;1;-;-;-;-;-;-;-;-;-;-;1
D52   Anemia p/defic de folato;-;-;-;-;-;-;-;-;-;-;1;-;-;-;1;-;-;-;-;1;-;3
D53   Outr anemias nutricionais;-;-;-;-;-;-;-;-;-;1;-;-;3;-;5;4;4;5;9;32;1;64
D55   Anemia dev transt enzimaticos;-;-;-;-;-;-;-;-;-;-;-;-;-;-;-;1;-;-;-;-;-;1
D56   Talassemia;-;-;-;-;-;-;-;-;-;-;-;-;-;1;-;-;-;1;-;2;-;4
D57   Transt falciformes;-;-;-;3;2;6;8;13;3;12;10;8;9;4;2;2;-;1;1;-;-;84
D58   Outr anemias hemoliticas hereditarias;-;-;-;-;-;-;-;-;-;-;2;-;1;1;2;3;1;2;-;5;-;17
D59   Anemia hemolitica adquir;-;-;-;2;-;-;-;-;1;-;-;-;3;3;-;1;5;2;-;5;-;22
D60   Aplasia pura da serie vermelha adquir;-;-;-;-;-;-;-;1;-;-;-;-;-;-;-;-;1;1;2;3;-;8
D61   Outr anemias aplasticas;-;-;1;4;4;5;6;2;4;4;8;7;12;14;7;15;13;15;15;23;-;159
D62   Anemia aguda pos-hemorragica;-;-;1;-;-;-;-;1;1;-;2;1;1;2;1;1;-;1;1;5;-;18
D64   Outr anemias;-;-;2;1;-;-;2;-;2;1;3;4;4;6;23;17;20;26;45;142;-;298
D65   Coagulacao intravascular disseminada;-;-;2;2;1;-;-;2;-;1;2;2;2;-;1;4;6;4;4;8;-;41
D66   Defic hereditaria do fator VIII;-;-;-;-;-;-;-;-;-;1;-;-;-;1;1;-;-;-;-;-;-;3
D67   Defic hereditaria do fator IX;-;-;-;-;-;-;-;-;-;-;-;-;-;1;-;-;-;-;-;-;-;1
D68   Outr defeitos da coagulacao;1;1;1;1;-;1;1;4;1;5;7;3;6;11;9;9;16;14;19;32;-;142
D69   Purpura e outr afeccoes hemorragicas;1;-;1;1;2;1;1;1;2;3;8;5;2;12;8;5;4;14;8;25;-;104
D70   Agranulocitose;-;-;2;1;-;1;-;1;1;-;1;2;1;2;4;4;7;5;9;3;-;44
D71   Transt func neutrofilos polimorfonucleares;-;-;-;-;-;-;-;-;-;-;1;-;-;-;-;-;-;1;-;1;-;3
D72   Outr transt dos globulos brancos;-;-;-;-;1;-;-;-;-;-;-;1;-;-;-;-;1;-;-;-;-;3
D73   Doenc do baco;-;-;-;-;-;-;1;-;-;-;-;2;2;1;1;4;3;-;1;4;-;19
D74   Metemoglobinemia;-;-;-;1;-;-;-;-;-;-;-;-;-;-;-;-;-;-;-;-;-;1
D75   Outr doenc sangue e orgaos hematopoeticos;-;-;-;-;-;-;1;-;1;1;-;2;1;-;3;4;2;2;3;6;-;26
D76   Alg doenc q env tec linforr e sist reticuloh;-;-;3;6;2;-;-;-;1;-;-;2;-;1;3;-;1;-;1;-;-;20
D80   Imunodefic c/predom defeitos anticorpos;-;-;-;-;1;-;-;-;-;-;-;-;-;-;-;-;-;1;-;-;-;2
D81   Defic imunitarias combinadas;-;-;1;-;-;-;-;-;-;-;1;-;-;-;-;-;-;-;-;-;-;2
D82   Imunodeficiencia assoc c/outr defeitos major;-;-;2;-;1;-;-;1;-;-;-;-;-;-;-;-;-;2;-;-;-;6
D83   Imunodeficiencia comum variavel;-;-;-;-;-;-;-;-;-;-;-;1;-;-;-;-;-;-;-;-;-;1
D84   Outr imunodeficiencias;-;-;1;2;1;1;1;-;1;1;-;2;2;9;3;4;9;1;6;5;-;49
D86   Sarcoidose;-;-;-;-;-;1;-;-;-;1;-;-;-;-;1;2;1;1;-;4;-;11
D89   Outr transt q comprom mecanismo imunit NCOP;-;-;-;-;-;-;-;-;-;-;-;-;-;1;1;1;-;-;-;-;-;3
E01   Transt tireoid e afecc assoc rel defic iodo;-;-;-;-;-;-;-;-;-;-;-;-;-;-;-;-;-;-;1;1;-;2
E02   Hipotireoidismo subclinico p/defic de iodo;-;-;-;-;-;-;-;-;-;-;-;-;-;-;-;-;-;-;-;1;-;1
E03   Outr hipotireoidismos;-;-;3;1;-;-;1;2;-;2;2;-;-;4;3;7;8;9;10;53;-;105
E04   Outr bocios nao-toxicos;-;-;-;-;-;-;-;-;-;-;-;-;-;1;-;-;-;-;-;6;-;7
E05   Tireotoxicose;-;-;1;-;-;-;-;1;3;4;1;6;-;3;1;-;1;-;3;5;-;29
E07   Outr transt da tireoide;-;-;-;-;-;-;-;-;-;-;-;1;-;-;-;2;-;-;1;1;-;5
E10   Diabetes mellitus insulino-dependente;-;-;-;-;1;3;3;7;3;13;12;15;18;26;43;57;74;56;50;99;-;480
E11   Diabetes mellitus nao-insulino-dependemte;-;-;-;-;-;-;3;3;1;3;5;10;19;25;50;67;93;104;116;229;-;728
E12   Diabetes mellitus relac c/a desnutr;-;-;-;-;-;-;-;-;1;1;-;-;1;5;5;5;6;7;10;16;-;57
E13   Outr tipos espec de diabetes mellitus;-;-;-;-;-;-;-;-;-;-;1;-;-;-;2;3;4;6;9;16;-;41
E14   Diabetes mellitus NE;-;-;-;1;-;1;6;17;31;39;69;163;234;384;638;917;1158;1161;1281;2832;-;8932
E15   Coma hipoglicemico nao-diabetico;-;-;-;-;-;-;-;1;-;-;-;-;-;-;1;1;3;-;1;2;-;9
E16   Outr transt da secrecao pancreatica interna;-;-;-;-;-;-;-;-;2;1;-;1;3;7;4;6;6;5;7;15;-;57
E20   Hipoparatireoidismo;-;-;-;-;-;-;-;-;-;-;-;-;-;-;-;-;-;1;-;-;-;1
E21   Hiperparatireoid e out transt gland paratir;-;-;-;-;-;-;-;-;-;-;2;-;-;1;-;-;-;-;2;1;-;6
E22   Hiperfuncao da hipofise;-;-;-;-;-;-;-;-;-;-;-;-;-;-;-;-;-;-;1;1;-;2
E23   Hipofuncao e outr transt da hipofise;-;-;-;1;-;-;-;-;-;1;-;1;-;-;-;-;-;3;-;-;-;6
E24   Sindr de Cushing;-;-;-;-;-;-;-;-;-;-;2;1;-;-;-;1;1;-;-;-;-;5
E25   Transt adrenogenitais;-;-;1;-;-;-;-;-;-;-;-;-;-;1;-;1;-;-;-;-;-;3
E27   Outr transt da gland supra-renal;-;-;-;1;-;-;-;-;-;1;1;1;1;-;-;2;-;1;1;2;-;11
E34   Outr transt endocrinos;-;-;-;-;-;-;-;-;-;-;-;-;-;-;-;2;1;-;1;2;-;6
E40   Kwashiorkor;-;-;1;-;-;-;-;-;-;-;-;-;-;-;-;-;-;-;1;5;-;7
E41   Marasmo nutricional;-;-;1;-;-;-;-;-;-;-;-;1;2;5;1;6;7;7;8;48;-;86
E42   Kwashiorkor marasmatico;-;-;-;-;-;-;-;-;-;-;-;-;-;-;1;-;-;-;-;-;-;1
E43   Desnutric proteico-calorica grave NE;-;-;8;3;-;-;3;-;-;1;3;2;6;7;13;17;10;16;32;112;-;233
E44   Desnutric proteico-calorica grau moder leve;-;-;1;-;-;-;-;-;1;1;1;1;1;2;1;2;2;2;6;27;-;48
E45   Atraso desenv dev desnutric proteico-caloric;-;-;-;-;-;-;-;-;-;-;-;-;-;1;-;-;-;1;-;-;-;2
E46   Desnutric proteico-calorica NE;-;-;9;4;1;3;1;-;2;4;4;11;13;18;19;35;40;50;79;376;3;672
E51   Defic de tiamina;-;-;-;-;-;-;-;-;-;1;-;-;-;2;-;-;1;-;-;-;-;4
E52   Defic de niacina;-;-;-;-;-;-;-;-;-;-;-;1;-;1;-;-;-;-;-;-;-;2
E53   Defic de outr vitaminas do grupo B;-;-;-;-;-;-;-;-;-;1;-;-;-;-;-;-;-;-;-;-;-;1
E54   Defic de acido ascorbico;-;-;-;-;-;-;-;-;-;-;-;-;-;-;-;-;-;-;1;-;-;1
E63   Outr defic nutricionais;-;-;-;-;-;-;-;-;-;-;-;-;-;-;1;-;-;1;1;2;-;5
E64   Sequelas desnutric e outr defic nutricionais;-;-;-;-;-;-;1;-;-;-;-;-;-;-;1;-;3;-;1;4;-;10
E66   Obesidade;-;-;-;1;1;4;4;8;11;30;40;57;51;66;76;76;88;66;50;54;-;683
E67   Outr form de hiperalimentacao;-;-;-;-;-;-;-;-;-;-;-;-;-;-;-;-;-;-;1;-;-;1
E70   Disturbios metabolism aminoacidos aromaticos;-;-;-;-;-;-;-;-;-;-;-;-;-;-;-;-;-;-;-;3;-;3
E71   Dist metab aminoacidos cad ramif e acid grax;-;-;1;-;2;2;1;-;1;-;-;-;-;-;-;-;-;1;-;-;-;8
E72   Outr disturbios metabolismo de aminoacidos;-;-;1;1;-;-;-;-;-;-;-;-;-;-;-;-;1;-;-;3;-;6
E74   Outr disturbios do metabolismo carboidratos;1;1;5;-;-;-;1;-;-;-;-;-;-;-;1;-;1;-;-;3;-;13
E75   Disturb metab esfingolip e outr depos lipid;-;-;2;1;5;-;2;-;-;-;-;-;-;-;-;-;-;-;-;-;-;10
E76   Disturbios metabolismo do glicosaminoglicano;-;-;1;-;-;5;2;1;-;-;-;-;-;-;-;-;-;-;-;-;-;9
E77   Disturbios do metabolismo de glicoproteinas;-;-;1;-;-;-;-;-;-;-;-;-;2;-;1;-;-;-;2;3;-;9
E78   Disturbios metab lipoproteinas e out lipidem;1;-;-;-;-;-;-;-;2;2;9;13;9;19;30;32;36;33;39;120;-;345
E79   Disturbios metabolismo purina e pirimidina;-;-;-;-;-;-;-;-;-;-;-;-;-;-;-;-;-;-;1;1;-;2
E80   Disturbios metab porfirina e bilirrubina;-;-;-;-;-;-;-;-;-;-;-;1;1;-;-;-;-;1;1;3;-;7
E83   Disturbios do metabolismo de minerais;-;-;1;1;-;-;1;1;-;1;2;2;2;3;3;3;4;1;7;12;-;44
E84   Fibrose cistica;-;-;2;1;2;5;2;5;4;2;-;1;2;4;2;2;6;-;1;11;-;52
E85   Amiloidose;-;-;-;-;-;-;1;-;-;-;-;1;5;6;7;2;7;8;4;4;-;45
E86   Deplecao de volume;-;-;2;1;-;-;-;1;-;2;3;2;1;5;11;10;14;29;56;288;-;425
E87   Outr transt equil hidroeletr e acido-basic;1;1;4;4;1;2;1;1;-;1;3;2;9;4;9;16;18;22;22;141;-;262
E88   Outr disturbios metabolicos;1;2;7;2;-;1;2;1;1;-;-;1;6;2;12;4;2;14;18;63;-;139
F01   Demencia vascular;-;-;-;-;-;-;-;-;-;-;-;-;1;-;-;4;3;3;15;88;-;114
F03   Demencia NE;-;-;-;-;-;-;-;-;-;-;-;1;-;2;1;10;14;42;79;805;-;954
F05   Delirium nao induz alcool outr subst psicoat;-;-;-;-;-;-;-;-;-;-;-;-;-;-;-;-;3;3;4;17;-;27
F06   Outr transt ment lesao disf cereb doenc fis;-;-;-;-;-;-;-;-;-;-;-;1;-;-;1;1;-;-;-;-;-;3
F09   Transt mental organico ou sintomatico NE;-;-;-;-;-;-;-;-;-;-;-;-;-;-;-;-;-;1;-;-;-;1
F10   Transt mentais comport dev uso alcool;-;-;-;-;-;-;-;2;4;34;58;87;125;132;127;97;65;37;27;19;2;816
F11   Transt mentais e comport dev uso de opiaceos;-;-;-;-;-;-;-;-;-;-;-;1;-;-;-;-;1;-;-;-;-;2
F12   Transt mentais comport dev uso canabinoides;-;-;-;-;-;-;1;-;-;-;-;1;-;-;-;-;-;-;-;-;-;2
F14   Transt mentais e comport dev uso da cocaina;-;-;-;-;-;-;1;1;2;2;4;-;1;-;-;1;-;1;-;-;-;13
F15   Transt ment comp uso outr estim incl cafeina;-;-;-;-;-;-;-;-;-;-;-;-;-;1;-;-;-;1;-;-;-;2
F16   Transt mentais comport dev uso alucinogenos;-;-;-;-;-;-;1;-;-;-;1;-;-;-;1;-;-;-;-;-;-;3
F17   Transt mentais e comport dev uso de fumo;-;-;-;-;-;-;-;2;-;1;5;11;17;23;22;28;21;28;21;27;-;206
F18   Transt mentais comport dev uso solv volateis;-;-;-;-;-;-;1;-;-;-;-;-;-;-;-;-;-;-;-;-;-;1
F19   Transt ment comp mult drog out subst psicoat;-;-;-;-;-;-;4;7;5;11;5;2;4;4;2;1;2;-;1;-;1;49
F20   Esquizofrenia;-;-;-;-;-;-;-;1;-;2;2;5;12;9;10;12;9;12;8;10;-;92
F23   Transt psicoticos agudos e transitorios;-;-;-;-;-;-;-;-;1;-;-;-;-;-;-;-;-;-;-;-;-;1
F25   Transt esquizoafetivos;-;-;-;-;-;-;-;-;-;-;-;-;-;-;-;-;-;-;1;-;-;1
F29   Psicose nao-organica NE;-;-;-;-;-;-;-;-;1;-;1;-;-;-;2;-;1;-;-;1;-;6
F30   Episodio maniaco;-;-;-;-;-;-;-;-;-;-;-;-;-;-;-;-;-;-;-;1;-;1
F31   Transt afetivo bipolar;-;-;-;-;-;-;-;1;-;-;3;1;1;1;-;3;1;-;1;-;-;12
F32   Episodios depressivos;-;-;-;-;-;-;-;-;-;3;1;1;6;3;5;3;6;3;8;23;-;62
F33   Transt depressivo recorrente;-;-;-;-;-;-;-;-;-;-;-;1;-;2;1;4;-;-;-;1;-;9
F41   Outr transt ansiosos;-;-;-;-;-;-;-;-;-;-;-;1;-;-;-;-;2;-;-;2;-;5
F42   Transt obsessivo-compulsivo;-;-;-;-;-;-;-;-;-;-;-;-;-;-;-;1;1;-;-;-;-;2
F43   Reacoes ao stress grave e transt adaptacao;-;-;-;-;-;-;-;-;-;-;-;-;-;-;1;-;-;1;-;-;-;2
F44   Transt dissociativos;-;-;-;-;-;-;-;-;-;-;-;-;-;-;-;-;1;-;-;-;-;1
F48   Outr transt neuroticos;-;-;-;-;-;-;-;-;-;-;1;-;-;-;-;-;-;-;-;-;-;1
F50   Transt da alimentacao;-;-;-;-;-;-;-;1;-;-;-;-;-;-;-;-;1;-;1;3;-;6
F55   Abuso de subst que nao produzem dependencia;-;-;-;-;-;-;-;-;-;-;-;-;-;-;-;-;-;-;1;-;-;1
F70   Retardo mental leve;-;-;-;-;-;-;-;-;-;-;-;-;-;-;1;-;-;-;-;-;-;1
F71   Retardo mental moderado;-;-;-;-;-;-;-;-;-;-;-;-;-;-;-;-;-;-;-;2;-;2
F72   Retardo mental grave;-;-;-;-;-;-;-;-;-;-;-;1;-;1;-;-;-;-;-;-;-;2
F79   Retardo mental NE;-;-;-;-;-;-;-;-;-;1;1;-;-;1;1;2;-;1;1;2;-;10
F80   Transt especificos desenvolv fala linguagem;-;-;-;-;-;-;-;-;-;-;-;-;-;1;-;-;-;-;-;-;-;1
F84   Transt globais do desenvolv;-;-;1;-;-;2;2;1;-;1;-;-;-;-;-;-;-;-;-;-;-;7
F90   Transt hipercineticos;-;-;-;-;-;1;-;-;-;-;-;-;-;-;-;-;-;-;-;-;-;1
F91   Disturbios de conduta;-;-;-;-;-;-;-;-;-;-;-;-;-;-;-;1;-;-;-;-;-;1
F94   Transt func soc c/inicio infancia adolesc;-;-;-;-;-;-;-;-;-;-;-;-;-;-;1;-;-;-;-;-;-;1
F99   Transt mental NE em outr parte;-;-;-;-;-;-;-;-;-;2;-;-;4;1;3;1;1;-;-;2;-;14
G00   Meningite bacter NCOP;1;4;17;14;5;6;4;4;9;9;16;18;19;16;22;24;25;11;11;16;-;251
G03   Meningite dev outr causas e a causas NE;-;5;7;2;3;1;2;7;9;2;3;6;7;7;5;2;4;4;4;6;1;87
G04   Encefalite mielite e encefalomielite;-;-;1;7;-;2;3;3;2;2;6;3;10;3;10;8;2;6;9;5;1;83
G06   Abscesso granuloma intracran intra-raquid;-;-;-;-;-;1;2;2;3;2;2;2;2;4;2;4;4;2;1;2;-;35
G08   Flebite tromboflebite intracran intra-raquid;-;-;-;-;-;-;-;-;1;1;1;3;-;-;1;-;-;-;-;-;-;7
G09   Sequelas doenc inflam sist nerv centr;-;-;-;-;-;1;2;3;-;1;2;2;1;2;1;1;2;4;2;9;-;33
G10   Doenc de Huntington;-;-;-;-;1;-;-;-;-;-;2;-;3;5;5;4;2;-;2;1;-;25
G11   Ataxia hereditaria;-;-;-;-;-;1;1;2;-;-;2;1;1;1;1;2;-;1;1;1;-;15
G12   Atrofia muscular espinal e sindr correlatas;-;-;2;4;-;1;4;1;-;3;4;9;15;38;40;57;56;47;35;24;-;340
G20   Doenc de Parkinson;-;-;-;-;-;-;-;-;-;-;-;-;2;6;16;18;52;83;180;514;-;871
G21   Parkinsonismo secund;-;-;-;-;-;-;-;-;-;-;-;1;3;1;-;3;-;-;1;-;-;9
G23   Outr doenc degenerativas dos ganglios base;-;-;-;-;-;-;-;-;-;-;-;-;-;1;2;2;2;-;1;1;-;9
G25   Outr doenc extrapiramidais transt movimentos;-;-;-;-;-;-;-;-;-;-;-;2;-;-;1;-;2;-;1;-;-;6
G30   Doenc de Alzheimer;-;-;-;-;-;-;-;-;-;2;-;1;1;3;14;41;104;276;653;4002;-;5097
G31   Outr doenc degenerativas sist nervoso NCOP;-;-;2;3;-;1;2;1;2;5;3;2;6;8;10;16;11;18;28;202;-;320
G35   Esclerose mult;-;-;-;-;-;1;1;-;-;2;3;8;7;16;12;10;8;7;4;3;-;82
G36   Outr desmielinizacoes disseminadas agudas;-;-;-;-;-;-;-;-;-;-;2;-;1;-;1;2;-;-;-;-;-;6
G37   Outr doenc desmielinizantes sist nerv centr;-;-;-;-;-;-;-;2;1;1;2;-;-;4;-;-;3;4;3;2;-;22
G40   Epilepsia;-;-;3;3;4;11;12;13;12;27;26;27;33;33;34;37;23;25;23;45;-;391
G41   Estado de mal epileptico;-;-;-;5;2;1;3;3;3;7;5;-;2;7;3;3;4;10;7;10;-;75
G45   Acid vasc cerebr isquemicos trans sindr corr;-;-;-;-;-;-;-;-;-;-;-;1;-;3;2;-;2;2;2;6;-;18
G47   Disturbios do sono;-;-;-;-;-;-;-;-;-;-;-;-;-;3;1;-;1;-;-;-;-;5
G58   Outr mononeuropatias;-;-;2;1;1;2;-;-;-;-;-;-;1;2;-;-;1;-;1;2;-;13
G60   Neuropatia hereditaria e idiopatica;-;-;-;-;1;-;2;-;-;-;-;-;-;2;3;-;-;1;2;2;-;13
G61   Polineuropatia inflam;-;-;-;-;-;-;-;-;1;2;2;4;3;7;3;3;7;7;5;8;-;52
G62   Outr polineuropatias;-;-;1;1;6;1;1;6;1;2;4;-;2;10;5;6;7;5;3;14;-;75
G64   Outr transt do sist nervoso periferico;-;-;-;-;-;-;-;1;-;-;-;-;-;-;-;-;-;-;-;1;-;2
G70   Miastenia gravis outr transt neuromusculares;-;-;-;-;3;1;1;1;1;2;1;1;3;2;2;4;10;4;4;16;-;56
G71   Transt prim dos musculos;-;-;2;1;2;8;12;12;9;2;2;4;2;8;7;8;3;3;-;2;-;87
G72   Outr miopatias;-;-;-;-;-;-;1;1;-;-;-;-;1;1;2;1;1;-;-;-;-;8
G80   Paralisia cerebral;1;-;5;18;18;29;54;46;27;20;15;9;17;7;6;3;3;3;2;9;-;292
G81   Hemiplegia;-;-;-;-;-;-;-;-;-;-;-;1;-;-;-;-;-;-;-;-;-;1
G82   Paraplegia e tetraplegia;-;-;-;-;-;1;-;1;3;6;5;1;3;6;1;3;5;1;-;1;-;37
G83   Outr sindr paraliticas;-;-;-;-;-;-;1;2;-;-;1;-;-;-;-;1;1;-;-;3;-;9
G90   Transt do sist nervoso autonomo;1;-;-;-;-;-;1;-;-;-;-;1;-;1;1;3;1;1;1;2;-;13
G91   Hidrocefalia;-;-;11;18;6;3;4;5;4;3;8;4;8;3;12;8;14;10;12;24;-;157
G92   Encefalopatia toxica;-;-;-;-;-;-;-;-;-;-;-;-;-;-;1;2;1;-;1;1;-;6
G93   Outr transt do encefalo;-;1;18;29;23;9;21;23;27;22;25;26;41;48;49;51;53;53;54;96;-;669
G95   Outr doenc da medula espinal;-;-;-;-;-;-;-;-;1;-;-;1;1;3;1;2;2;4;1;10;-;26
G96   Outr transt do sist nervoso central;-;-;-;1;-;-;-;1;-;-;2;-;-;-;-;4;1;-;1;4;-;14
G98   Outr transt do sist nervoso NCOP;-;-;-;-;-;-;-;1;-;-;-;-;2;-;-;4;2;3;1;9;-;22
H05   Transt da orbita;-;-;-;-;-;-;-;-;1;-;-;-;-;-;-;-;-;-;-;1;-;2
H44   Transt do globo ocular;-;-;-;-;-;-;-;-;-;-;-;-;-;1;-;-;-;-;-;-;-;1
H60   Otite externa;-;-;-;-;-;-;-;-;-;-;-;-;-;-;-;-;-;-;1;-;-;1
H65   Otite media nao-supurativa;-;-;-;-;-;-;-;-;-;-;-;-;-;-;1;-;-;-;1;-;-;2
H66   Otite media supurativa e as NE;-;-;2;1;-;-;-;-;-;-;-;2;3;3;1;2;-;2;1;4;-;21
H70   Mastoidite e afeccoes correlatas;-;-;-;-;-;-;-;-;-;-;-;-;-;-;1;1;2;-;-;3;-;7
H83   Outr transt do ouvido interno;-;-;-;-;-;-;-;-;-;-;-;-;-;-;-;-;-;-;-;1;-;1
I00   Febre reumatica s/mencao de compr do coracao;-;-;-;-;-;-;-;-;-;-;-;-;1;1;2;-;-;-;-;1;-;5
I01   Febre reumatica c/compr do coracao;-;-;-;-;-;-;-;-;-;3;-;-;2;-;3;-;1;-;1;1;-;11
I02   Coreia reumatica;-;-;-;-;-;-;-;-;-;-;-;-;-;1;-;-;-;-;-;-;-;1
I05   Doenc reumaticas da valva mitral;-;-;-;-;-;1;-;5;5;7;11;11;13;24;38;43;30;40;45;37;-;310
I06   Doenc reumaticas da valva aortica;-;-;-;-;-;-;-;-;-;-;1;2;1;1;2;2;3;9;3;5;-;29
I07   Doenc reumaticas da valva tricuspide;-;-;-;-;-;-;-;-;-;-;-;1;1;-;1;1;2;1;3;9;-;19
I08   Doenc de mult valvas;-;-;-;-;-;1;-;1;3;3;6;7;7;4;14;12;13;12;18;18;-;119
I09   Outr doenc reumaticas do coracao;-;-;-;-;-;-;1;-;3;2;1;2;1;4;3;1;2;1;-;1;-;22
I10   Hipertensao essencial;-;-;-;-;-;-;-;3;5;9;25;65;99;137;204;299;330;383;453;1485;-;3497
I11   Doenc cardiaca hipertensiva;-;-;-;-;-;-;1;3;5;18;28;58;81;160;228;291;361;410;460;1332;-;3436
I12   Doenc renal hipertensiva;-;-;-;-;1;-;1;2;6;3;19;16;35;47;53;93;93;103;115;283;-;870
I13   Doenc cardiaca e renal hipertensiva;-;-;-;-;-;-;-;1;3;1;4;11;6;15;29;38;44;53;72;188;-;465
I20   Angina pectoris;-;-;-;-;-;-;-;-;-;-;2;2;5;4;11;12;17;16;13;32;1;115
I21   Infarto agudo do miocardio;-;-;-;1;-;2;56;98;110;186;336;576;1039;1620;2219;2496;2761;2679;2788;5549;48;22564
I22   Infarto do miocardio recorrente;-;-;-;-;-;-;-;1;-;-;-;2;2;9;9;6;6;8;9;13;-;65
I24   Outr doenc isquemicas agudas do coracao;-;-;-;-;-;-;-;1;-;3;4;7;15;35;64;99;102;149;131;334;-;944
I25   Doenc isquemica cronica do coracao;-;-;-;-;-;1;3;6;16;25;34;95;161;309;427;654;705;743;801;2091;12;6083
I26   Embolia pulmonar;-;-;1;2;1;1;16;38;39;51;92;110;127;179;200;242;276;277;348;973;7;2980
I27   Outr form de doenc cardiaca pulmonar;-;-;7;2;1;2;3;4;7;6;6;5;6;13;22;23;22;27;46;96;-;298
I28   Outr doenc dos vasos pulmonares;-;-;-;-;-;-;-;-;-;-;-;1;-;-;2;1;3;10;3;1;-;21
I30   Pericardite aguda;-;1;-;1;-;-;1;-;-;3;5;2;1;5;1;2;7;2;6;5;-;42
I31   Outr doenc do pericardio;1;1;3;-;1;-;4;3;2;7;3;3;10;11;12;15;10;15;10;32;1;144
I33   Endocardite aguda e subaguda;-;-;4;1;1;1;3;3;5;5;6;10;12;18;25;31;29;26;26;51;-;257
I34   Transt nao-reumaticos da valva mitral;-;-;-;-;-;-;-;1;6;3;9;11;12;18;33;28;39;38;46;87;-;331
I35   Transt nao-reumaticos da valva aortica;-;-;-;1;1;1;1;-;2;5;7;14;14;23;34;48;83;93;90;274;-;691
I36   Transt nao-reumaticos da valva tricuspide;-;-;-;-;-;-;-;-;-;-;1;-;-;-;-;-;-;-;2;1;-;4
I37   Transt da valva pulmonar;-;-;-;-;-;-;-;1;-;-;-;-;1;-;-;-;1;-;-;1;-;4
I38   Endocardite de valva NE;-;-;-;1;-;-;-;1;2;4;4;6;11;14;18;18;27;25;23;43;-;197
I40   Miocardite aguda;-;-;7;2;1;3;1;2;1;2;2;5;4;3;6;3;-;-;1;3;-;46
I42   Cardiomiopatias;3;2;15;23;8;6;40;37;56;101;136;206;242;343;363;438;459;466;471;1158;11;4584
I44   Bloqueio atrioventricular e do ramo esquerdo;-;-;2;1;-;-;-;-;-;-;-;-;-;5;6;10;16;17;23;113;-;193
I45   Outr transt de conducao;-;-;-;-;-;-;-;1;-;-;-;-;-;-;1;1;-;-;3;2;-;8
I46   Parada cardiaca;-;-;-;-;-;1;4;2;3;1;2;8;9;6;8;13;18;11;15;68;-;169
I47   Taquicardia paroxistica;-;-;1;-;-;2;-;1;-;-;1;-;2;4;1;8;11;10;11;22;-;74
I48   Flutter e fibrilacao atrial;-;-;-;-;-;-;-;-;-;1;-;2;10;16;33;48;55;96;138;475;-;874
I49   Outr arritmias cardiacas;-;-;-;1;-;2;4;8;4;10;12;14;16;25;47;74;93;108;157;553;-;1128
I50   Insuf cardiaca;-;-;2;4;4;1;4;12;18;17;33;61;104;197;319;418;549;700;920;3139;5;6507
I51   Complic cardiopatias doenc cardiacas mal def;-;-;7;4;-;3;16;13;14;19;25;31;32;52;67;81;74;87;87;210;4;826
I60   Hemorragia subaracnoide;-;-;2;1;2;3;7;9;19;39;71;109;155;208;190;203;163;102;108;138;4;1533
I61   Hemorragia intracerebral;-;-;7;-;2;7;11;17;27;55;81;171;269;346;421;405;407;362;435;813;8;3844
I62   Outr hemorragias intracranianas nao-traum;-;-;2;-;-;-;-;-;4;3;8;9;11;15;16;22;26;39;48;115;-;318
I63   Infarto cerebral;-;-;1;2;1;2;3;3;6;5;15;40;45;107;133;222;257;330;388;1113;4;2677
I64   Acid vasc cerebr NE como hemorrag isquemico;-;-;1;-;1;-;3;2;10;21;46;58;138;230;324;520;699;859;1038;2715;4;6669
I67   Outr doenc cerebrovasculares;-;-;2;2;1;2;4;1;7;17;28;50;87;115;193;243;315;383;444;1031;1;2926
I69   Sequelas de doenc cerebrovasculares;-;-;-;1;-;1;-;4;5;5;3;24;37;73;123;247;357;481;610;1783;3;3757
I70   Aterosclerose;-;-;-;-;-;-;-;-;-;-;1;3;4;8;20;22;36;33;58;203;2;390
I71   Aneurisma e disseccao da aorta;-;-;1;-;2;1;3;9;14;27;36;55;104;134;234;285;407;397;403;691;2;2805
I72   Outr aneurismas;-;-;-;-;1;-;-;-;1;1;5;1;12;7;11;12;12;18;13;28;-;122
I73   Outr doenc vasculares perifericas;-;-;-;-;-;-;-;-;1;1;2;5;3;6;18;42;41;48;56;206;-;429
I74   Embolia e trombose arteriais;-;-;-;1;-;-;1;-;2;3;5;6;10;23;34;39;43;60;67;195;-;489
I77   Outr afeccoes das arterias e arteriolas;-;-;-;-;1;1;1;1;2;2;2;3;2;8;10;20;23;29;18;56;-;179
I78   Doenc dos capilares;-;-;-;-;-;-;-;-;-;-;-;-;-;1;-;-;-;1;1;-;-;3
I80   Flebite e tromboflebite;-;-;-;-;1;-;1;5;7;10;15;8;31;29;41;38;44;55;60;188;-;533
I81   Trombose da veia porta;-;-;-;-;-;-;-;-;-;-;-;1;2;3;1;2;1;-;4;4;-;18
I82   Outr embolia e trombose venosas;-;-;-;-;-;-;-;2;3;1;3;7;5;6;3;7;3;5;7;26;-;78
I83   Varizes dos membros infer;-;-;-;-;-;-;-;1;-;-;-;-;2;5;3;7;9;12;15;34;-;88
I84   Hemorroidas;-;-;-;-;-;-;-;-;-;-;-;-;1;1;1;-;-;-;-;3;-;6
I85   Varizes esofagianas;-;-;-;-;-;-;-;-;2;3;3;7;12;15;19;11;16;7;18;16;-;129
I86   Varizes de outr localiz;-;-;-;-;-;-;-;-;-;-;-;-;3;3;2;1;3;2;1;3;-;18
I87   Outr transt das veias;-;-;-;-;-;-;-;-;-;-;1;1;1;3;1;3;2;5;5;19;-;41
I88   Linfadenite inespecifica;-;-;-;-;-;-;-;-;-;-;-;-;-;-;-;-;-;-;-;1;-;1
I89   Outr transt nao-infecc vasos linf gangl linf;-;-;-;-;-;-;1;-;-;1;2;-;1;2;1;1;1;2;4;8;-;24
I95   Hipotensao;-;-;-;-;-;-;-;-;-;1;1;2;-;-;-;-;1;3;3;2;-;13
I99   Outr transt do aparelho circulatorio e os NE;-;-;-;-;-;-;-;-;-;1;-;1;1;2;2;2;4;5;11;19;-;48
J01   Sinusite aguda;-;-;-;1;-;2;-;-;-;-;-;-;-;-;-;-;-;-;1;1;-;5
J02   Faringite aguda;-;-;-;-;-;-;-;-;-;-;1;-;-;-;-;2;-;-;-;-;-;3
J03   Amigdalite aguda;-;-;-;2;1;-;2;-;-;1;1;-;-;1;-;-;-;-;-;4;-;12
J04   Laringite e traqueite agudas;-;-;4;-;-;-;1;-;-;-;-;-;-;-;-;-;1;-;-;-;-;6
J05   Laringite obstrutiva aguda e epiglotite;-;-;-;2;-;-;-;-;-;-;-;-;-;-;-;-;-;-;-;-;-;2
J06   Infecc agudas vias aereas super loc mult NE;-;-;-;-;-;-;-;-;-;-;-;2;-;-;-;-;1;-;-;2;-;5
J09   Influenza A (H1N1);-;-;-;-;-;-;-;-;-;-;-;-;1;1;2;-;1;-;1;-;-;6
J10   Influenza dev outro virus influenza ident;-;-;-;1;-;-;-;-;-;2;-;2;-;1;-;1;-;2;1;2;-;12
J11   Influenza dev virus nao identificado;-;-;-;-;-;-;-;-;2;2;1;-;2;-;-;1;-;-;2;10;-;20
J12   Pneumonia viral NCOP;-;-;4;1;-;-;-;-;-;-;-;-;-;2;2;1;-;-;2;9;-;21
J13   Pneumonia dev Streptococcus pneumoniae;-;-;-;1;-;-;-;-;-;-;-;-;1;-;1;2;1;1;1;4;-;12
J15   Pneumonia bacter NCOP;-;1;10;9;1;3;8;7;8;8;17;21;38;61;76;86;115;170;228;1027;-;1894
J16   Pneumonia dev out microorg infecc espec NCOP;-;-;-;-;-;-;-;-;-;-;-;-;-;-;-;-;1;3;3;3;-;10
J18   Pneumonia p/microorg NE;-;18;130;89;18;29;68;104;113;199;260;342;512;677;908;1123;1445;1776;2560;10609;57;21037
J20   Bronquite aguda;-;-;1;1;-;1;-;-;-;-;-;-;-;-;-;-;-;-;-;-;-;3
J21   Bronquiolite aguda;-;2;34;8;-;-;-;-;-;1;2;1;2;2;3;5;1;3;4;10;-;78
J22   Infecc agudas NE das vias aereas infer;-;-;-;-;-;-;-;-;1;-;-;-;1;1;-;-;2;-;1;5;-;11
J32   Sinusite cronica;-;-;-;1;1;-;-;-;-;-;1;-;1;2;3;1;3;4;1;1;-;19
J34   Outr transt do nariz e dos seios paranasais;-;-;-;-;-;-;-;-;-;-;-;-;-;-;-;-;-;-;1;-;-;1
J36   Abscesso periamigdaliano;-;-;-;-;-;-;-;1;1;-;-;-;-;1;-;-;1;-;-;-;-;4
J37   Laringite e laringotraqueite cronicas;-;-;-;1;-;-;-;-;-;-;1;-;-;-;-;-;-;-;-;-;-;2
J38   Doenc das cordas vocais e da laringe NCOP;-;-;1;-;-;-;-;-;-;1;-;-;3;1;-;1;1;1;2;5;-;16
J39   Outr doenc das vias aereas super;-;-;1;1;-;1;-;-;-;1;1;2;1;2;3;2;4;-;2;3;-;24
J40   Bronquite NE como aguda ou cronica;-;-;-;-;-;-;4;-;-;-;-;2;4;-;-;5;10;7;2;29;-;63
J41   Bronquite cronica simples e a mucopurulenta;-;-;-;-;-;-;-;-;-;1;-;-;-;1;2;-;2;4;-;6;-;16
J42   Bronquite cronica NE;-;-;1;1;-;-;-;1;1;-;4;3;4;1;4;9;6;9;12;42;-;98
J43   Enfisema;-;-;1;-;-;1;-;-;4;-;4;11;15;18;47;81;108;130;157;402;-;979
J44   Outr doenc pulmonares obstrutivas cronicas;-;-;-;2;1;-;3;6;4;6;18;44;115;225;465;708;1004;1290;1586;3542;1;9020
J45   Asma;-;-;4;6;-;6;4;14;9;11;20;11;15;17;28;31;29;37;42;100;-;384
J46   Estado de mal asmatico;-;-;2;1;1;1;3;3;-;4;1;2;-;5;7;3;3;4;5;14;-;59
J47   Bronquectasia;-;-;-;-;1;-;-;-;-;4;1;-;2;1;3;4;8;3;8;20;-;55
J60   Pneumoconiose dos mineiros de carvao;-;-;-;-;-;-;-;-;-;1;-;-;-;-;-;-;1;-;-;1;-;3
J61   Pneumoconiose dev amianto outr fibr minerais;-;-;-;-;-;-;-;-;-;-;-;-;-;-;-;1;1;3;2;2;-;9
J62   Pneumoconiose dev poeira que cont silica;-;-;-;-;-;-;-;-;-;-;1;1;1;2;1;2;2;1;-;7;-;18
J63   Pneumoconiose dev outr poeiras inorganicas;-;-;-;-;-;-;-;-;1;-;1;-;-;-;1;-;1;-;1;1;-;6
J64   Pneumoconiose NE;-;-;-;-;-;-;-;-;-;-;1;-;1;2;2;4;2;4;11;13;-;40
J65   Pneumoconiose assoc c/tuberc;-;-;-;-;-;-;-;-;-;-;-;-;-;1;-;-;-;1;1;-;-;3
J67   Pneumonite hipersensibilid dev poeiras org;-;-;-;-;-;-;-;-;-;-;-;1;-;1;4;5;4;2;1;2;-;20
J68   Afecc resp dev inal prod quim gas fumac vap;-;-;-;-;-;-;-;-;-;-;-;1;1;-;2;2;2;3;2;10;-;23
J69   Pneumonite dev solidos e liquidos;-;-;31;8;-;3;6;2;10;6;7;14;26;39;45;53;83;91;151;663;-;1238
J70   Afeccoes respirat dev outr agentes externos;-;-;-;-;1;-;1;-;-;1;-;1;3;-;1;2;1;2;4;6;-;23
J80   Sindr do desconforto respirat do adulto;-;-;3;2;1;-;2;4;4;4;2;3;5;4;4;6;7;11;6;15;-;83
J81   Edema pulmonar NE de outr form;-;1;4;4;2;5;52;50;38;40;33;53;64;57;78;50;73;64;51;135;6;860
J82   Eosinofilia pulmonar NCOP;-;-;-;-;-;-;-;-;1;-;-;-;-;-;2;-;-;-;-;-;-;3
J84   Outr doenc pulmonares intersticiais;-;-;4;3;-;-;1;1;5;7;6;8;14;26;44;74;104;114;141;341;-;893
J85   Abscesso do pulmao e do mediastino;-;-;1;-;-;2;1;-;2;1;3;3;4;9;10;8;9;9;12;17;1;92
J86   Piotorax;1;1;2;6;1;1;1;3;5;8;9;12;15;16;16;20;22;21;20;35;1;216
J90   Derrame pleural NCOP;-;-;1;-;-;1;2;2;3;5;4;4;11;5;12;19;19;23;18;88;-;217
J92   Placas pleurais;-;-;-;-;-;-;-;-;1;-;-;-;-;-;-;-;-;1;1;-;-;3
J93   Pneumotorax;-;-;2;-;-;-;-;-;-;-;2;2;1;3;3;2;10;2;5;24;-;56
J94   Outr afeccoes pleurais;-;-;2;-;1;-;1;-;4;-;2;2;-;1;5;1;1;3;4;8;1;36
J96   Insuf respirat NCOP;-;-;10;6;2;2;9;5;13;3;7;8;20;21;49;45;57;59;66;278;2;662
J98   Outr transt respirat;-;-;12;8;-;1;5;5;8;7;16;31;25;41;54;63;78;79;110;404;2;949
K08   Outr transt dentes e estrut de sustentacao;-;-;-;-;-;-;-;-;-;-;-;-;-;-;-;-;-;1;-;-;-;1
K12   Estomatite e lesoes correlatas;-;-;-;-;-;-;-;1;-;1;1;3;-;1;-;-;-;1;-;1;-;9
K13   Outr doenc do labio e da mucosa oral;-;-;-;-;-;-;-;-;-;-;-;-;-;1;-;-;-;1;-;-;-;2
K20   Esofagite;-;-;-;-;-;-;-;-;-;-;-;-;-;-;-;3;1;4;-;3;-;11
K21   Doenc de refluxo gastroesofagico;-;-;6;2;-;-;1;1;-;-;-;-;-;-;1;2;2;2;2;14;-;33
K22   Outr doenc do esofago;-;-;-;1;-;1;-;-;1;-;2;1;6;7;9;8;4;11;10;33;-;94
K25   Ulcera gastrica;1;-;1;-;1;-;1;1;-;4;7;7;14;35;24;43;47;41;65;138;1;431
K26   Ulcera duodenal;-;-;-;-;-;-;2;2;2;2;4;12;5;19;25;33;21;23;32;82;-;264
K27   Ulcera peptica de localiz NE;-;-;-;-;-;-;-;-;1;-;2;4;8;7;14;11;17;13;19;39;-;135
K28   Ulcera gastrojejunal;-;-;-;-;-;-;-;-;-;-;-;-;1;-;-;3;3;4;-;4;-;15
K29   Gastrite e duodenite;-;-;1;-;-;1;1;3;1;1;-;7;6;8;12;10;5;14;12;38;-;120
K30   Dispepsia;-;-;1;-;-;-;-;-;-;-;-;-;-;-;1;-;1;1;2;1;-;7
K31   Outr doenc do estomago e do duodeno;-;-;1;-;-;-;-;-;1;-;1;1;1;3;1;2;7;5;10;16;-;49
K35   Apendicite aguda;-;-;-;1;6;8;6;7;5;9;8;3;14;12;10;19;16;17;18;23;-;182
K36   Outr form de apendicite;-;-;-;-;-;-;-;-;-;-;-;1;-;-;-;-;-;1;-;-;-;2
K37   Apendicite SOE;-;-;-;-;-;1;-;1;1;2;1;4;5;-;3;8;4;7;1;10;-;48
K38   Outr doenc do apendice;-;-;-;-;-;-;-;-;-;-;-;-;1;-;-;-;1;1;1;3;-;7
K40   Hernia inguinal;-;-;1;1;-;-;-;-;-;-;-;1;-;4;5;11;17;23;16;58;1;138
K41   Hernia femoral;-;-;-;-;-;-;-;-;-;-;-;-;-;1;-;-;1;1;3;11;-;17
K42   Hernia umbilical;2;-;-;-;-;-;-;-;1;1;-;1;3;5;6;5;1;4;6;15;-;50
K43   Hernia ventral;-;-;-;-;-;-;-;-;-;-;-;1;-;7;4;8;7;19;8;11;-;65
K44   Hernia diafragmatica;-;-;1;-;-;-;2;-;2;1;1;-;1;-;4;3;3;9;9;17;-;53
K45   Outr hernias abdominais;-;-;-;-;-;-;-;-;-;-;-;-;-;1;2;3;1;4;5;5;-;21
K46   Hernia abdominal NE;-;-;-;-;-;-;-;-;-;3;-;2;6;9;20;14;19;19;21;64;-;177
K50   Doenc de Crohn;-;-;-;-;-;-;-;2;5;4;4;1;2;3;3;6;7;4;-;5;-;46
K51   Colite ulcerativa;-;-;-;-;-;-;-;1;3;1;3;4;5;8;7;3;7;6;8;10;-;66
K52   Outr gastroenterites e colites nao-infecc;-;-;2;1;1;-;-;-;-;-;3;2;1;2;-;5;3;6;12;33;-;71
K55   Transt vasculares do intestino;-;-;1;-;1;-;2;6;2;8;10;28;33;47;67;97;107;125;175;391;1;1101
K56   Ileo paralitico e obstr intestinal s/hernia;-;-;4;3;1;-;3;8;6;4;13;4;15;24;48;50;73;79;141;384;-;860
K57   Doenc diverticular do intestino;-;-;1;-;-;-;-;1;-;2;4;3;7;21;40;56;59;84;92;222;-;592
K58   Sindr do colon irritavel;-;-;-;-;-;-;-;-;-;-;-;-;-;-;-;-;1;-;-;-;-;1
K59   Outr transt funcionais do intestino;-;-;-;-;-;-;4;2;-;1;-;1;2;5;9;8;13;11;18;48;-;122
K60   Fissura e fistula das regioes anal e retal;-;-;-;-;-;-;-;-;-;-;-;-;-;1;-;1;-;-;-;3;-;5
K61   Abscesso das regioes anal e retal;-;-;-;-;-;-;-;-;-;-;1;1;1;2;4;5;5;3;4;5;-;31
K62   Outr doenc do reto e do anus;-;-;-;-;-;-;-;-;-;-;-;-;1;1;4;1;2;3;8;6;-;26
K63   Outr doenc do intestino;-;-;3;2;2;-;-;1;-;5;5;3;8;8;30;39;27;46;38;77;-;294
K65   Peritonite;-;-;1;-;1;-;6;3;5;14;8;15;19;33;51;49;57;62;72;104;-;500
K66   Outr transt do peritonio;-;-;-;-;-;-;-;1;1;1;2;4;-;2;3;4;5;5;5;13;-;46
K70   Doenc alcoolica do figado;-;-;-;-;-;-;-;5;21;71;124;229;337;423;385;320;246;135;73;61;5;2435
K71   Doenc hepatica toxica;-;-;-;-;-;-;-;-;-;-;1;3;3;4;2;3;1;1;5;5;-;28
K72   Insuf hepatica NCOP;-;-;5;2;-;1;5;4;11;13;25;31;55;57;92;63;100;75;54;75;1;669
K73   Hepatite cronica NCOP;-;-;-;-;-;-;-;-;-;1;-;1;3;6;7;5;3;4;2;1;-;33
K74   Fibrose e cirrose hepaticas;-;-;-;-;2;1;3;5;11;35;86;158;227;354;374;391;321;262;206;214;5;2655
K75   Outr doenc inflam do figado;-;-;2;-;-;-;2;8;3;8;8;5;4;13;13;18;24;15;27;26;1;177
K76   Outr doenc do figado;-;-;1;1;1;1;-;5;12;21;35;52;85;95;108;93;67;61;56;85;2;781
K80   Colelitiase;-;-;-;-;-;1;-;1;3;6;7;9;16;20;22;34;36;57;69;191;-;472
K81   Colecistite;-;-;-;-;-;1;1;4;1;6;3;7;13;12;28;39;41;51;78;210;-;495
K82   Outr doenc da vesicula biliar;-;-;-;-;-;-;-;-;1;1;1;2;1;2;3;4;9;10;15;18;-;67
K83   Outr doenc das vias biliares;-;-;1;-;-;1;1;2;2;2;8;5;12;16;29;41;38;34;43;114;-;349
K85   Pancreatite aguda;-;-;-;1;2;1;6;10;21;43;58;73;80;103;86;98;94;98;100;238;3;1115
K86   Outr doenc do pancreas;-;-;-;-;-;-;-;1;4;9;12;12;18;19;15;20;10;12;7;12;-;151
K90   Ma-absorcao intestinal;-;-;-;1;-;-;-;1;1;-;-;1;1;1;-;-;3;2;1;4;-;16
K92   Outr doenc do aparelho digestivo;-;-;-;2;1;-;1;5;6;13;8;15;25;45;75;97;91;111;140;444;2;1081
L00   Sindr pele escaldada estafilococ recem-nasc;-;-;-;-;-;-;-;-;-;-;1;-;-;-;-;-;-;-;-;-;-;1
L02   Abscesso cutaneo furunculo e antraz;-;-;1;-;-;1;1;-;1;-;1;2;5;5;5;8;13;7;8;16;-;74
L03   Celulite;-;-;1;-;-;-;-;1;1;3;-;8;4;15;20;14;27;27;32;98;-;251
L08   Outr infecc localiz pele e tec subcutaneo;-;-;-;-;-;-;-;2;-;2;2;2;7;9;15;24;23;26;36;103;-;251
L10   Penfigo;-;-;-;-;-;-;-;-;-;-;-;1;3;2;2;5;2;4;2;6;-;27
L12   Penfigoide;-;-;-;-;-;-;-;1;-;-;-;-;-;1;-;-;-;-;-;6;-;8
L13   Outr afeccoes bolhosas;-;-;-;-;-;-;-;-;-;-;1;-;1;-;-;1;-;-;1;1;-;5
L26   Dermatite esfoliativa;-;-;-;-;-;-;-;-;-;-;-;-;-;-;-;-;-;-;-;1;-;1
L27   Dermatite dev subst de uso interno;-;-;-;-;-;-;-;-;-;-;-;-;-;1;-;-;1;-;1;2;-;5
L40   Psoriase;-;-;-;-;-;-;-;-;-;-;-;-;1;-;2;-;1;-;3;2;-;9
L51   Eritema polimorfo;-;-;-;1;-;-;-;1;-;1;2;3;1;3;2;2;3;2;1;3;-;25
L88   Piodermite gangrenosa;-;-;-;-;-;-;-;-;-;-;-;-;1;-;-;-;1;-;-;-;-;2
L89   Ulcera de decubito;-;-;-;-;-;-;-;1;1;-;5;4;7;10;11;22;20;46;59;261;-;447
L93   Lupus eritematoso;-;-;-;-;-;1;2;-;-;-;-;-;1;1;2;1;-;1;-;1;-;10
L95   Vasculite limitada a pele NCOP;-;-;-;-;-;-;-;-;-;-;-;-;-;-;-;2;1;-;-;-;-;3
L97   Ulcera dos membros infer NCOP;-;-;-;-;-;-;-;-;-;-;-;4;1;2;2;2;10;3;11;27;-;62
L98   Outr afeccoes da pele e tec subcutaneo NCOP;-;-;-;-;-;-;-;1;-;-;-;-;1;3;5;3;10;13;19;34;1;90
M00   Artrite piogenica;-;-;-;1;-;1;-;-;1;1;3;1;1;2;3;5;8;4;5;8;-;44
M05   Artrite reumatoide soro-positiva;-;-;-;-;-;-;-;-;-;-;-;-;1;2;1;3;1;-;1;2;-;11
M06   Outr artrites reumatoides;-;-;-;1;-;-;-;1;-;-;2;2;3;5;11;9;14;21;12;28;-;109
M08   Artrite juvenil;-;-;-;-;2;1;-;-;1;-;-;-;-;-;-;-;-;-;-;-;-;4
M10   Gota;-;-;-;-;-;-;-;-;-;-;-;-;-;2;-;2;2;2;1;1;-;10
M12   Outr artropatias espec;-;-;-;-;-;-;-;-;-;-;-;-;-;-;-;-;-;1;-;-;-;1
M13   Outr artrites;-;-;-;-;-;-;-;-;-;1;-;-;-;-;-;2;1;-;-;3;-;7
M15   Poliartrose;-;-;-;-;-;-;-;-;-;-;-;-;-;-;-;-;-;-;-;3;-;3
M16   Coxartrose;-;-;-;-;-;-;-;-;-;-;-;1;-;-;3;5;3;-;4;12;-;28
M17   Gonartrose;-;-;-;-;-;-;-;-;-;-;-;-;-;1;-;2;-;2;3;5;-;13
M18   Artrose prim articulacao carpometacarpiana;-;-;-;-;-;-;-;-;-;-;-;-;-;-;-;-;-;-;1;-;-;1
M19   Outr artroses;-;-;-;-;-;-;-;-;-;-;-;-;-;1;1;-;2;5;7;13;-;29
M23   Transt internos dos joelhos;-;-;-;-;-;-;-;-;-;-;-;-;-;-;-;-;1;1;-;-;-;2
M25   Outr transt articulares NCOP;-;-;-;-;-;-;-;-;-;1;-;-;-;-;3;2;-;1;3;24;-;34
M30   Poliarterite nodosa e afeccoes correlatas;-;-;-;-;-;-;-;-;-;-;-;-;-;-;-;-;1;-;-;-;-;1
M31   Outr vasculopatias necrotizantes;-;-;-;-;-;-;-;-;2;5;1;3;3;5;6;4;7;8;7;6;-;57
M32   Lupus eritematoso disseminado;-;-;-;-;1;4;5;22;19;12;27;19;18;12;20;14;13;6;1;4;-;197
M33   Dermatopoliomiosite;-;-;-;-;-;-;-;-;-;1;-;-;2;1;1;1;2;4;2;1;-;15
M34   Esclerose sistemica;-;-;-;-;-;-;-;1;-;-;1;5;1;8;9;8;5;6;3;8;-;55
M35   Outr afeccoes sistemicas do tec conjuntivo;-;-;-;-;-;1;-;-;-;-;3;2;1;1;1;1;1;2;2;1;-;16
M43   Outr dorsopatias deformantes;-;-;-;-;-;1;1;-;-;-;-;-;-;-;1;-;-;1;-;-;-;4
M45   Espondilite ancilosante;-;-;-;-;-;-;-;1;-;-;-;-;1;-;1;-;1;-;-;1;-;5
M46   Outr espondilopatias inflam;-;-;-;-;-;-;-;-;-;-;-;-;1;3;6;7;5;6;4;8;-;40
M47   Espondilose;-;-;-;-;-;-;-;-;-;-;-;-;1;3;1;2;1;1;-;3;-;12
M48   Outr espondilopatias;-;-;-;-;-;-;-;-;-;-;-;1;-;1;1;4;6;2;5;6;-;26
M50   Transt dos discos cervicais;-;-;-;-;-;-;-;-;-;-;-;-;-;-;1;-;1;1;1;1;-;5
M51   Outr transt de discos intervertebrais;-;-;-;-;-;-;-;-;-;-;1;-;-;-;-;-;2;1;1;2;-;7
M60   Miosite;-;-;-;-;-;-;-;-;-;-;-;-;-;2;2;-;-;-;2;3;-;9
M62   Outr transt musculares;-;-;-;-;-;-;3;-;1;3;2;4;4;7;9;8;10;25;32;118;-;226
M72   Transt fibroblasticos;-;-;-;-;-;-;-;-;-;-;-;2;2;3;7;12;5;6;2;5;-;44
M79   Outr transt dos tec moles NCOP;-;-;-;-;-;-;-;-;-;-;-;-;1;-;-;-;-;-;-;-;-;1
M80   Osteoporose c/frat patologica;-;-;-;-;-;-;-;-;-;-;-;-;-;-;1;-;-;7;5;33;-;46
M81   Osteoporose s/frat patologica;-;-;-;-;-;-;-;-;-;-;-;-;-;-;-;1;2;2;5;19;-;29
M84   Transt da continuidade do osso;-;-;-;-;-;-;-;-;-;-;-;-;-;-;3;3;4;6;5;46;-;67
M85   Outr transt da densidade e estrutura osseas;-;-;-;-;-;-;-;-;-;-;-;-;-;-;-;-;-;-;-;1;-;1
M86   Osteomielite;-;-;-;-;-;-;-;1;1;1;3;3;3;7;15;9;17;20;22;39;-;141
M87   Osteonecrose;-;-;-;-;-;-;-;-;-;-;-;-;-;-;1;1;-;-;3;-;-;5
M89   Outr transt osseos;-;-;-;-;-;-;-;-;-;-;-;-;-;-;-;3;1;1;-;3;-;8
M91   Osteocondrose juvenil do quadril e da pelve;-;-;-;-;-;-;-;-;-;-;-;-;-;-;-;-;-;1;-;-;-;1
M95   Outr deform adquir sist osteomusc tec conj;-;-;-;-;-;-;-;-;-;1;-;-;-;-;-;-;-;-;-;-;-;1
M99   Lesoes biomecanicas NCOP;-;-;-;-;-;-;-;-;-;-;-;-;-;-;-;-;-;-;-;1;-;1
N00   Sindr nefritica aguda;-;-;-;-;-;-;-;-;-;-;-;-;-;-;1;-;2;-;1;1;-;5
N01   Sindr nefritica rapidamente progressiva;-;-;-;-;-;-;-;-;-;-;-;-;1;-;-;-;-;-;-;-;-;1
N02   Hematuria recidivante e persistente;-;-;-;-;-;-;1;-;-;-;1;-;-;-;-;1;1;-;-;-;-;4
N03   Sindr nefritica cronica;-;-;-;-;-;-;-;-;2;1;4;2;4;5;6;5;13;19;21;43;-;125
N04   Sindr nefrotica;-;-;1;4;2;-;-;5;1;2;2;-;-;3;-;3;-;1;2;1;-;27
N05   Sindr nefritica NE;-;-;-;-;-;-;1;1;-;-;-;1;-;-;-;1;-;2;-;2;-;8
N07   Nefropatia hereditaria NCOP;-;-;-;-;-;-;-;-;-;-;-;-;-;-;1;-;-;-;-;-;-;1
N10   Nefrite tubulo-intersticial aguda;-;-;-;-;-;1;1;-;3;3;4;4;10;11;10;19;24;14;29;91;-;224
N11   Nefrite tubulo-intersticial cronica;-;-;-;-;-;1;1;1;-;1;1;3;1;2;4;4;9;10;17;53;-;108
N12   Nefrite tubulo-intersticial NE aguda cronica;-;-;-;1;-;1;-;4;1;6;11;8;16;10;19;28;33;45;72;241;-;496
N13   Uropatia obstrutiva e p/refluxo;-;-;-;-;-;-;1;-;1;2;1;-;1;3;5;-;7;6;3;11;-;41
N14   Afec tubul tubulo-interst ind drog met pesad;-;-;-;-;-;-;-;-;-;-;-;-;-;-;-;1;-;-;1;-;-;2
N15   Outr doenc renais tubulo-intersticiais;-;-;-;-;-;-;-;1;-;1;3;2;2;5;1;4;7;2;7;13;-;48
N17   Insuf renal aguda;-;-;9;3;-;1;3;3;4;10;11;21;24;40;44;54;83;110;120;384;-;924
N18   Insuf renal cronica;-;-;2;-;-;1;4;6;7;12;22;25;45;82;95;144;174;169;182;589;-;1559
N19   Insuf renal NE;-;-;5;1;-;-;-;4;1;3;9;8;4;13;27;40;51;72;91;296;-;625
N20   Calculose do rim e do ureter;-;-;-;-;-;-;-;2;1;1;7;7;10;12;9;24;7;13;15;16;-;124
N21   Calculose do trato urinario infer;-;-;-;-;-;-;-;-;-;-;1;-;-;1;-;1;-;-;1;4;-;8
N23   Colica nefretica NE;-;-;-;-;-;-;-;-;-;-;-;-;-;-;-;-;-;-;-;2;-;2
N25   Transt result funcao renal tubular alterada;-;-;-;1;-;-;-;-;-;-;-;-;-;1;-;2;-;-;-;1;-;5
N26   Rim contraido NE;-;-;-;-;-;-;1;-;-;-;-;-;-;-;1;1;-;-;-;2;-;5
N28   Outr transt do rim e do ureter NCOP;-;-;-;-;2;1;2;3;1;2;3;6;8;6;15;15;23;7;13;28;-;135
N30   Cistite;-;-;-;-;-;-;-;-;-;-;-;-;4;2;3;6;9;4;14;64;-;106
N31   Disfuncoes neuromusculares da bexiga NCOP;-;-;-;-;-;1;1;-;-;-;1;1;-;2;4;2;3;2;3;5;-;25
N32   Outr transt da bexiga;-;-;-;-;-;-;-;-;-;-;-;1;1;-;-;4;5;5;1;14;-;31
N34   Uretrite e sindr uretral;-;-;-;-;-;-;-;-;-;-;-;-;-;-;-;-;-;1;1;-;-;2
N35   Estenose da uretra;-;-;-;-;-;-;-;-;-;-;1;-;-;-;1;1;-;1;1;9;-;14
N36   Outr transt da uretra;-;-;-;-;-;-;-;-;-;-;-;-;-;1;-;-;-;1;-;2;-;4
N39   Outr transt do trato urinario;-;-;9;1;-;4;5;10;12;10;25;48;64;97;148;217;318;438;622;2972;2;5002
N40   Hiperplasia da prostata;-;-;-;-;-;-;-;-;-;-;-;-;-;1;4;5;9;8;24;110;-;161
N41   Doenc inflam da prostata;-;-;-;-;-;-;-;-;-;-;-;1;-;-;-;2;-;2;1;4;-;10
N42   Outr afeccoes da prostata;-;-;-;-;-;-;-;-;-;-;-;-;-;1;-;1;2;3;2;1;-;10
N43   Hidrocele e espermatocele;-;-;-;-;-;-;-;-;-;-;-;-;-;-;1;-;-;-;1;1;-;3
N45   Orquite e epididimite;-;-;-;-;-;-;-;-;-;-;-;-;-;1;1;1;-;2;-;2;-;7
N47   Hipertrofia do prepucio fimose e parafimose;-;-;-;-;-;-;-;-;-;-;-;-;-;-;-;-;-;-;1;-;-;1
N48   Outr transt do penis;-;-;-;-;-;-;-;-;-;-;1;-;-;-;-;-;-;-;-;1;-;2
N49   Transt inflam orgaos genitais masc NCOP;-;-;-;-;-;-;1;-;2;1;3;3;4;9;11;7;8;9;3;10;-;71
N50   Outr transt dos orgaos genitais masc;-;-;-;-;-;-;-;-;-;-;-;1;-;-;-;-;-;-;-;-;-;1
N61   Transt inflam da mama;-;-;-;-;-;-;-;-;1;-;-;-;-;1;-;3;3;-;-;1;-;9
N63   Nodulo mamario NE;-;-;-;-;-;-;-;-;-;-;-;-;-;-;-;-;1;-;-;-;-;1
N64   Outr doenc da mama;-;-;-;-;-;-;-;-;-;-;-;-;-;-;-;-;-;1;-;-;-;1
N70   Salpingite e ooforite;-;-;-;-;-;-;-;-;-;-;-;2;1;-;-;2;-;1;-;-;-;6
N71   Doenc inflam do utero exceto o colo;-;-;-;-;-;-;-;1;-;-;-;-;-;1;-;1;-;1;1;2;-;7
N73   Outr doenc inflam pelvicas femin;-;-;-;-;-;-;-;-;2;1;-;3;2;3;3;3;2;2;1;1;-;23
N75   Doenc da gland de Bartholin;-;-;-;-;-;-;-;-;-;-;-;-;-;-;-;1;-;-;-;1;-;2
N76   Outr afeccoes inflam da vagina e da vulva;-;-;-;-;-;-;-;-;-;1;1;1;-;-;2;2;3;4;4;4;-;22
N80   Endometriose;-;-;-;-;-;-;-;-;-;-;-;1;-;1;-;-;-;-;-;-;-;2
N81   Prolapso genital femin;-;-;-;-;-;-;-;-;-;-;-;-;-;-;1;1;-;-;2;3;-;7
N82   Fistulas do trato genital femin;-;-;-;-;-;-;-;-;-;-;-;-;-;2;1;1;3;2;1;4;-;14
N83   Transt nao-infl ovario tromp Falop lig largo;-;-;-;-;-;-;-;-;-;2;2;-;-;-;-;-;-;2;-;1;-;7
N84   Polipo do trato genital femin;-;-;-;-;-;-;-;-;-;-;-;-;-;-;-;1;-;-;-;-;-;1
N85   Outr transt nao-inflam utero exc colo utero;-;-;-;-;-;-;-;-;-;-;-;1;2;-;1;-;-;-;1;2;-;7
N92   Menstruacao excessiva frequente e irregular;-;-;-;-;-;-;-;-;-;-;1;-;-;-;-;-;-;-;-;1;-;2
N94   Dor outr afecc ass org genit fem cicl menstr;-;-;-;-;-;-;-;-;-;-;-;-;-;-;-;-;-;-;1;-;-;1
O00   Gravidez ectopica;-;-;-;-;-;-;1;-;-;1;1;-;-;-;-;-;-;-;-;-;-;3
O01   Mola hidatiforme;-;-;-;-;-;-;-;-;-;1;-;-;-;-;-;-;-;-;-;-;-;1
O02   Outr produtos anormais da concepcao;-;-;-;-;-;-;-;-;-;-;-;1;-;-;-;-;-;-;-;-;-;1
O03   Aborto espontaneo;-;-;-;-;-;-;-;-;1;-;-;-;-;-;-;-;-;-;-;-;-;1
O05   Outr tipos de aborto;-;-;-;-;-;-;-;-;1;-;-;-;-;-;-;-;-;-;-;-;-;1
O06   Aborto NE;-;-;-;-;-;-;1;-;1;2;-;-;-;-;-;-;-;-;-;-;-;4
O07   Falha de tentativa de aborto;-;-;-;-;-;-;-;1;1;1;-;-;-;-;-;-;-;-;-;-;-;3
O10   Hipertens pre-exist complic grav parto puerp;-;-;-;-;-;-;-;-;1;-;1;-;-;-;-;-;-;-;-;-;-;2
O13   Hipertensao gestacional s/proteinuria signif;-;-;-;-;-;-;-;1;-;1;2;-;-;-;-;-;-;-;-;-;-;4
O14   Hipertensao gestacional c/proteinuria signif;-;-;-;-;-;-;3;3;4;2;5;1;-;-;-;-;-;-;-;-;-;18
O15   Eclampsia;-;-;-;-;-;-;4;2;4;5;3;1;-;-;-;-;-;-;-;-;-;19
O16   Hipertensao materna NE;-;-;-;-;-;-;1;-;-;2;1;-;-;-;-;-;-;-;-;-;-;4
O22   Complic venosas na gravidez;-;-;-;-;-;-;-;1;-;2;1;-;-;-;-;-;-;-;-;-;-;4
O23   Infecc do trato geniturinario na gravidez;-;-;-;-;-;-;2;2;3;-;-;1;-;-;-;-;-;-;-;-;-;8
O24   Diabetes mellitus na gravidez;-;-;-;-;-;-;-;-;1;-;1;-;-;-;-;-;-;-;-;-;-;2
O26   Assist materna outr complic lig predom grav;-;-;-;-;-;-;-;-;2;2;-;-;-;-;-;-;-;-;-;-;-;4
O30   Gestacao mult;-;-;-;-;-;-;-;-;1;-;-;-;-;-;-;-;-;-;-;-;-;1
O41   Outr transt membranas e liquido amniotico;-;-;-;-;-;-;-;-;1;2;-;-;-;-;-;-;-;-;-;-;-;3
O43   Transt da placenta;-;-;-;-;-;-;-;1;-;-;-;1;-;-;-;-;-;-;-;-;-;2
O44   Placenta previa;-;-;-;-;-;-;-;1;-;-;2;-;-;-;-;-;-;-;-;-;-;3
O45   Descolamento prematuro da placenta;-;-;-;-;-;-;-;-;-;3;2;1;-;-;-;-;-;-;-;-;-;6
O46   Hemorragia anteparto NCOP;-;-;-;-;-;-;-;-;1;-;2;1;-;-;-;-;-;-;-;-;-;4
O60   Trabalho de parto pre-termo;-;-;-;-;-;-;-;-;-;-;1;-;-;-;-;-;-;-;-;-;-;1
O62   Anormalidades da contracao uterina;-;-;-;-;-;-;-;1;2;1;6;1;1;-;-;-;-;-;-;-;-;12
O66   Outr form de obstrucao do trabalho de parto;-;-;-;-;-;-;-;-;-;-;-;1;-;-;-;-;-;-;-;-;-;1
O67   Trab parto parto compl hemorr intrapart NCOP;-;-;-;-;-;-;1;-;1;1;1;-;-;-;-;-;-;-;-;-;-;4
O71   Outr traum obstetricos;-;-;-;-;-;-;-;2;-;-;2;-;-;-;-;-;-;-;-;-;-;4
O72   Hemorragia pos-parto;-;-;-;-;-;-;1;2;8;6;8;4;-;-;-;-;-;-;-;-;-;29
O73   Retencao placenta e membranas s/hemorragias;-;-;-;-;-;-;-;1;-;-;-;-;-;-;-;-;-;-;-;-;-;1
O75   Outr complic do trab parto e do parto NCOP;-;-;-;-;-;-;-;1;1;-;2;1;-;-;-;-;-;-;-;-;-;5
O85   Infecc puerperal;-;-;-;-;-;-;-;3;3;1;-;1;-;-;-;-;-;-;-;-;-;8
O86   Outr infecc puerperais;-;-;-;-;-;-;-;1;1;-;1;-;-;-;-;-;-;-;-;-;-;3
O87   Complic venosas no puerperio;-;-;-;-;-;-;1;-;2;2;-;-;-;-;-;-;-;-;-;-;-;5
O88   Embolia orig obstetrica;-;-;-;-;-;-;-;2;3;2;3;-;1;-;-;-;-;-;-;-;-;11
O90   Complic do puerperio NCOP;-;-;-;-;-;-;1;5;2;-;5;-;-;-;-;-;-;-;-;-;-;13
O94   Sequelas complic gravidez parto e puerperio;-;-;-;-;-;-;-;-;-;1;-;-;-;-;-;-;-;-;-;-;-;1
O95   Morte obstetrica de causa NE;-;-;-;-;-;-;-;1;1;1;3;-;-;-;-;-;-;-;-;-;-;6
O96   Morte qq caus obst mais 42d menos 1a parto;-;-;-;-;-;-;2;2;3;3;6;1;-;-;-;-;-;-;-;-;-;17
O97   Morte p/sequelas causas obstetricas diretas;-;-;-;-;-;-;-;-;-;-;1;-;-;-;-;-;-;-;-;-;-;1
O98   Doen inf paras mat COP compl grav part puerp;-;-;-;-;-;-;-;3;-;5;-;-;-;-;-;-;-;-;-;-;-;8
O99   Outr doenc mat COP compl grav parto puerp;-;-;-;-;-;-;9;12;31;21;15;9;-;-;-;-;-;-;-;-;-;97
P00   Fet rec-nasc afet afec mat n obr rel grav at;307;99;41;-;-;-;-;-;-;-;-;-;-;-;-;-;-;-;-;-;-;447
P01   Fet rec-nasc afet complic maternas gravidez;332;68;29;-;-;-;-;-;-;-;-;-;-;-;-;-;-;-;-;-;-;429
P02   Fet rec-nasc afet compl plac cord umb membr;220;39;14;-;-;-;-;-;-;-;-;-;-;-;-;-;-;-;-;-;-;273
P03   Fet rec-nasc afet out compl trab parto parto;70;12;7;-;-;-;-;-;-;-;-;-;-;-;-;-;-;-;-;-;-;89
P04   Fet rec-nasc infl af noc trans plac leit mat;8;4;1;-;-;-;-;-;-;-;-;-;-;-;-;-;-;-;-;-;-;13
P05   Crescimento fetal retard e desnutric fetal;14;5;2;-;-;-;-;-;-;-;-;-;-;-;-;-;-;-;-;-;-;21
P07   Transt rel gest curt dur peso baix nasc NCOP;214;15;1;-;-;-;-;-;-;-;-;-;-;-;-;-;-;-;-;-;2;232
P10   Laceracao intracran hemorrag dev traum parto;1;-;-;-;-;-;-;-;-;-;-;-;-;-;-;-;-;-;-;-;-;1
P11   Outr traum de parto do sist nervoso central;1;-;-;-;-;-;-;-;-;-;-;-;-;-;-;-;-;-;-;-;-;1
P13   Lesoes do esqueleto dev traum de parto;1;-;-;-;-;-;-;-;-;-;-;-;-;-;-;-;-;-;-;-;-;1
P15   Outr traum de parto;8;1;-;-;-;-;-;-;-;-;-;-;-;-;-;-;-;-;-;-;-;9
P20   Hipoxia intra-uterina;54;6;1;-;-;-;-;-;-;-;-;-;-;-;-;-;-;-;-;1;-;62
P21   Asfixia ao nascer;142;28;10;3;1;-;3;1;-;-;1;1;-;-;-;-;1;-;-;-;-;191
P22   Desconforto respirat do recem-nascido;371;86;18;-;-;-;-;-;-;-;-;-;-;-;-;-;-;-;-;-;-;475
P23   Pneumonia congen;50;13;9;-;-;-;-;-;-;-;-;-;-;-;-;-;-;-;1;3;-;76
P24   Sindr de aspiracao neonatal;66;25;18;-;-;-;-;-;-;-;-;-;-;-;-;-;-;-;-;-;-;109
P25   Enfisema interst afecc corr orig per perinat;26;2;3;-;-;-;-;-;-;-;-;-;-;-;-;-;-;-;-;-;-;31
P26   Hemorragia pulmonar orig periodo perinatal;73;21;1;-;-;-;-;-;-;-;-;-;-;-;-;-;-;-;-;-;-;95
P27   Doenc respirat cron orig periodo perinatal;3;2;40;3;-;-;-;-;-;-;-;-;-;-;-;-;-;-;-;-;-;48
P28   Outr afeccoes respirat orig per perinatal;133;17;6;-;-;-;-;-;-;-;-;-;-;-;-;-;-;-;-;-;-;156
P29   Transt cardiovasc orig periodo perinatal;69;20;12;-;-;-;-;-;-;-;-;-;-;-;-;-;-;-;-;-;-;101
P35   Doenc virais congen;1;2;2;1;-;-;-;-;-;-;-;-;-;-;-;-;-;-;-;-;-;6
P36   Septicemia bacter do recem-nascido;258;248;83;1;-;-;-;-;-;-;-;-;-;-;-;-;-;-;-;1;-;591
P37   Outr doenc infecc e parasit congen;2;6;5;-;1;-;2;-;-;-;-;-;-;-;-;-;-;-;-;-;-;16
P38   Onfalite recem-nasc c/ou s/hemorragia leve;2;1;-;-;-;-;-;-;-;-;-;-;-;-;-;-;-;-;-;-;-;3
P39   Outr infecc especificas do periodo perinatal;23;21;15;-;-;-;-;-;-;-;-;-;-;-;-;-;-;-;-;-;-;59
P50   Perda sanguinea fetal;4;1;-;-;-;-;1;-;-;-;-;-;-;-;-;-;-;-;-;-;-;6
P52   Hemorragia intracran nao-traum feto rec-nasc;10;8;2;-;-;-;-;-;-;-;-;-;-;-;-;-;-;-;-;-;-;20
P53   Doenc hemorragica do feto e do recem-nascido;-;1;-;-;-;-;-;-;-;-;-;-;-;-;-;-;-;-;-;-;-;1
P54   Outr hemorragias neonatais;12;3;-;-;-;-;-;-;-;-;-;-;-;-;-;-;-;-;-;-;-;15
P55   Doenc hemolitica do feto e do recem-nascido;5;1;-;-;-;-;-;-;-;-;-;-;-;-;-;-;-;-;-;-;-;6
P56   Hidropsia fetal dev doenc hemolitica;1;-;-;-;-;-;-;-;-;-;-;-;-;-;-;-;-;-;-;-;-;1
P57   Kernicterus;1;-;-;-;-;-;-;-;-;-;-;-;-;-;-;-;-;-;-;1;-;2
P60   Coagulacao intravasc dissem feto rec-nasc;17;13;-;-;-;-;-;-;-;-;-;-;-;-;-;-;-;-;-;-;-;30
P61   Outr transt hematologicos perinatais;11;3;1;-;-;-;-;-;-;-;-;-;-;-;-;-;-;-;-;-;-;15
P70   Trans transit metab carboid esp fet rec-nasc;8;1;3;-;-;-;-;-;-;-;-;-;-;-;-;-;-;-;-;-;-;12
P74   Outr dist eletrolit metab transit per neonat;1;3;2;-;-;-;-;-;-;-;-;-;-;-;-;-;-;-;-;-;-;6
P76   Outr obstrucoes intestinais do recem-nascido;2;-;-;-;-;-;-;-;-;-;-;-;-;-;-;-;-;-;-;-;-;2
P77   Enterocolite necrotizante do feto e rec-nasc;9;74;48;-;-;-;-;-;-;-;-;-;-;-;-;-;-;-;-;-;-;131
P78   Outr transt ap digestivo periodo perinatal;6;12;4;-;-;-;-;-;-;-;-;-;-;-;-;-;-;-;-;-;-;22
P80   Hipotermia do recem-nascido;3;-;-;-;-;-;-;-;-;-;-;-;-;-;-;-;-;-;-;-;1;4
P81   Outr disturbios regulacao termica rec-nasc;2;-;-;-;-;-;-;-;-;-;-;-;-;-;-;-;-;-;-;-;-;2
P83   Outr afecc compr tegum espec feto rec-nasc;17;3;1;-;-;-;-;-;-;-;-;-;-;-;-;-;-;-;-;-;-;21
P90   Convulsoes do recem-nascido;1;1;-;-;-;-;-;-;-;-;-;-;-;-;-;-;-;-;-;-;-;2
P91   Outr disturbios funcao cerebral rec-nasc;3;3;9;-;-;-;-;-;-;-;-;-;-;-;-;-;-;-;-;-;-;15
P92   Problemas de alimentacao do recem-nascido;-;1;-;-;-;-;-;-;-;-;-;-;-;-;-;-;-;-;-;-;-;1
P96   Outr afeccoes originadas periodo perinatal;114;48;-;-;-;-;-;-;-;-;-;-;-;-;-;-;-;-;-;-;2;164
Q00   Anencefalia e malformacoes similares;82;7;5;1;-;-;-;-;-;-;-;-;-;-;-;-;-;-;-;-;-;95
Q01   Encefalocele;4;4;3;-;-;-;-;-;-;1;1;1;-;-;1;1;-;-;-;1;-;17
Q02   Microcefalia;-;-;4;1;2;2;3;1;2;1;1;1;-;1;-;-;-;-;-;-;-;19
Q03   Hidrocefalia congen;7;10;25;10;3;4;4;2;-;3;-;-;-;1;1;-;1;-;-;-;-;71
Q04   Outr malformacoes congen do cerebro;14;4;26;7;1;-;1;3;-;3;1;-;-;1;-;-;-;-;-;-;-;61
Q05   Espinha bifida;2;3;-;3;-;4;3;2;2;-;1;1;-;-;-;-;-;-;-;-;-;21
Q06   Outr malformacoes congen da medula espinhal;-;-;-;-;1;-;-;-;-;-;-;-;1;-;-;-;-;-;-;-;-;2
Q07   Outr malformacoes congen do sist nervoso;6;1;5;3;2;1;-;1;-;3;-;-;-;2;-;-;-;-;1;1;-;26
Q20   Malform congen camaras e comunicacoes card;20;23;22;8;1;1;2;-;-;2;-;-;2;-;-;1;-;1;-;-;-;83
Q21   Malformacoes congen dos septos cardiacos;18;21;67;11;4;1;1;3;5;1;1;2;1;3;1;2;1;3;1;2;-;149
Q22   Malform congen valvas pulmonar tricuspide;9;23;20;8;2;2;-;-;-;1;-;1;1;-;-;-;-;1;-;-;-;68
Q23   Malformacoes congen valvas aortica e mitral;13;22;25;6;1;1;-;-;-;1;-;-;-;-;-;-;2;-;-;-;-;71
Q24   Outr malformacoes congen do coracao;96;51;118;24;6;3;2;2;1;-;3;-;2;3;2;4;2;5;4;7;-;335
Q25   Malformacoes congen das grandes arterias;19;25;32;3;1;2;-;-;-;-;-;-;-;-;-;-;-;1;-;6;-;89
Q26   Malformacoes congen das grandes veias;1;-;-;-;-;-;-;-;-;-;-;-;-;-;-;-;1;-;-;-;-;2
Q27   Outr malformacoes congen sist vasc perif;1;1;2;1;2;2;1;3;1;1;-;1;2;1;1;2;-;1;1;2;-;26
Q28   Outr malform congen aparelho circulatorio;3;1;1;1;-;-;1;-;-;-;1;1;-;-;2;1;1;1;1;-;-;15
Q30   Malformacao congen do nariz;-;-;1;-;-;-;-;-;-;-;-;-;-;-;-;-;-;-;-;-;-;1
Q31   Malformacoes congen da laringe;1;-;-;-;-;-;-;-;-;-;-;-;-;-;-;-;-;-;-;-;-;1
Q32   Malformacoes congen traqueia e bronquios;4;-;2;2;-;-;-;-;1;-;-;-;-;-;-;-;-;1;-;-;-;10
Q33   Malformacoes congen do pulmao;66;8;16;6;2;-;-;-;-;-;1;-;-;-;-;1;-;-;1;-;-;101
Q34   Outr malformacoes congen aparelho respirat;4;-;1;-;-;-;-;-;-;-;-;-;-;-;-;-;-;-;-;-;-;5
Q35   Fenda palatina;-;-;2;-;-;-;-;-;-;-;-;-;-;-;-;-;-;-;-;-;-;2
Q36   Fenda labial;-;1;-;-;-;-;-;-;-;-;-;-;-;-;-;-;-;-;-;-;-;1
Q37   Fenda labial c/fenda palatina;1;-;2;-;-;-;-;-;-;-;-;-;-;-;-;-;-;-;-;-;-;3
Q38   Outr malform congen lingua boca e faringe;2;-;1;-;-;-;-;-;-;-;-;-;-;-;-;-;-;-;-;-;-;3
Q39   Malformacoes congen do esofago;6;8;11;3;-;-;-;-;-;-;-;-;-;-;1;-;1;1;-;-;-;31
Q40   Outr malform congen trato digestivo super;-;-;2;-;-;-;-;-;-;-;-;-;-;-;-;-;-;-;-;-;-;2
Q41   Ausencia atresia estenose congen intest delg;1;3;5;1;-;-;-;-;-;-;-;-;-;-;-;-;-;-;-;-;-;10
Q42   Ausencia atresia e estenose congen do colon;2;3;2;-;-;-;-;-;-;-;-;-;-;-;-;-;-;-;-;-;-;7
Q43   Outr malformacoes congen do intestino;2;-;11;-;1;1;1;-;-;-;-;-;1;1;-;-;-;2;1;1;-;22
Q44   Malform congen vesic biliar via biliar figad;1;1;11;4;1;2;-;3;1;-;1;-;1;1;1;2;2;1;-;-;-;33
Q45   Outr malformacoes congen aparelho digestivo;2;2;5;-;-;-;-;-;-;-;-;-;-;-;-;-;-;-;-;-;-;9
Q52   Outr malformacoes congen org genitais femin;-;-;1;-;-;-;-;-;-;-;-;-;-;-;-;-;-;-;-;-;-;1
Q54   Hipospadias;-;-;-;1;-;-;-;-;-;-;-;-;-;-;-;-;-;-;-;-;-;1
Q56   Sexo indeterminado e pseudo-hermafroditismo;1;-;-;-;-;-;-;-;-;-;-;-;-;-;-;-;-;-;-;-;-;1
Q60   Agenesia renal e outr defeitos reducao rim;36;1;4;1;-;-;-;-;-;-;-;-;-;-;-;-;-;-;-;-;-;42
Q61   Doenc cisticas do rim;21;3;3;1;-;1;-;-;-;2;-;2;4;6;6;4;5;5;1;7;-;71
Q62   Anom cong obstr pelv renal malf cong ureter;4;-;-;-;-;-;-;-;-;-;-;-;-;-;-;-;-;-;1;-;-;5
Q63   Outr malformacoes congen do rim;11;3;2;-;1;-;-;-;-;-;-;-;-;-;-;-;-;-;-;1;-;18
Q64   Outr malformacoes congen aparelho urinario;9;3;3;-;-;-;-;-;-;-;1;-;-;-;-;-;-;-;-;-;-;16
Q67   Deform osteom cong cabeca face coluna torax;1;-;-;-;-;-;-;-;-;-;1;-;-;-;-;-;-;-;-;-;-;2
Q68   Outr deform osteomusculares congen;1;-;-;-;-;-;-;-;-;-;-;-;-;-;-;-;-;-;-;-;-;1
Q75   Outr malformacoes congen ossos cranio e face;2;1;1;1;2;1;1;-;-;-;1;-;1;-;1;-;-;-;-;-;-;12
Q76   Malform congen coluna vertebral ossos torax;1;-;-;-;-;-;-;-;-;-;-;-;-;-;-;-;-;-;-;-;-;1
Q77   Osteocondr c/anom cresc ossos long col vert;10;1;5;1;-;-;-;-;-;1;-;-;-;-;-;-;-;-;-;-;-;18
Q78   Outr osteocondrodisplasias;5;2;3;1;-;-;-;1;-;-;-;1;-;-;1;-;-;-;-;-;-;14
Q79   Malformacoes congen sist osteomuscular NCOP;103;22;15;2;-;-;1;1;1;-;-;-;-;-;-;-;-;-;-;-;-;145
Q80   Ictiose congen;-;-;2;-;-;-;-;-;-;-;-;-;-;-;-;-;-;-;-;-;-;2
Q81   Epidermolise bolhosa;-;1;1;-;-;-;-;-;-;-;-;-;-;-;-;-;-;-;-;-;-;2
Q85   Facomatoses NCOP;-;-;-;-;-;1;-;-;-;2;2;1;1;1;-;-;-;1;-;-;-;9
Q87   Outr sindr c/malform cong q acomet mult sist;13;6;7;7;3;1;1;3;-;3;1;-;1;2;2;-;-;-;-;-;-;50
Q89   Outr malformacoes congen NCOP;120;23;31;3;-;1;3;-;-;2;2;-;-;-;-;-;-;-;-;-;-;185
Q90   Sindr de Down;10;6;39;13;2;3;2;2;4;3;5;6;13;14;11;13;2;1;-;-;-;149
Q91   Sindr de Edwards e sindr de Patau;25;15;51;6;2;-;-;-;-;-;-;-;-;-;-;-;-;-;-;-;-;99
Q92   Outr trissomias e trissom parc autoss NCOP;1;-;-;-;-;-;-;-;-;-;-;-;-;-;-;-;-;-;-;-;-;1
Q93   Monossomias e delecoes dos autossomos NCOP;-;1;2;1;2;-;-;-;-;2;-;1;1;-;-;-;-;-;-;-;-;10
Q95   Rearranjos equilibr e marcadores estrut NCOP;-;-;1;-;-;-;-;-;-;-;-;-;-;-;-;-;-;-;-;-;-;1
Q96   Sindr de Turner;-;-;-;1;-;-;-;-;-;-;-;-;-;-;-;-;-;-;-;-;-;1
Q99   Outr anomalias dos cromossomos NCOP;8;4;11;2;-;2;2;1;1;-;-;-;-;-;-;-;-;-;-;-;-;31
R00   Anormalidades do batimento cardiaco;-;-;-;-;-;-;-;-;-;-;-;-;-;-;-;-;-;1;-;7;-;8
R02   Gangrena NCOP;-;-;-;-;-;-;-;-;-;-;-;-;1;1;-;1;1;-;1;1;-;6
R04   Hemorragia das vias respirat;-;-;1;-;-;3;3;6;2;3;1;-;2;4;4;-;2;1;1;3;-;36
R06   Anormalidades da respiracao;-;-;-;-;-;-;-;-;-;-;1;-;-;1;1;-;-;2;-;1;-;6
R07   Dor de garganta e no peito;-;-;-;-;-;-;-;-;-;-;-;-;-;1;-;-;-;-;-;3;-;4
R09   Outr sint sinais relat ap circulat respirat;-;-;5;2;-;3;2;7;9;12;21;17;24;60;63;90;98;98;137;384;-;1032
R10   Dor abdominal e pelvica;-;-;-;1;-;1;-;1;3;-;-;2;3;5;4;7;6;4;5;30;-;72
R11   Nausea e vomitos;-;-;-;-;-;-;-;-;-;-;-;-;-;-;-;-;-;-;1;2;-;3
R13   Disfagia;-;-;-;-;-;-;-;-;-;-;-;-;-;-;-;-;-;1;-;-;-;1
R17   Ictericia NE;-;-;-;-;-;-;-;-;1;-;-;1;-;-;1;-;-;1;-;3;-;7
R18   Ascite;-;-;-;-;-;-;-;-;-;-;-;-;-;-;-;2;-;1;-;-;-;3
R19   Outr sint e sinais relat ap digest abdome;-;-;-;-;-;-;-;-;-;-;-;-;-;-;-;1;3;1;-;3;-;8
R22   Tumefac massa tumoracao loc pele tec subcut;-;-;-;-;-;-;-;-;-;-;-;-;-;-;1;1;-;-;1;2;-;5
R30   Dor assoc a miccao;-;-;-;-;-;-;-;-;-;-;-;-;-;-;-;1;-;-;-;-;-;1
R31   Hematuria NE;-;-;-;-;-;-;-;-;-;-;-;-;-;-;1;-;-;-;-;1;-;2
R40   Sonolencia estupor e coma;-;-;-;-;-;-;-;-;-;-;-;-;-;-;-;-;-;1;-;2;-;3
R44   Outr sint sinais relat sensac percep gerais;-;-;-;-;-;-;-;-;-;-;-;-;-;-;-;-;-;-;-;1;-;1
R50   Febre origem desconhecida e outras origens;-;-;-;-;-;-;-;-;1;-;-;-;-;-;-;-;-;-;-;1;-;2
R52   Dor NCOP;-;-;-;-;-;-;-;-;-;-;-;1;-;-;-;-;-;-;-;-;-;1
R53   Mal estar fadiga;-;-;-;-;-;-;-;-;-;-;-;-;-;-;1;-;-;-;-;-;-;1
R54   Senilidade;-;-;-;-;-;-;-;-;-;-;-;2;-;2;-;4;16;16;52;774;-;866
R56   Convulsoes NCOP;-;-;-;1;-;-;-;1;-;-;-;1;2;2;1;2;3;-;3;1;-;17
R57   Choque NCOP;3;1;-;1;-;-;-;3;3;6;3;9;11;10;19;21;23;27;33;88;-;261
R58   Hemorragia NCOP;-;-;-;-;-;-;1;2;-;-;1;-;1;-;-;2;2;2;2;3;-;16
R59   Aumento de volume dos ganglios linfaticos;-;-;-;-;-;-;-;-;-;1;-;-;-;-;-;-;-;-;-;-;-;1
R60   Edema NCOP;-;-;-;-;-;-;-;-;-;1;-;-;-;-;-;-;-;-;-;-;-;1
R63   Sint sinais relat ingestao alimentos liquid;-;-;-;-;-;-;-;-;-;-;-;-;-;1;-;-;-;-;2;2;-;5
R64   Caquexia;-;-;-;-;-;-;-;-;-;1;-;-;2;7;8;5;8;6;14;69;-;120
R68   Outr sint e sinais gerais;-;-;-;2;-;-;1;3;2;1;-;3;11;13;20;20;29;44;37;228;-;414
R73   Aumento da glicemia;-;-;1;-;-;-;-;-;-;-;-;-;-;-;-;-;-;-;-;-;-;1
R85   Achados anorm mat prov org digest cav abdom;-;-;-;-;-;-;-;-;-;-;-;-;-;-;-;-;-;1;-;1;-;2
R90   Result anorm exam diagn imag sist nerv centr;-;-;-;-;-;-;-;-;-;-;-;-;-;-;1;-;-;-;-;-;-;1
R91   Achados anorm exames diagn imagem do pulmao;-;-;-;-;1;-;-;-;-;-;-;-;-;-;1;1;1;-;1;-;-;5
R92   Achados anorm exames diagn imagem da mama;-;-;-;-;-;-;-;-;-;-;1;-;-;-;-;-;-;1;-;1;-;3
R93   Achados anorm exam diagn imag out estr corp;-;-;-;-;-;-;-;-;-;-;-;-;-;-;-;-;-;1;-;-;-;1
R94   Resultados anormais de estudos de funcao;-;-;-;-;-;-;-;-;-;-;-;-;-;-;-;-;-;-;-;1;-;1
R95   Sindr da morte subita na infancia;5;7;16;1;-;-;-;-;-;-;-;-;-;-;-;-;-;1;-;-;-;30
R96   Outr mortes subitas de causa desconhecida;-;-;1;1;1;-;3;4;-;3;15;23;16;42;47;43;63;48;66;205;1;582
R98   Morte s/assist;1;1;6;4;2;7;16;17;21;34;58;88;145;180;271;302;352;402;451;1296;8;3662
R99   Outr causas mal definidas e NE mortalidade;4;-;62;16;13;21;124;151;166;194;240;279;337;432;528;537;564;512;610;1666;93;6549
V01   Pedestre traum colis veic a pedal;-;-;-;-;-;-;-;-;-;-;-;1;-;-;-;-;-;-;2;-;-;3
V02   Pedestre traum colis veic motor 2 3 rodas;-;-;1;-;3;1;5;5;6;5;4;6;10;10;15;12;18;18;13;23;-;155
V03   Pedestre traum colis automov pickup caminhon;-;-;1;9;8;7;7;12;18;17;15;25;27;24;22;31;10;25;17;28;10;313
V04   Pedestre traum colis veic transp pesado onib;-;-;-;2;5;5;6;9;6;7;16;14;14;15;18;13;13;11;13;19;8;194
V05   Pedestre traum colis trem veic ferroviario;-;-;-;-;-;-;3;5;3;6;2;4;3;3;-;1;2;-;3;1;5;41
V06   Pedestre traum colis outr veic nao-motoriz;-;-;-;-;-;-;-;-;-;-;-;1;-;-;1;-;-;-;-;-;-;2
V09   Pedestre traum outr acid transp e NE;-;-;-;14;5;17;40;42;47;51;65;74;65;73;80;68;46;47;35;68;44;881
V11   Ciclista traum colis outr veic a pedal;-;-;-;-;-;-;1;-;-;-;-;-;-;-;1;-;-;-;-;-;-;2
V12   Ciclista traum colis veic motor 2 3 rodas;-;-;-;-;-;1;1;1;-;-;-;2;1;1;2;2;1;3;2;1;-;18
V13   Ciclista traum colis automov pickup caminhon;-;-;-;-;-;4;7;10;7;7;3;4;9;4;2;1;6;2;1;1;-;68
V14   Ciclis traum colis veic transp pesado onibus;-;-;-;-;1;3;7;3;6;3;3;6;1;2;7;2;2;2;-;-;-;48
V15   Ciclista traum colis trem veic ferroviario;-;-;-;-;-;-;-;-;-;-;-;-;-;-;-;-;-;-;-;1;-;1
V17   Ciclista traum colis objeto fixo ou parado;-;-;-;-;-;-;-;1;-;-;1;-;3;-;1;-;1;-;-;-;-;7
V18   Ciclista traum acid transp s/colis;-;-;-;-;2;5;4;1;2;-;2;-;5;2;2;2;3;5;-;-;-;35
V19   Ciclista traum acid transp e NE;-;-;-;-;1;2;2;3;3;2;7;6;5;11;5;3;7;3;2;-;-;62
V20   Motociclista traum colis pedestre animal;-;-;-;-;-;-;1;4;3;5;2;-;-;3;-;-;-;-;-;-;-;18
V21   Motociclista traum colis veic pedal;-;-;-;-;-;-;-;3;-;-;-;-;-;1;-;-;-;-;-;-;-;4
V22   Motocicl traum colis veic motor 2 3 rodas;-;-;-;-;-;1;3;11;3;3;1;-;1;1;2;-;2;-;-;2;-;30
V23   Motocicl traum colis automov pickup caminhon;-;-;-;-;-;4;44;67;60;43;41;29;18;6;9;4;4;1;-;-;-;330
V24   Motocicl traum colis veic transp pesado onib;-;-;-;-;-;1;30;46;33;33;23;20;12;8;6;3;1;3;-;-;-;219
V25   Motociclista traum colis trem veic ferrov;-;-;-;-;-;-;-;-;1;-;-;-;-;-;-;-;-;-;-;-;-;1
V26   Motocicl traum colis outr veic nao-motoriz;-;-;-;-;-;-;-;1;-;-;-;-;-;-;-;-;-;-;-;-;-;1
V27   Motocicl traum colis objeto fixo parado;-;-;-;-;-;4;40;50;29;22;13;18;5;2;1;1;-;-;-;-;-;185
V28   Motociclista traum acid transp s/colis;-;-;-;-;-;2;26;33;25;13;13;9;5;4;7;2;-;-;-;-;1;140
V29   Motociclista traum outr acid transp e NE;-;-;1;-;-;4;72;106;91;81;58;33;37;26;22;6;3;4;3;1;2;550
V32   Ocup tric mot traum col out veic mot 2 3 rod;-;-;-;-;-;-;-;1;-;-;-;-;-;-;-;-;-;-;-;-;-;1
V37   Ocup tricic mot traum colis obj fixo parado;-;-;-;-;-;-;-;-;-;-;-;-;-;-;1;-;-;-;-;-;-;1
V38   Ocup tricic motor traum acid transp s/colis;-;-;-;-;-;-;1;-;-;-;-;-;-;-;-;-;-;-;-;-;-;1
V39   Ocup tricicl mot traum outr acid transp e NE;-;-;-;-;-;-;-;1;1;-;-;1;-;-;1;-;-;-;-;-;-;4
V40   Ocup automovel traum colis pedestre animal;-;-;-;-;-;-;-;2;-;-;-;-;-;-;-;-;-;-;-;-;-;2
V42   Ocup autotraum colis outr veic mot 2 3 rodas;-;-;-;-;-;-;-;-;-;-;1;1;1;-;-;-;-;1;-;1;-;5
V43   Ocup automov traum col auto pickup caminhon;-;-;-;1;3;5;9;19;23;19;25;15;18;19;9;15;14;7;2;6;-;209
V44   Ocup autom traum colis veic trans pesad onib;-;-;-;5;3;3;15;23;18;22;27;20;17;13;14;14;3;10;1;1;1;210
V46   Ocup automov traum colis outr veic n-motor;-;-;-;-;-;-;-;-;1;-;-;-;-;-;-;-;-;-;-;-;-;1
V47   Ocup automovel traum colis obj fixo parado;-;-;2;-;1;2;28;29;20;21;14;16;10;12;5;7;6;4;1;8;-;186
V48   Ocup automovel traum acid transp s/colis;-;-;-;1;2;1;16;16;15;20;12;12;8;10;3;6;8;3;4;2;-;139
V49   Ocup automovel traum outr acid transp e NE;-;-;-;5;8;8;31;57;77;56;49;49;45;36;27;35;29;18;15;13;3;561
V53   Ocup caminhon traum colis automov caminhon;-;-;-;-;-;-;-;-;-;-;1;-;-;-;-;-;-;-;-;-;-;1
V54   Ocup caminhon traum col veic transp pes onib;-;-;-;-;-;-;1;1;2;-;1;-;-;1;-;-;-;-;-;1;-;7
V57   Ocup caminhonete traum colis obj fixo parado;-;-;-;-;-;-;-;3;-;-;-;-;-;-;1;-;-;-;-;-;-;4
V58   Ocup caminhonete traum acid transp s/colis;-;-;-;1;1;-;2;1;2;-;1;2;-;-;2;1;-;-;-;-;-;13
V59   Ocup caminhonete traum outr acid transp NE;-;-;-;-;-;-;-;1;-;1;-;-;1;-;1;-;-;-;-;-;-;4
V63   Ocup veic tr pesado traum col auto caminhon;-;-;-;-;-;-;-;-;-;-;-;-;1;-;1;-;-;-;-;-;-;2
V64   Ocup v tr pes tr col outr veic tr pes onib;-;-;-;-;-;1;-;1;3;5;5;3;5;7;2;2;3;-;-;-;-;37
V65   Ocup veic tr pes traum col trem veic ferrov;-;-;-;-;-;-;-;-;-;-;-;1;-;-;-;-;-;-;-;-;-;1
V67   Ocup veic tr pesado traum col obj fixo parad;-;-;-;-;-;-;1;1;-;1;3;1;1;2;-;1;2;-;-;-;-;13
V68   Ocup veic tr pesado traum ac transp s/colis;-;-;-;1;-;-;1;6;3;6;4;11;8;4;5;3;6;3;-;-;-;61
V69   Ocup veic tr pesado traum outr ac transp NE;-;-;-;-;-;-;-;-;-;1;1;6;4;5;2;3;2;1;-;-;-;25
V74   Ocup onibus traum colis veic transp pes onib;-;-;-;-;-;-;-;-;-;-;-;1;-;-;-;1;-;-;-;-;-;2
V77   Ocup onibus traum colis objeto fixo parado;-;-;-;-;-;-;-;-;-;-;-;-;-;-;-;1;-;-;-;-;-;1
V78   Ocup onibus traum acid transp s/colis;-;-;-;-;-;-;-;4;2;-;1;-;-;-;-;2;3;1;1;1;-;15
V79   Ocup onibus traum outr acid transp e NE;-;-;-;-;-;-;-;1;1;2;-;2;-;2;-;-;-;-;-;1;-;9
V80   Pess mont anim oc veic anim traum ac transp;-;-;-;-;-;1;2;2;1;2;2;2;1;4;2;1;1;2;1;1;-;25
V81   Ocup trem veic ferroviario traum acid transp;-;-;-;-;-;-;1;-;-;-;-;-;-;-;-;-;-;-;-;-;-;1
V82   Ocup de um bonde traum acid transp;-;-;-;-;-;-;-;-;-;-;-;-;-;-;1;-;-;-;-;-;-;1
V83   Ocup veic esp mot area ind traum ac transp;-;-;-;-;-;-;-;-;-;-;-;1;-;-;1;1;2;-;-;-;-;5
V84   Ocup veic esp mot uso agric traum acid trans;-;-;-;-;-;-;-;-;-;-;2;-;-;2;3;2;2;-;1;1;-;13
V85   Ocup veic mot esp constr traum acid transp;-;-;-;-;-;-;-;-;-;-;-;-;1;-;-;-;-;-;-;-;-;1
V86   Ocup veic outr uso n-via pub traum ac transp;-;-;-;-;-;-;1;-;-;-;-;-;-;-;-;-;-;-;-;-;-;1
V87   Acid trans tipo espec desconh mod transp vit;-;-;-;-;-;1;3;12;4;4;5;5;1;8;1;2;1;-;-;-;-;47
V88   Ac n-trans tipo espec desconh mod transp vit;-;-;-;-;-;-;-;-;-;1;-;-;-;1;-;-;-;-;-;-;-;2
V89   Acid veic mot n-mot tipos de veic NE;-;-;2;3;8;11;94;156;150;121;130;105;107;92;54;52;47;26;24;25;8;1215
V90   Acid embarcacao caus afogamento submersao;-;-;-;-;-;-;-;-;-;1;-;1;-;1;-;-;-;-;-;-;-;3
V91   Acid embarcacao causando outr tipo de traum;-;-;-;-;-;-;-;-;-;-;-;2;-;-;1;-;-;-;-;-;-;3
V92   Afog submers rel transp agua s/acid embarc;-;-;-;-;-;-;-;1;-;-;-;-;-;1;-;-;-;-;-;1;-;3
V95   Acid de aeronave mot causando traum ao ocup;-;-;-;-;-;-;1;-;3;1;1;1;1;1;1;1;-;-;-;-;-;11
V96   Acid aeronave s/motor causando traum a ocup;-;-;-;-;-;-;-;-;-;-;-;-;1;1;-;-;-;-;-;-;-;2
V97   Outr acid espec de transporte aereo;-;-;-;-;-;-;-;-;-;-;1;-;1;-;-;-;-;-;-;-;-;2
V98   Outr acid transp espec;-;-;-;-;-;-;-;-;1;-;-;-;-;1;-;-;-;-;-;-;-;2
V99   Acid transp NE;-;-;-;1;-;2;7;15;10;12;6;13;6;12;10;6;3;-;1;5;1;110
W01   Queda mesmo nivel escorr tropec passo falso;-;-;-;-;-;-;-;-;-;3;1;3;5;7;12;7;16;22;29;124;-;229
W02   Queda env patins rodas gelo esqui pranch rod;-;-;-;-;-;-;3;-;1;-;-;1;-;-;-;-;-;-;-;-;-;5
W03   Outr qued mesmo niv colis empurrao outr pess;-;-;-;-;-;-;-;-;-;1;-;-;-;-;-;-;1;-;-;-;-;2
W04   Queda enquanto carreg apoiado p/outr pessoas;-;-;2;-;-;-;-;-;-;-;-;-;1;-;-;-;-;-;-;-;-;3
W05   Queda envolv uma cadeira de rodas;-;-;-;-;-;-;-;-;-;-;1;-;-;-;1;-;-;-;-;1;-;3
W06   Queda de um leito;-;-;2;-;-;-;-;-;-;-;-;-;2;1;1;1;-;6;9;31;-;53
W07   Queda de uma cadeira;-;-;-;-;-;-;-;-;-;-;-;-;-;1;-;1;4;1;1;12;-;20
W08   Queda de outr tipo de mobilia;-;-;-;-;-;-;-;-;-;-;-;-;-;-;-;-;-;-;2;3;-;5
W09   Queda envolv equipamento de playground;-;-;-;-;-;-;-;-;-;-;1;-;-;-;-;-;-;-;-;-;-;1
W10   Queda em ou de escadas ou degraus;-;-;1;2;1;-;-;-;4;3;5;15;15;16;21;21;21;22;14;26;-;187
W11   Queda em ou de escadas de mao;-;-;-;-;-;-;1;-;-;-;-;-;3;2;1;2;3;5;3;1;-;21
W12   Queda em ou de um andaime;-;-;-;-;-;-;1;2;2;2;1;3;6;8;10;3;6;1;-;-;-;45
W13   Queda de ou p/fora edificios outr estruturas;-;-;-;2;2;6;4;7;7;12;21;24;19;29;25;26;25;23;10;9;1;252
W14   Queda de arvore;-;-;-;-;-;-;-;-;-;3;-;2;3;2;3;1;3;4;3;1;1;26
W15   Queda de penhasco;-;-;-;-;-;-;-;-;1;-;-;-;-;-;-;-;-;-;-;-;-;1
W16   Merg pulo agua caus out traum n afog submers;-;-;-;-;-;-;-;-;2;1;2;1;1;-;-;-;-;-;-;-;-;7
W17   Outr quedas de um nivel a outr;-;-;1;1;1;-;3;11;6;13;5;11;14;13;16;22;8;10;3;9;2;149
W18   Outr quedas no mesmo nivel;-;-;-;1;-;1;2;3;5;8;28;33;36;37;66;71;92;134;169;683;1;1370
W19   Queda s/especificacao;1;-;2;4;1;3;6;10;20;19;37;45;70;83;83;71;98;100;138;575;2;1368
W20   Impacto caus objeto lanc projetado em queda;-;-;-;4;4;-;3;4;3;5;3;2;8;7;5;9;3;-;1;3;1;65
W21   Impacto acid ativo passivo caus equip esport;-;-;-;-;-;-;1;-;1;-;-;-;-;-;-;-;-;-;-;-;-;2
W22   Impacto acid ativo passivo caus outr objetos;-;-;-;-;-;-;-;-;-;1;-;1;-;3;-;-;-;1;1;-;-;7
W23   Apert colhid comprim esmag dentro objetos;-;-;-;3;-;-;1;1;-;1;-;4;-;-;1;3;1;-;-;2;-;17
W24   Contato elevadores instr de transm NCOP;-;-;-;-;-;-;1;-;1;-;-;-;1;-;-;-;1;-;1;1;-;6
W25   Contato c/vidro cortante;-;-;-;-;-;-;-;-;-;-;-;-;-;-;-;2;-;-;-;-;-;2
W26   Contato c/faca espada e punhal;-;-;-;-;-;-;-;1;-;1;1;-;-;-;-;-;-;-;-;-;-;3
W27   Contato c/ferramentas manuais s/motor;-;-;-;-;-;-;-;-;-;-;-;-;1;-;-;-;-;-;-;-;-;1
W29   Contat out utens manuais ap domest equip mot;-;-;-;-;-;-;-;-;-;-;-;-;-;-;-;-;1;-;-;-;-;1
W30   Contato c/maquinaria agricola;-;-;-;-;-;-;-;1;-;1;-;-;-;3;-;1;-;-;-;1;-;7
W31   Contato c/outr maquinas e c/as NE;-;-;-;-;-;-;-;3;1;-;1;1;1;1;2;1;2;-;-;-;-;13
W32   Projetil de revolver;-;-;-;-;-;-;-;-;-;1;2;-;-;-;-;-;-;-;-;-;-;3
W34   Projeteis de outr armas de fogo e das NE;-;-;-;-;-;-;1;2;3;5;1;1;2;-;1;-;-;-;-;-;-;16
W36   Explosao ou ruptura de cilindro de gas;-;-;-;-;-;-;-;-;-;-;2;-;-;-;-;-;-;1;-;-;-;3
W37   Explosao ruptura pneumat tubulac mang press;-;-;-;-;-;-;-;-;-;-;-;-;-;-;-;1;-;-;1;-;-;2
W38   Explosao ruptura outr ap pressurizados espec;-;-;-;-;-;-;-;-;-;-;-;1;-;1;-;-;-;-;-;-;-;2
W39   Queima de fogos de artificio;-;-;-;-;-;-;-;-;-;-;-;-;-;-;1;-;-;-;-;2;-;3
W40   Explosao de outr materiais;-;-;-;-;-;-;-;-;3;2;1;3;1;2;2;-;-;-;-;-;-;14
W44   Penetr corpo estranho olho orificio natural;-;-;-;1;-;-;-;-;-;-;-;-;-;-;-;-;1;2;-;2;-;6
W49   Exposicao outr forcas mecan inanimadas e NE;-;-;-;-;-;-;-;1;1;2;-;3;-;-;1;-;-;-;-;1;-;9
W50   Golpe panc pontape mord escor infl outr pess;-;-;-;-;-;-;-;-;-;1;-;-;1;-;-;-;-;-;-;-;-;2
W54   Mordedura ou golpe provocado p/cao;-;-;-;1;-;-;-;-;-;-;-;-;1;-;2;-;-;-;-;1;-;5
W55   Mordedura golpe provoc outr animais mamif;-;-;-;-;-;-;-;-;-;-;-;-;2;1;2;-;-;2;-;1;-;8
W57   Morded picadas inseto outr artrop n-venen;-;-;-;-;-;-;-;-;-;-;-;-;-;-;-;-;-;-;-;1;-;1
W64   Exposicao outr forcas mecan animadas e as NE;-;-;-;-;-;-;-;-;-;-;-;-;1;-;-;-;-;-;-;2;-;3
W67   Afogamento e submersao em piscina;-;-;-;12;4;3;2;-;1;4;1;-;5;1;1;1;1;-;2;1;-;39
W68   Afogamento submersao conseq queda piscina;-;-;-;4;-;1;1;-;-;-;-;-;-;-;-;-;-;-;-;1;-;7
W69   Afogamento e submersao em aguas naturais;-;-;1;5;6;19;58;38;44;26;26;31;32;23;15;15;10;14;3;-;7;373
W70   Afogamento submersao conseq queda aguas nat;-;-;-;1;-;-;2;2;-;-;2;1;1;3;1;-;-;-;-;-;-;13
W73   Outr afogamentos e submersao espec;-;-;-;-;-;-;1;-;-;1;-;-;2;-;-;-;-;-;1;-;-;5
W74   Afogamento e submersao NE;-;-;3;11;8;21;45;44;25;17;30;31;30;19;13;10;15;3;4;5;11;345
W75   Sufocacao e estrangulamento acid na cama;-;1;7;-;-;1;-;-;-;-;-;-;-;-;-;-;1;-;-;-;-;10
W76   Outr enforcamento e estrangulamento acid;-;-;-;1;1;-;-;1;1;2;-;-;1;-;-;-;-;1;-;-;-;8
W77   Risco resp dev desmor queda terra outr subst;-;-;-;1;-;1;2;1;1;-;-;2;1;-;1;-;-;1;-;-;-;11
W78   Inalacao do conteudo gastrico;-;1;38;4;2;1;2;1;4;3;3;1;1;5;3;2;7;3;5;26;2;114
W79   Inalacao ingest aliment caus obstr trat resp;1;3;35;4;4;2;5;2;2;2;4;7;2;8;15;8;9;6;9;18;-;146
W80   Inalac ingest outr obj caus obstr trat resp;-;-;3;2;3;1;2;1;-;1;2;2;1;1;7;3;2;2;1;5;-;39
W81   Confinado aprision ambiente pobre oxigenio;-;-;-;-;1;-;1;-;-;-;1;-;1;-;-;-;-;-;-;-;-;4
W83   Outr riscos espec a respiracao;-;-;-;1;-;-;-;2;-;-;-;-;1;-;-;-;-;-;-;-;-;4
W84   Riscos NE a respiracao;-;6;61;10;1;7;6;13;7;13;9;10;8;12;14;18;16;23;30;163;3;430
W85   Exposicao linhas transm de corrente eletrica;-;-;-;-;-;-;-;1;3;1;1;1;-;1;-;-;1;-;-;-;-;9
W86   Exposicao a outr corrente eletrica espec;-;-;-;-;-;-;-;2;1;-;1;1;2;-;1;-;-;-;-;-;-;8
W87   Exposicao a corrente eletrica NE;-;-;-;-;-;3;5;17;13;19;15;14;16;17;10;4;4;3;1;1;3;145
W92   Exposicao calor excessivo orig artificial;-;-;-;-;-;-;-;-;-;-;-;-;-;-;-;-;-;-;-;1;-;1
W94   Expos alta baixa variacoes pressao atmosf;-;-;1;-;-;-;-;-;-;-;-;-;-;-;-;1;-;-;-;-;-;2
X00   Expos fogo n-contr edificio outr tipo constr;-;-;-;-;-;-;-;1;1;-;1;-;1;1;2;1;1;-;1;-;-;10
X01   Expos fogo n-contr fora edif out tipo constr;-;-;-;-;-;-;-;-;-;-;-;-;-;-;-;-;-;1;1;-;-;2
X02   Exposicao fogo contr edif outr tipo constr;-;-;-;-;-;1;-;1;-;-;-;1;-;1;1;-;-;-;-;-;-;5
X04   Exposicao combustao subst muito inflamavel;-;-;-;-;1;1;-;3;2;1;-;3;-;1;2;-;1;-;1;1;-;17
X08   Exposicao outr tipo espec fumaca fogo chamas;-;-;-;-;-;-;-;-;1;1;3;2;1;-;1;-;1;-;-;-;-;10
X09   Exposicao a tipo NE de fumaca fogo chamas;-;-;-;6;5;4;2;5;5;10;15;14;6;9;11;11;9;4;5;8;5;134
X10   Contato bebid alim gord oleo cozinha quentes;-;-;-;-;-;-;-;-;-;-;-;-;-;-;-;-;1;-;-;-;-;1
X11   Contato c/agua corrente quente de torneira;-;-;-;-;-;-;2;-;-;-;-;-;-;-;-;-;-;-;-;-;-;2
X12   Contato c/outr liquidos quentes;-;-;-;-;-;-;-;-;-;-;-;2;-;-;-;-;-;-;-;2;-;4
X15   Contato c/aparelhos domesticos quentes;-;-;-;-;-;-;-;-;-;1;-;-;1;-;1;-;-;-;1;-;-;4
X20   Contato c/serpentes e lagartos venenosos;-;-;-;-;-;-;1;-;-;-;-;-;-;1;1;1;-;-;-;1;-;5
X22   Contato c/escorpioes;-;-;-;2;1;-;-;-;-;-;-;1;-;1;-;-;-;-;-;-;-;5
X23   Contato c/abelhas vespas e vespoes;-;-;-;-;-;-;-;-;-;1;-;-;1;1;-;1;2;1;-;2;-;9
X25   Contato c/outr artropodes venenosos;-;-;-;1;-;-;-;-;-;-;-;-;-;-;-;-;-;-;-;-;-;1
X30   Exposicao a calor natural excessivo;-;-;-;-;-;-;-;-;-;-;-;-;-;-;1;-;-;-;-;-;-;1
X31   Exposicao a frio natural excessivo;-;-;-;-;-;-;-;-;1;-;-;1;-;-;-;-;-;-;-;-;-;2
X33   Vitima de raio;-;-;-;-;-;-;4;-;2;2;1;-;2;2;1;1;2;1;-;-;-;18
X36   Vitima avalanc desab terra out mov sup terr;-;-;-;1;1;2;-;3;-;1;2;-;1;1;1;-;-;-;-;-;-;13
X37   Vitima de tempestade cataclismica;-;-;-;-;-;-;-;-;-;-;-;-;-;-;-;-;-;1;-;-;-;1
X40   Envenen acid analg antipir anti-reum n-opiac;-;-;-;-;-;-;-;-;-;-;-;-;-;-;-;1;-;-;-;-;-;1
X41   Env ac anticon sed hipn antipark psicot NCOP;-;-;-;-;-;-;-;1;1;-;1;-;-;1;-;1;-;-;-;-;-;5
X42   Envenen acid narcot psicodislepticos NCOP;-;-;-;-;-;-;35;24;35;20;19;5;7;4;1;1;-;-;-;1;2;154
X44   Envenen acid outr drog medic subst biolog NE;-;-;-;-;-;1;3;4;5;-;-;-;1;1;-;-;-;-;-;2;-;17
X45   Envenen acid p/e exposicao ao alcool;-;-;-;-;-;-;-;3;2;11;5;13;5;4;3;-;-;-;-;-;1;47
X46   Envenen acid solv org hidrocarb halog vapor;-;-;-;-;-;5;43;40;17;4;2;-;1;2;-;-;-;-;-;-;-;114
X47   Intox acid outr gases e vapores;-;-;-;-;-;-;-;-;-;-;-;-;-;-;1;-;-;2;-;1;-;4
X48   Envenen acid p/e exposicao a pesticidas;-;-;-;1;-;-;-;-;2;1;-;-;-;-;-;-;-;-;-;-;-;4
X49   Envenen acid outr subst quim nocivas e as NE;-;-;-;1;-;-;1;1;3;2;2;2;3;-;-;1;-;-;-;-;-;16
X50   Excesso exerc movim vigorosos ou repetitivos;-;-;-;-;-;-;-;-;-;-;-;-;-;-;-;-;-;1;-;-;-;1
X58   Exposicao a outr fatores espec;-;-;-;-;-;-;1;1;-;1;1;-;-;-;-;1;-;-;1;1;-;7
X59   Exposicao a fatores NE;-;1;4;-;1;1;17;18;17;21;31;17;29;26;29;22;33;48;47;166;7;535
X60   Auto-int int analg antipir anti-reum n-opiac;-;-;-;-;-;-;-;-;-;-;-;-;-;-;-;-;1;1;-;-;-;2
X61   Auto-int int a-conv sed hip a-park psic NCOP;-;-;-;-;-;1;-;5;4;7;7;2;4;3;3;2;3;2;-;1;-;44
X62   Auto-intox intenc narcot psicodislept NCOP;-;-;-;-;-;-;2;2;1;5;-;3;2;-;1;-;-;-;-;-;-;16
X63   Auto-int int outr subst farm sist nerv auton;-;-;-;-;-;-;1;-;-;-;1;-;1;-;-;-;-;-;-;-;-;3
X64   Auto-int intenc out drog med subst biolog NE;-;-;-;-;-;-;2;1;7;5;3;3;1;3;2;4;1;-;3;-;-;35
X65   Auto-intox voluntaria p/alcool;-;-;-;-;-;-;1;1;-;-;2;-;-;2;-;1;1;-;-;-;-;8
X66   Auto-int int solv org hidrocarb halog vapor;-;-;-;-;-;-;-;-;-;-;-;1;-;-;-;1;-;-;-;-;-;2
X67   Auto-intox intenc p/outr gases e vapores;-;-;-;-;-;-;1;1;3;3;1;1;1;5;-;1;1;-;-;-;-;18
X68   Auto-intox intenc a pesticidas;-;-;-;-;-;-;1;4;8;8;6;12;10;4;5;4;3;1;5;2;-;73
X69   Auto-int intenc outr prod quim subst noc NE;-;-;-;-;-;-;1;3;4;8;7;6;5;6;1;6;2;-;3;2;-;54
X70   Lesao autoprov intenc enforc estrang sufoc;-;-;-;-;-;11;72;149;183;199;180;143;112;118;90;71;32;36;24;32;2;1454
X71   Lesao autoprov intenc p/afogamento submersao;-;-;-;-;-;-;1;1;2;3;2;3;1;3;-;1;1;3;2;-;-;23
X72   Lesao autoprov intenc disp arma fogo de mao;-;-;-;-;-;-;7;2;2;6;3;5;3;4;2;3;2;1;1;2;-;43
X73   Les autoprov int disp arm fog maior calibre;-;-;-;-;-;-;-;1;-;1;-;1;1;-;-;-;-;-;-;-;-;4
X74   Lesao autopr intenc disp outr arma fogo e NE;-;-;-;-;-;1;7;10;17;13;17;14;8;6;9;4;6;5;4;10;-;131
X75   Lesao autoprov intenc p/disp explosivos;-;-;-;-;-;-;-;-;-;-;1;-;-;-;-;-;-;-;-;-;-;1
X76   Lesao autoprov intenc fumaca fogo e chamas;-;-;-;-;-;-;-;1;1;3;5;3;4;5;2;2;3;-;-;1;-;30
X78   Lesao autoprov intenc obj cortante  penetr;-;-;-;-;-;-;2;-;4;6;2;6;4;6;5;7;4;3;-;1;-;50
X79   Lesao autoprov intenc p/objeto contundente;-;-;-;-;-;1;3;1;2;4;4;3;2;3;2;3;1;-;-;-;1;30
X80   Lesao autoprov intenc precip lugar elevado;-;-;-;-;-;1;13;19;25;21;14;19;13;18;11;5;13;3;3;6;3;187
X81   Lesao autoprov intenc precip perm obj movim;-;-;-;-;-;-;2;2;2;-;1;1;1;2;1;-;-;-;-;-;-;12
X82   Lesao autoprov intenc impacto veic a motor;-;-;-;-;-;-;1;1;3;3;1;1;-;2;4;1;2;-;-;1;1;21
X83   Lesao autoprov intenc p/outr meios espec;-;-;-;-;-;-;1;1;-;-;-;1;1;1;1;-;-;-;-;-;-;6
X84   Lesao autoprov intenc p/meios NE;-;-;-;-;-;1;3;3;4;10;8;3;3;6;4;2;1;3;1;1;-;53
X85   Agressao meio drog medic e subst biologicas;-;-;1;-;-;-;-;-;-;-;-;1;-;-;-;-;-;-;-;-;-;2
X86   Agressao p/meio de subst corrosivas;-;-;-;-;-;-;-;-;-;-;-;-;-;-;-;1;-;-;-;-;-;1
X91   Agressao enforc estrangulamento sufocacao;1;-;2;3;2;-;9;18;18;14;18;10;12;11;3;7;5;2;3;5;18;161
X92   Agressao p/meio de afogamento e submersao;-;-;-;-;1;1;1;2;1;-;-;-;-;-;-;-;-;-;-;-;-;6
X93   Agressao disparo de arma de fogo de mao;-;-;-;1;-;3;69;91;78;72;56;47;18;12;9;8;3;-;-;2;6;475
X94   Agressao disparo arma fogo de maior calibre;-;-;-;-;-;-;-;-;-;2;1;2;-;1;1;-;-;-;-;-;-;7
X95   Agressao disparo outr arma de fogo ou NE;-;-;1;-;-;24;480;446;392;368;285;191;134;85;67;34;26;14;8;4;56;2615
X96   Agressao p/meio de material explosivo;-;-;-;-;-;-;-;-;-;-;-;-;1;-;-;-;-;-;-;-;-;1
X97   Agressao p/meio de fumaca fogo e chamas;-;-;-;-;-;-;1;3;3;6;3;-;-;3;1;2;2;-;1;-;8;33
X98   Agressao vapor agua gases ou objetos quentes;-;-;-;1;-;-;-;-;-;-;-;-;-;-;-;-;-;-;-;-;-;1
X99   Agressao objeto cortante ou penetrante;-;-;-;1;3;7;43;93;105;149;121;96;66;49;37;22;21;6;6;5;22;852
Y00   Agressao p/meio de um objeto contundente;-;-;2;2;3;5;28;39;60;51;63;54;52;45;23;24;29;10;16;13;28;547
Y01   Agressao p/meio projecao de um lugar elevado;-;-;-;-;-;-;-;1;1;-;-;1;-;-;-;-;-;-;-;-;-;3
Y02   Agressao proj coloc vitima obj movimento;-;-;-;-;-;-;-;-;2;-;1;-;-;-;-;-;-;-;-;-;-;3
Y03   Agressao p/meio de impacto veic a motor;-;-;-;-;-;-;3;6;1;4;-;1;4;2;2;2;2;1;-;-;-;28
Y04   Agressao p/meio de forca corporal;-;-;-;-;-;-;3;9;6;12;9;14;10;9;8;5;2;2;1;4;2;96
Y05   Agressao sexual p/meio de forca fisica;-;-;-;-;-;-;2;2;-;-;2;-;-;-;-;-;-;-;-;-;-;6
Y06   Negligencia e abandono;-;1;-;-;-;-;-;-;-;-;-;-;-;-;-;-;-;-;-;-;-;1
Y07   Outr sindr de maus tratos;-;-;1;1;-;-;-;-;-;-;1;1;2;1;1;2;-;-;1;-;-;11
Y08   Agressao p/outr meios espec;-;-;-;1;-;-;1;1;3;1;3;3;1;-;-;-;-;-;-;-;1;15
Y09   Agressao p/meios NE;-;-;1;1;-;1;11;44;30;27;40;27;28;15;21;8;5;2;3;6;16;286
Y10   Env analg antipir antireum n-opiac int n det;-;-;-;-;-;-;-;-;-;-;-;-;-;1;-;-;-;-;-;-;-;1
Y11   Env antic sed hipn antip psic NCOP int n det;-;-;-;-;-;-;-;1;2;2;1;2;1;2;2;1;-;-;1;-;-;15
Y12   Envenen narcot psicodislept NCOP int n det;-;-;-;-;-;-;1;2;7;2;3;2;1;1;1;1;-;-;-;1;-;22
Y13   Env out subst farm sist nerv auton int n det;-;-;-;-;-;-;-;-;1;-;-;-;-;-;-;-;-;-;-;-;-;1
Y14   Env out drog med subst biolog e NE int n det;-;-;-;-;1;-;3;6;-;1;2;2;1;1;-;1;1;1;3;-;-;23
Y15   Envenen alcool intencao nao determinada;-;-;-;-;-;-;-;1;1;-;1;-;2;1;3;1;-;-;1;1;-;12
Y16   Env solv org hidrocarb halog vap int n det;-;-;-;-;-;-;1;-;-;-;-;-;-;-;-;-;-;-;-;-;-;1
Y17   Envenen outr gases vapores intenc n det;-;-;-;-;-;-;-;-;-;-;-;-;-;2;-;-;-;1;-;-;-;3
Y18   Envenen pesticidas intencao nao determinada;-;-;-;-;-;-;3;2;2;3;1;2;2;1;1;-;1;-;-;-;-;18
Y19   Env out prod quim subst noc e NE int n det;-;-;-;-;-;1;-;5;2;6;2;4;2;2;1;3;2;-;-;1;-;31
Y20   Enforc estrang sufoc intenc nao determinada;-;-;2;-;-;1;8;15;11;12;13;6;9;11;10;8;3;1;2;1;4;117
Y21   Afogamento submersao intenc nao determinada;-;-;1;1;-;3;23;8;17;11;12;10;4;6;6;5;2;4;2;1;5;121
Y22   Disparo de pistola intencao nao determinada;-;-;-;-;-;-;-;-;-;-;-;-;1;-;-;-;1;-;-;-;-;2
Y23   Disparo arma fogo maior calibre intenc n det;-;-;-;-;-;-;-;-;1;-;-;-;-;-;-;-;-;1;-;-;-;2
Y24   Disparo outr arma fogo e NE intenc nao det;-;-;-;-;-;6;40;42;27;34;14;15;10;3;7;1;2;1;1;-;7;210
Y25   Contato c/material explosivo intenc n det;-;-;-;-;-;-;-;-;-;-;-;-;1;1;1;-;-;-;1;1;-;5
Y26   Exposicao fumaca fogo chamas intenc n det;-;-;-;-;-;1;-;1;2;3;4;2;2;3;3;2;2;5;3;2;7;42
Y28   Contato obj cortante penetrante intenc n det;-;-;-;-;1;-;5;6;9;5;9;6;10;5;1;3;-;3;1;-;3;67
Y29   Contato obj contundente intenc n det;1;-;6;6;4;4;29;36;28;30;43;66;60;48;64;38;30;21;22;59;31;626
Y30   Queda salto empurr lugar elev intenc n det;1;1;-;-;-;1;-;3;-;-;3;-;2;1;3;3;2;-;-;-;3;23
Y31   Queda perman corrida obj mov intenc n det;-;-;-;-;-;-;-;-;-;-;-;-;-;-;-;1;-;1;-;2;-;4
Y32   Impacto veic a motor intenc nao determinada;-;-;-;-;-;-;1;-;1;-;-;-;-;1;-;-;-;-;-;1;1;5
Y33   Outr fatos ou eventos espec intenc n det;-;-;-;-;-;-;1;1;1;2;-;1;-;-;-;1;-;1;-;-;1;9
Y34   Fatos ou eventos NE e intenc nao determinada;2;1;10;7;4;6;21;44;47;45;58;51;64;52;52;51;43;36;52;180;26;852
Y35   Intervencao legal;-;-;-;-;-;3;114;71;42;14;15;3;3;5;-;1;1;1;-;-;4;277
Y40   Antibioticos sistemicos;-;-;-;-;-;-;-;-;-;1;-;-;-;-;-;-;-;-;-;1;-;2
Y42   Hormonios subst sintet antagonistas NCOP;-;-;-;-;-;-;-;-;-;-;-;-;-;-;-;-;1;-;-;1;-;2
Y43   Subst de acao prim sistemica;-;-;-;-;-;-;-;-;-;-;-;-;-;-;-;1;1;-;-;-;-;2
Y44   Subst farm atuam prim s/constit sangue;-;-;-;-;-;-;-;-;-;-;-;1;-;-;-;-;1;1;2;1;-;6
Y45   Subst analges antipiret e antiinflamatorias;-;-;-;-;-;-;-;-;-;1;-;-;-;-;-;-;-;-;1;2;-;4
Y46   Drogas anticonvulsiv e antiparkinsonianas;-;-;-;-;-;-;-;-;-;-;1;-;-;-;-;-;-;-;-;-;-;1
Y49   Subst psicotropicas NCOP;-;-;-;-;-;-;-;-;-;-;-;-;1;-;-;-;-;1;-;-;-;2
Y51   Drogas que atuam prim s/sist nerv auton;-;-;-;-;-;-;-;-;-;-;-;-;-;-;1;-;-;-;-;-;-;1
Y55   Subst atuam prim musc lisos esquelet ap resp;-;-;-;-;-;-;-;-;-;-;-;1;-;-;-;-;-;-;-;-;-;1
Y57   Outr drogas e medicamentos e as NE;-;-;-;-;-;-;-;-;-;-;-;-;-;-;-;2;-;-;-;1;-;3
Y60   Cort punc perf hemorr acid cuid med cirurg;-;-;-;-;-;-;-;-;-;-;1;-;-;-;-;-;-;1;-;-;-;2
Y62   Asseps insuf prest cuidados cirurg e medicos;-;-;-;-;-;-;-;-;-;-;-;-;-;1;-;-;-;-;-;-;-;1
Y63   Erros dosagem prest cuidados med e cirurg;-;-;-;-;-;-;-;-;-;-;-;-;-;-;-;-;-;-;-;1;-;1
Y65   Outr acid durante prest cuid medic cirurg;-;-;-;-;-;-;-;-;-;-;-;-;-;-;-;-;-;-;-;2;-;2
Y69   Acid NE durante prest cuidado medic cirurg;-;-;-;-;-;-;-;-;-;-;-;-;-;-;-;-;-;-;-;1;-;1
Y71   Disp cardiovasculares assoc incid adversos;-;-;-;-;-;-;-;-;-;-;1;-;-;1;-;-;-;-;-;-;-;2
Y79   Disp ortopedicos assoc a incidentes adversos;-;-;-;-;-;-;-;-;-;-;-;-;-;-;-;-;-;-;1;-;-;1
Y83   Reac anorm compl tard interv cirurg s/acid;-;-;2;3;1;2;-;2;6;4;9;6;14;10;20;23;29;33;43;56;-;263
Y84   Reac anorm compl tard out proc med s/acid;-;-;-;-;-;-;1;-;1;-;1;2;1;1;5;3;6;4;1;10;-;36
Y85   Sequelas de acid transp;-;-;-;-;-;-;1;-;-;1;2;-;2;1;-;1;-;-;1;-;-;9
Y86   Sequelas de outr acid;-;-;-;-;-;-;-;-;1;-;1;1;1;-;-;1;2;3;2;19;-;31
Y87   Seq lesao autopr inten agress fato int indet;-;-;-;-;-;-;-;1;1;2;4;-;4;1;5;-;2;1;4;4;-;29
Y88   Sequelas cuid med cirurg consid causa ext;-;-;-;-;-;-;-;-;-;2;-;2;-;-;1;-;-;2;1;3;-;11
Y89   Sequelas de outr causas externas;-;-;-;-;-;-;-;-;2;2;-;2;4;-;-;2;-;2;1;3;-;18
Total;3495;1309;2045;887;516;778;2955;3852;4131;5128;6454;8376;11385;15925;20670;24411;27073;28408;32367;86727;753;287645
 Fonte: MS/SVS/CGIAE - Sistema de Informações sobre Mortalidade - SIM;;;;;;;;;;;;;;;;;;;;;;
 Nota:;;;;;;;;;;;;;;;;;;;;;;
 ;;;;;;;;;;;;;;;;;;;;;;
 Em 2011, houve uma mudança no conteúdo da Declaração de Óbito, com maior detalhamento das informações coletadas. Para este ano, foram;;;;;;;;;;;;;;;;;;;;;;
 utilizados simultaneamente os dois formulários. Para mais detalhes sobre as mudanças ocorridas e os seus efeitos, veja o documento;;;;;;;;;;;;;;;;;;;;;;
" ""Sistema de Informações sobre Mortalidade - SIM. Consolidação da base de dados de 2011"".";;;;;;;;;;;;;;;;;;;;;;
 No dia 13/06/2019, os arquivos do SIM referentes ao ano de notificação 2017 foram atualizados, com alteração das causas básicas de 2 registros e exclusão de 1 registro.;;;;;;;;;;;;;;;;;;;;;;
 No dia 01/04/2020, os arquivos do SIM referentes ao ano de notificação 2019 foram atualizados, com alteração das causas básicas de 4 registros e exclusão de 1 registro.;;;;;;;;;;;;;;;;;;;;;;
 ;;;;;;;;;;;;;;;;;;;;;;
