Sistema de Informação de Mortalidade - Óbitos não fetais - Campinas;;;;;;;;;;;;;;;;;;;;;;;
Resid Campinas por Causa (CID10 3C) e Faixa Etária (5-5);;;;;;;;;;;;;;;;;;;;;;;
Período:2016;;;;;;;;;;;;;;;;;;;;;;;
Causa (CID10 3C);0-4;5-9;10-14;15-19;20-24;25-29;30-34;35-39;40-44;45-49;50-54;55-59;60-64;65-69;70-74;75-79;80-84;85-89;90-94;95-99;100e+;Ign;Total
A04   Outr infecc intestinais bacter;0;0;0;0;0;0;0;0;0;0;0;0;0;1;0;0;0;1;1;0;0;0;3
A05   Outr intox alimentares bacter NCOP;0;0;0;0;0;0;0;0;0;0;1;0;0;0;0;0;0;0;0;0;0;0;1
A09   Diarreia e gastroenterite orig infecc presum;1;0;0;0;0;0;0;0;1;0;2;2;0;2;4;0;2;2;4;1;0;0;21
A16   Tuberc vias respirat s/conf bacter histol;0;0;0;0;0;1;0;0;1;0;0;1;3;1;1;0;2;0;0;0;0;0;10
A27   Leptospirose;0;0;0;0;0;0;0;0;0;1;0;1;0;0;0;0;0;0;0;0;0;0;2
A35   Outr tipos de tetano;0;0;0;0;0;0;0;0;0;0;0;0;0;0;0;0;0;0;0;1;0;0;1
A39   Infecc meningogocica;0;0;0;0;0;0;1;0;0;0;0;0;0;0;0;0;0;0;0;0;0;0;1
A40   Septicemia estreptococica;1;0;0;0;0;0;0;0;0;0;0;0;0;0;0;0;0;0;0;0;0;0;1
A41   Outr septicemias;7;0;0;0;0;1;0;1;1;1;1;6;7;6;7;11;7;14;4;3;0;0;77
A46   Erisipela;0;0;0;0;0;0;0;0;0;0;1;1;0;1;0;2;1;4;0;1;0;0;11
A48   Outr doenc bacter NCOP;0;0;0;0;0;0;0;0;0;0;0;1;1;1;0;2;2;1;0;0;0;0;8
A49   Infecc bacter de localiz NE;0;0;0;0;0;1;0;0;0;0;0;0;0;0;0;0;0;0;0;0;0;0;1
A50   Sifilis congen;1;0;0;0;0;0;0;0;0;0;0;0;0;0;0;0;0;0;0;0;0;0;1
A98   Outr febres hemorragicas p/virus NCOP;0;0;0;0;0;0;0;0;0;1;1;0;0;0;0;0;0;0;0;0;0;0;2
B00   Infecc p/virus do herpes;0;0;0;0;0;0;1;0;1;0;0;1;0;0;0;1;1;0;0;0;0;0;5
B02   Herpes zoster;0;0;0;0;0;0;0;0;0;0;0;0;0;0;0;0;0;1;0;0;0;0;1
B18   Hepatite viral cronica;0;0;0;0;0;0;0;0;1;2;5;3;8;3;3;3;1;0;0;0;0;0;29
B20   Doenc p/HIV result doenc infecc e parasit;0;0;0;0;1;2;5;6;6;8;13;5;5;3;1;1;1;0;0;0;0;0;57
B21   Doenc p/HIV result em neopl malig;0;0;0;0;0;1;0;0;0;1;0;0;0;0;0;0;0;0;0;0;0;0;2
B22   Doenc p/HIV result em outr doenc espec;0;0;0;0;0;0;1;2;1;0;1;1;1;0;0;0;0;0;0;0;0;0;7
B24   Doenc p/HIV NE;0;0;0;0;0;0;0;0;0;0;0;2;0;0;1;0;0;0;0;0;0;0;3
B27   Mononucleose infecc;1;0;0;0;0;0;0;0;0;0;0;0;0;0;0;0;0;0;0;0;0;0;1
B40   Blastomicose;0;0;0;0;0;0;0;0;0;0;0;0;0;1;0;0;0;0;0;0;0;0;1
B41   Paracoccidioidomicose;0;0;0;0;0;0;0;0;0;0;0;0;1;0;0;0;0;0;0;0;0;0;1
B45   Criptococose;0;0;0;0;0;1;0;0;0;0;0;0;0;0;0;1;0;0;0;0;0;0;2
B55   Leishmaniose;0;0;0;0;0;0;0;0;0;1;0;0;0;0;0;0;0;0;0;0;0;0;1
B57   Doenc de Chagas;0;0;0;0;0;0;0;0;1;0;1;2;0;1;5;3;8;2;1;0;0;0;24
B65   Esquistossomose;0;0;0;0;0;0;0;0;0;0;0;0;1;0;0;0;0;0;0;0;0;0;1
B90   Sequelas de tuberc;0;0;0;0;0;0;0;0;1;0;0;0;0;0;0;0;0;0;0;0;0;0;1
B94   Sequelas de outr doenc infecc e parasit e NE;0;0;0;0;0;0;0;0;0;0;1;0;0;0;0;0;0;0;0;0;0;0;1
C01   Neopl malig da base da lingua;0;0;0;0;0;0;0;0;0;0;1;2;0;1;0;0;0;0;0;0;0;0;4
C02   Neopl malig outr partes e NE da lingua;0;0;0;0;0;0;0;1;1;0;1;0;2;1;0;1;0;0;0;0;0;0;7
C03   Neopl malig da gengiva;0;0;0;0;0;0;0;0;0;0;0;1;0;0;0;0;0;0;0;0;0;0;1
C04   Neopl malig do assoalho da boca;0;0;0;0;0;0;0;0;0;0;0;1;0;1;1;0;0;0;0;0;0;0;3
C05   Neopl malig do palato;0;0;0;0;0;0;0;0;0;0;0;0;0;1;0;0;0;0;0;0;0;0;1
C06   Neopl malig outr partes e partes NE da boca;0;0;0;0;0;0;0;0;0;1;0;0;0;0;3;0;0;0;0;0;0;0;4
C07   Neopl malig da gland parotida;0;0;0;0;0;0;0;0;0;0;0;0;1;0;0;0;0;0;0;0;0;0;1
C09   Neopl malig da amigdala;0;0;0;0;0;0;0;0;1;0;1;1;0;1;0;0;0;0;0;0;0;0;4
C10   Neopl malig da orofaringe;0;0;0;0;0;0;0;0;0;1;1;1;0;4;0;1;2;1;0;0;0;0;11
C11   Neopl malig da nasofaringe;0;0;0;1;0;0;0;0;0;1;1;2;0;1;0;0;0;0;0;0;0;0;6
C12   Neopl malig do seio piriforme;0;0;0;0;0;0;0;0;0;0;1;0;0;1;0;0;0;0;0;0;0;0;2
C13   Neopl malig da hipofaringe;0;0;0;0;0;0;0;0;0;0;2;0;1;0;0;0;1;0;0;0;0;0;4
C14   Neop mal out loc mal def labio cav oral far;0;0;0;0;0;0;0;0;0;1;0;1;0;0;0;2;0;0;0;0;0;0;4
C15   Neopl malig do esofago;0;0;0;0;0;0;0;1;0;2;7;5;9;9;6;3;2;1;1;0;0;0;46
C16   Neopl malig do estomago;0;0;0;0;0;0;0;1;0;7;4;9;12;10;11;15;12;11;3;1;0;0;96
C17   Neopl malig do intestino delgado;0;0;0;0;0;0;0;0;0;0;1;3;0;1;0;1;0;0;0;0;0;0;6
C18   Neopl malig do colon;0;0;0;0;0;0;0;3;3;2;6;8;12;14;23;10;14;9;2;0;0;0;106
C19   Neopl malig da juncao retossigmoide;0;0;0;0;0;0;0;0;0;0;0;3;3;1;0;1;0;0;0;0;0;0;8
C20   Neopl malig do reto;0;0;0;0;0;0;1;0;1;5;2;1;5;3;4;5;2;3;0;1;0;0;33
C21   Neopl malig do anus e do canal anal;0;0;0;0;0;0;0;0;0;0;1;0;1;1;0;1;0;0;0;0;0;0;4
C22   Neopl malig figado vias biliares intra-hepat;0;0;0;0;0;0;0;1;0;1;6;11;7;10;17;8;9;8;4;0;0;0;82
C23   Neopl malig da vesicula biliar;0;0;0;0;0;0;0;0;0;0;0;1;0;2;1;2;0;0;0;0;0;0;6
C24   Neopl malig outr partes e NE vias biliares;0;0;0;0;0;0;0;0;0;1;0;2;0;0;0;3;1;2;0;0;0;0;9
C25   Neopl malig do pancreas;0;0;0;0;0;0;0;0;1;4;4;8;10;20;18;9;7;6;1;1;0;0;89
C26   Neopl malig outr mal def aparelho digestivo;0;0;0;0;0;0;0;0;0;1;1;2;1;3;2;1;2;4;4;1;0;0;22
C32   Neopl malig da laringe;0;0;0;0;0;0;0;1;0;1;5;10;3;5;3;2;2;0;2;0;0;0;34
C34   Neopl malig dos bronquios e dos pulmoes;0;0;0;0;0;0;0;0;3;4;14;16;22;25;25;25;17;5;3;1;0;0;160
C37   Neopl malig do timo;0;0;0;0;0;0;0;0;0;0;0;1;0;0;0;0;0;0;0;0;0;0;1
C38   Neopl malig do coracao mediastino e pleura;0;0;0;0;0;0;0;0;0;0;0;0;1;0;0;0;0;0;0;0;0;0;1
C40   Neopl malig ossos/cartilag artic membros;0;0;0;0;0;0;0;0;0;0;0;0;0;0;0;0;1;1;0;0;0;0;2
C41   Neopl malig ossos/cartil artic outr loc e NE;0;0;0;0;0;0;1;0;0;0;0;0;1;1;0;0;0;0;0;0;0;0;3
C43   Melanoma malig da pele;0;0;0;0;0;0;0;0;3;0;2;2;1;0;4;3;2;4;0;0;0;0;21
C44   Outr neopl malig da pele;0;0;0;1;0;0;0;0;0;0;0;1;0;1;0;0;1;1;0;0;0;0;5
C45   Mesotelioma;0;0;0;0;0;0;0;0;0;0;0;0;1;1;0;0;0;0;0;0;0;0;2
C48   Neopl malig tec moles retro- e peritonio;0;0;0;0;0;0;0;0;1;0;1;1;0;2;1;0;1;1;0;0;0;0;8
C49   Neopl malig tec conjuntivo e outr tec moles;0;0;0;0;0;1;0;0;1;0;0;0;2;2;0;0;1;0;0;0;0;0;7
C50   Neopl malig da mama;0;0;0;0;0;1;1;4;8;7;11;16;9;6;8;6;10;8;3;0;0;0;98
C52   Neopl malig da vagina;0;0;0;0;0;0;0;0;0;0;0;0;0;0;0;0;2;0;0;0;0;0;2
C53   Neopl malig do colo do utero;0;0;0;0;1;0;0;0;1;0;1;1;1;1;2;1;0;0;0;0;0;0;9
C54   Neopl malig do corpo do utero;0;0;0;0;0;0;1;1;0;0;0;3;2;3;2;4;2;1;0;0;0;0;19
C55   Neopl malig do utero porcao NE;0;0;0;0;0;0;0;0;0;0;0;2;2;0;3;1;0;0;1;0;1;0;10
C56   Neopl malig do ovario;0;0;0;0;0;0;1;0;0;0;0;3;5;3;3;3;4;0;0;0;0;0;22
C60   Neopl malig do penis;0;0;0;0;0;0;0;0;0;0;0;0;0;1;0;0;1;0;0;0;0;0;2
C61   Neopl malig da prostata;0;0;0;0;0;0;0;0;0;0;1;3;7;9;13;14;12;9;5;1;0;0;74
C62   Neopl malig dos testiculos;0;0;0;0;2;0;0;0;1;0;0;0;0;0;0;0;0;0;0;0;0;0;3
C64   Neopl malig do rim exceto pelve renal;0;0;0;0;0;0;1;0;0;0;4;2;2;3;2;2;5;3;0;0;0;0;24
C67   Neopl malig da bexiga;0;0;0;0;0;0;0;0;0;0;0;3;1;6;5;3;11;4;3;1;0;0;37
C68   Neopl malig de outr orgaos urinarios e NE;0;0;0;0;0;0;0;0;1;0;0;0;1;0;1;0;0;1;0;0;0;0;4
C69   Neopl malig do olho e anexos;0;0;0;0;0;0;0;0;1;1;0;0;0;0;0;1;0;0;0;0;0;0;3
C70   Neopl malig das meninges;0;0;0;0;0;0;0;0;1;0;0;1;0;0;0;0;0;0;0;0;0;0;2
C71   Neopl malig do encefalo;2;0;1;0;0;2;2;1;1;1;4;6;8;7;8;9;3;1;1;0;0;0;57
C72   Neop mal med esp nerv cran out sist nerv cen;0;0;0;0;1;0;0;1;0;0;1;1;1;1;0;1;0;0;0;0;0;0;7
C73   Neopl malig da gland tireoide;0;0;0;0;0;0;0;0;0;0;0;0;0;0;1;2;0;0;1;0;0;0;4
C74   Neopl malig da gland supra-renal;0;0;0;0;0;0;0;0;0;1;0;0;0;1;0;0;0;0;0;0;0;0;2
C75   Neopl malig outr gland endocrinas estr relac;0;0;0;0;0;0;0;0;0;0;1;0;0;0;0;0;0;0;0;0;0;0;1
C76   Neopl malig outr localiz e mal definidas;1;0;0;0;0;0;0;1;0;0;3;1;4;3;1;1;2;1;1;1;0;0;20
C78   Neopl malig secund org respirat e digestivos;0;0;0;0;0;0;0;0;0;0;1;2;2;0;1;2;1;0;0;0;0;0;9
C79   Neopl malig secund de outr localiz;0;0;0;0;0;0;0;1;0;0;0;0;0;0;0;1;0;1;0;0;0;0;3
C80   Neopl malig s/especificacao de localiz;0;0;0;0;1;0;1;0;1;0;4;2;4;6;5;3;3;3;3;0;0;0;36
C81   Doenc de Hodgkin;0;0;0;0;1;0;0;0;0;0;0;0;0;0;0;0;0;0;0;0;0;0;1
C82   Linfoma nao-Hodgkin folicular;0;0;0;0;0;0;0;0;0;1;0;0;0;0;0;0;0;0;0;0;0;0;1
C83   Linfoma nao-Hodgkin difuso;0;0;0;0;0;0;0;0;0;0;0;0;0;0;0;0;1;0;1;0;0;0;2
C84   Linfomas de celulas T cutaneas e perifericas;0;0;0;0;0;0;0;0;0;0;0;0;0;0;0;0;0;1;0;0;0;0;1
C85   Linfoma nao-Hodgkin de outr tipos e tipo NE;0;0;0;0;0;1;0;0;2;1;0;0;3;3;4;4;2;1;2;0;0;0;23
C90   Mieloma mult e neopl malig de plasmocitos;0;0;0;0;0;0;0;0;0;0;3;2;5;4;5;3;4;6;3;1;0;0;36
C91   Leucemia linfoide;0;1;0;0;1;0;1;0;0;1;0;1;0;2;0;2;2;1;0;0;0;0;12
C92   Leucemia mieloide;1;0;0;1;1;0;2;2;2;2;0;1;1;3;6;2;4;2;0;0;0;0;30
C93   Leucemia monocitica;0;0;0;0;0;0;0;0;0;0;0;0;0;0;0;1;0;0;0;0;0;0;1
C95   Leucemia de tipo celular NE;0;0;0;0;0;1;0;0;0;0;1;0;1;0;0;0;0;0;1;0;0;0;4
D13   Neopl benig outr part e mal def ap digestivo;0;0;0;0;0;0;0;0;0;1;0;0;0;0;0;0;0;0;0;0;0;0;1
D32   Neopl benig das meninges;0;0;0;0;0;0;0;0;0;0;0;0;1;0;0;0;2;0;0;0;0;0;3
D43   Neopl comp inc/desc encefalo sist nerv centr;0;0;0;0;0;0;1;0;0;1;0;0;0;0;0;0;0;0;0;0;0;0;2
D45   Policitemia vera;0;0;0;0;0;0;0;0;0;0;0;0;0;0;0;0;0;1;0;0;0;0;1
D46   Sindr mielodisplasicas;0;0;0;0;0;0;0;0;0;0;0;0;0;2;2;2;1;5;1;0;0;0;13
D47   Out neop comp inc/des tec linf hemat tec cor;0;0;0;0;0;0;0;0;0;0;0;0;0;0;1;0;1;0;0;0;0;0;2
D48   Neopl comp inc/desconh outr localiz e NE;0;0;0;0;0;0;0;0;0;0;0;0;0;0;1;0;0;0;0;0;0;0;1
D51   Anemia p/defic de vitamina B12;0;0;0;0;0;0;0;0;0;0;0;0;0;1;0;0;0;0;0;0;0;0;1
D57   Transt falciformes;0;0;0;0;0;0;0;1;0;0;0;0;0;0;0;0;0;0;0;0;0;0;1
D59   Anemia hemolitica adquir;0;0;0;0;1;0;0;0;0;0;0;0;0;1;0;1;0;0;0;0;0;0;3
D60   Aplasia pura da serie vermelha adquir;0;0;0;0;0;0;0;0;0;0;0;0;0;0;0;0;1;0;0;0;0;0;1
D61   Outr anemias aplasticas;0;0;0;0;0;0;0;0;0;2;0;0;1;2;2;0;0;0;0;0;0;0;7
D64   Outr anemias;0;0;0;0;0;0;0;0;0;0;0;0;1;0;1;0;0;1;0;1;0;0;4
D65   Coagulacao intravascular disseminada;0;1;0;0;0;0;0;0;0;0;0;0;0;1;1;0;0;0;1;0;0;0;4
D68   Outr defeitos da coagulacao;0;0;0;0;0;0;0;0;0;1;0;0;0;0;0;2;0;1;1;0;0;0;5
D69   Purpura e outr afeccoes hemorragicas;0;0;0;0;0;0;0;0;0;0;0;0;0;1;0;0;0;0;0;0;0;0;1
D70   Agranulocitose;1;0;0;0;0;0;0;0;0;0;0;1;0;0;0;1;0;0;0;0;0;0;3
D84   Outr imunodeficiencias;0;0;0;0;0;0;0;0;0;0;1;1;0;0;0;0;0;0;0;0;0;0;2
E03   Outr hipotireoidismos;0;0;0;0;0;0;0;0;0;0;0;0;0;0;2;0;0;2;2;0;0;0;6
E05   Tireotoxicose;0;0;0;0;1;0;0;0;0;0;0;0;0;0;0;0;0;0;0;0;0;0;1
E07   Outr transt da tireoide;0;0;0;0;0;0;1;0;0;0;0;0;0;0;0;0;0;0;0;0;0;0;1
E10   Diabetes mellitus insulino-dependente;0;0;0;1;0;0;0;0;0;0;1;0;0;0;0;1;0;0;0;0;0;0;3
E11   Diabetes mellitus nao-insulino-dependemte;0;0;0;0;0;0;0;0;0;0;0;1;4;1;1;6;5;4;1;1;0;0;24
E14   Diabetes mellitus NE;0;0;0;0;0;0;1;0;3;3;3;3;9;15;16;27;25;13;9;6;1;0;134
E15   Coma hipoglicemico nao-diabetico;0;0;0;0;0;0;0;0;0;0;0;1;0;0;0;0;0;0;0;0;0;0;1
E41   Marasmo nutricional;0;0;0;0;0;0;0;0;0;0;0;0;0;0;0;1;0;1;0;0;0;0;2
E43   Desnutric proteico-calorica grave NE;0;0;0;0;0;0;0;0;0;0;0;0;0;0;0;1;0;1;0;1;0;0;3
E46   Desnutric proteico-calorica NE;0;0;0;0;0;0;0;1;0;0;1;1;1;0;1;1;3;2;5;3;0;0;19
E66   Obesidade;0;0;0;0;1;1;1;2;1;0;2;2;1;2;0;1;0;0;0;0;0;0;14
E72   Outr disturbios metabolismo de aminoacidos;0;0;0;0;2;0;0;0;0;0;0;0;0;0;0;0;0;0;0;0;0;0;2
E74   Outr disturbios do metabolismo carboidratos;0;0;0;0;0;0;0;0;0;0;0;1;0;0;0;0;0;0;0;0;0;0;1
E77   Disturbios do metabolismo de glicoproteinas;0;0;0;0;0;0;0;0;1;0;0;0;0;0;0;0;0;0;0;0;0;0;1
E78   Disturbios metab lipoproteinas e out lipidem;0;0;0;0;0;0;0;0;0;0;0;0;0;1;2;3;1;1;3;0;0;0;11
E83   Disturbios do metabolismo de minerais;0;0;0;0;0;0;0;0;0;0;1;0;0;0;0;0;0;1;0;1;0;0;3
E84   Fibrose cistica;1;0;0;0;0;0;0;0;0;0;0;0;0;0;0;0;0;0;0;0;0;0;1
E86   Deplecao de volume;0;0;0;0;0;0;0;0;0;0;0;0;0;0;0;1;1;0;1;0;0;0;3
E87   Outr transt equil hidroeletr e acido-basic;0;0;0;0;0;0;0;0;1;0;1;0;0;0;1;1;1;0;0;1;0;0;6
E88   Outr disturbios metabolicos;0;0;0;0;1;0;0;0;0;0;0;0;0;1;0;0;0;0;0;1;0;0;3
F03   Demencia NE;0;0;0;0;0;0;0;0;0;0;0;0;0;0;0;0;2;3;1;1;0;0;7
F06   Outr transt ment lesao disf cereb doenc fis;0;0;0;0;1;0;0;0;0;0;0;0;0;0;0;0;0;0;0;0;0;0;1
F10   Transt mentais comport dev uso alcool;0;0;0;0;0;0;0;0;0;0;0;1;0;0;0;0;0;0;0;0;0;0;1
F17   Transt mentais e comport dev uso de fumo;0;0;0;0;0;0;0;0;1;0;0;0;0;0;2;0;0;0;1;0;0;0;4
F20   Esquizofrenia;0;0;0;0;0;0;0;0;0;0;1;0;0;0;0;0;0;0;0;0;0;0;1
G00   Meningite bacter NCOP;1;0;0;0;0;0;0;1;2;0;0;1;2;0;0;2;0;0;1;0;0;0;10
G03   Meningite dev outr causas e a causas NE;0;0;0;0;0;0;0;0;0;0;0;0;1;0;0;0;0;0;0;0;0;0;1
G04   Encefalite mielite e encefalomielite;0;0;0;0;0;0;1;0;0;0;0;0;0;0;0;0;1;0;0;0;0;0;2
G06   Abscesso granuloma intracran intra-raquid;0;0;0;0;0;0;0;0;0;0;1;0;0;0;1;0;0;0;0;0;0;0;2
G09   Sequelas doenc inflam sist nerv centr;0;0;0;0;1;0;0;0;0;0;0;0;0;0;0;0;0;0;0;0;0;0;1
G12   Atrofia muscular espinal e sindr correlatas;0;0;0;0;0;0;0;0;0;1;1;0;3;1;5;1;1;0;0;0;0;0;13
G20   Doenc de Parkinson;0;0;0;0;0;0;0;0;0;0;0;0;3;0;1;3;8;8;2;1;1;0;27
G30   Doenc de Alzheimer;0;0;0;0;0;0;0;0;0;0;0;0;0;2;4;18;35;40;23;15;0;0;137
G31   Outr doenc degenerativas sist nervoso NCOP;0;0;0;0;0;0;0;1;0;0;0;1;0;0;3;9;11;17;21;1;2;0;66
G35   Esclerose mult;0;0;0;0;0;0;0;0;0;0;0;1;0;1;0;0;0;0;0;0;0;0;2
G37   Outr doenc desmielinizantes sist nerv centr;0;0;0;0;0;0;0;0;1;0;0;0;0;0;0;1;0;0;0;0;0;0;2
G40   Epilepsia;0;0;0;0;1;0;0;0;0;0;0;1;1;3;0;0;0;0;0;0;0;0;6
G41   Estado de mal epileptico;0;0;0;0;1;0;1;0;0;0;0;0;0;0;0;1;0;0;0;0;0;0;3
G61   Polineuropatia inflam;0;0;0;0;0;0;0;0;0;0;0;1;0;0;0;1;0;0;0;0;0;0;2
G62   Outr polineuropatias;0;0;0;0;0;0;0;0;0;0;0;0;0;0;1;0;0;1;0;0;0;0;2
G70   Miastenia gravis outr transt neuromusculares;0;0;0;0;0;0;0;0;0;0;1;0;0;0;0;0;0;1;0;0;0;0;2
G80   Paralisia cerebral;2;1;2;1;0;0;0;0;0;0;0;0;0;0;0;0;0;0;0;0;0;0;6
G91   Hidrocefalia;0;0;0;1;0;0;0;0;0;0;0;0;0;0;0;0;0;0;0;0;0;0;1
G92   Encefalopatia toxica;0;0;0;0;0;0;0;0;0;0;0;0;1;0;0;0;0;0;0;0;0;0;1
G93   Outr transt do encefalo;2;0;2;0;1;0;0;1;1;0;1;1;0;3;2;5;1;2;0;0;0;0;22
G98   Outr transt do sist nervoso NCOP;0;0;0;0;0;0;0;0;0;0;0;0;0;1;1;1;0;0;0;0;0;0;3
H65   Otite media nao-supurativa;0;0;0;0;0;0;0;0;0;0;0;0;0;0;0;0;0;0;1;0;0;0;1
I05   Doenc reumaticas da valva mitral;0;0;0;0;0;0;0;0;0;0;0;2;1;2;0;0;0;1;0;0;0;0;6
I08   Doenc de mult valvas;0;0;0;0;0;0;0;0;0;0;1;0;0;0;0;1;0;0;0;0;0;0;2
I10   Hipertensao essencial;0;0;0;0;0;0;1;1;1;3;4;4;3;5;9;6;6;7;4;2;1;0;57
I11   Doenc cardiaca hipertensiva;0;0;0;0;0;0;0;0;0;0;1;0;3;2;2;8;8;7;4;2;2;0;39
I12   Doenc renal hipertensiva;0;0;0;0;0;0;0;1;0;1;2;1;1;3;1;4;1;2;2;0;1;0;20
I13   Doenc cardiaca e renal hipertensiva;0;0;0;0;0;0;0;0;0;0;0;0;1;0;0;0;2;3;3;1;0;0;10
I20   Angina pectoris;0;0;0;0;0;0;0;0;0;0;1;0;0;0;0;0;0;2;0;0;0;0;3
I21   Infarto agudo do miocardio;0;0;0;0;1;3;5;14;21;41;45;75;63;91;91;109;84;92;29;11;3;0;778
I22   Infarto do miocardio recorrente;0;0;0;0;0;0;0;0;0;0;0;0;0;0;0;0;1;0;0;0;0;0;1
I24   Outr doenc isquemicas agudas do coracao;0;0;0;0;0;0;0;0;0;0;0;0;1;0;4;1;4;1;1;0;0;0;12
I25   Doenc isquemica cronica do coracao;0;0;0;0;0;0;1;1;1;1;3;9;8;8;13;17;21;8;7;4;0;0;102
I26   Embolia pulmonar;0;0;0;1;0;0;1;2;0;2;1;1;5;5;5;4;4;6;3;1;0;0;41
I27   Outr form de doenc cardiaca pulmonar;1;0;0;1;0;0;1;0;0;1;0;0;0;1;1;1;2;1;1;0;0;0;11
I31   Outr doenc do pericardio;0;0;0;0;0;0;0;0;0;0;1;0;0;0;0;0;0;0;0;0;0;0;1
I33   Endocardite aguda e subaguda;0;0;0;0;0;0;0;0;0;2;0;0;0;1;1;1;2;0;0;0;0;0;7
I34   Transt nao-reumaticos da valva mitral;0;0;0;0;0;0;0;0;1;1;1;0;1;2;2;3;3;1;0;1;0;0;16
I35   Transt nao-reumaticos da valva aortica;0;0;0;0;0;0;0;0;0;0;1;1;0;1;0;3;0;4;0;1;0;0;11
I38   Endocardite de valva NE;0;0;0;0;0;0;0;0;0;0;1;0;0;1;2;0;2;4;0;0;0;0;10
I40   Miocardite aguda;1;1;0;0;0;0;0;0;0;0;0;0;0;0;0;0;0;0;0;0;0;0;2
I42   Cardiomiopatias;0;0;1;0;0;0;1;3;2;3;5;4;6;7;12;10;4;11;5;5;2;0;81
I44   Bloqueio atrioventricular e do ramo esquerdo;0;0;0;0;0;0;0;0;0;0;0;0;0;1;1;1;2;0;0;0;0;0;5
I46   Parada cardiaca;0;0;0;0;0;0;0;0;0;0;0;0;0;0;0;0;0;0;1;0;0;0;1
I47   Taquicardia paroxistica;0;0;0;0;0;0;0;1;0;0;0;0;0;1;0;0;0;0;0;0;0;0;2
I48   Flutter e fibrilacao atrial;0;0;0;0;0;0;0;0;0;1;0;0;1;1;1;3;6;2;7;0;0;0;22
I49   Outr arritmias cardiacas;0;0;0;0;0;0;0;1;1;1;2;1;3;2;1;0;2;10;5;1;1;0;31
I50   Insuf cardiaca;1;0;0;1;0;0;0;2;1;0;1;4;4;11;14;24;15;18;20;3;0;0;119
I51   Complic cardiopatias doenc cardiacas mal def;1;0;0;0;0;1;0;0;1;0;0;0;0;1;2;1;0;1;4;1;0;0;13
I60   Hemorragia subaracnoide;1;0;0;0;0;0;0;1;1;1;0;5;1;4;0;2;5;3;2;1;0;0;27
I61   Hemorragia intracerebral;0;0;0;0;0;1;0;3;3;7;9;11;17;16;7;9;6;10;8;0;0;0;107
I62   Outr hemorragias intracranianas nao-traum;0;0;0;0;0;0;0;0;0;0;0;0;1;3;0;1;1;0;1;0;1;0;8
I63   Infarto cerebral;1;0;0;0;0;0;0;0;0;0;0;0;0;0;3;2;1;2;0;0;0;0;9
I64   Acid vasc cerebr NE como hemorrag isquemico;0;0;0;0;0;0;0;0;1;3;2;2;13;7;24;29;25;25;14;6;0;0;151
I67   Outr doenc cerebrovasculares;0;0;0;0;0;1;1;3;3;3;2;7;6;9;15;9;10;18;9;4;1;0;101
I69   Sequelas de doenc cerebrovasculares;0;0;0;0;0;0;1;0;1;3;1;4;6;8;13;17;34;25;14;6;0;0;133
I70   Aterosclerose;0;0;0;0;0;0;0;0;0;0;0;0;0;0;0;1;1;0;0;0;0;0;2
I71   Aneurisma e disseccao da aorta;0;0;0;0;0;0;2;1;0;2;4;5;12;15;10;5;10;10;3;2;0;0;81
I72   Outr aneurismas;0;0;0;0;0;0;0;0;0;1;1;0;0;0;1;1;2;1;0;0;0;0;7
I73   Outr doenc vasculares perifericas;0;0;0;0;0;0;0;0;0;0;0;0;0;0;0;2;2;2;1;0;0;0;7
I74   Embolia e trombose arteriais;0;0;0;0;0;0;0;0;0;1;0;0;0;1;1;0;2;3;2;0;0;0;10
I77   Outr afeccoes das arterias e arteriolas;0;0;0;0;0;0;0;0;0;0;0;2;0;0;2;1;2;0;0;0;0;0;7
I80   Flebite e tromboflebite;0;0;0;0;0;0;0;2;0;0;1;0;0;1;2;0;0;1;2;0;0;0;9
I82   Outr embolia e trombose venosas;0;0;0;0;0;0;0;0;0;0;0;0;1;1;0;0;0;0;0;0;0;0;2
I83   Varizes dos membros infer;0;0;0;0;0;0;0;0;0;0;0;0;0;0;0;0;0;1;0;0;0;0;1
I85   Varizes esofagianas;0;0;0;0;0;0;0;0;0;0;2;2;0;1;1;1;0;0;0;0;0;0;7
I87   Outr transt das veias;0;0;0;0;0;0;0;0;0;0;0;0;0;0;0;0;0;2;0;0;0;0;2
I89   Outr transt nao-infecc vasos linf gangl linf;0;0;0;0;0;0;0;0;0;0;0;0;0;0;0;0;0;1;0;0;0;0;1
I99   Outr transt do aparelho circulatorio e os NE;0;0;0;0;0;0;0;0;0;0;0;0;0;0;0;1;0;1;0;1;1;0;4
J06   Infecc agudas vias aereas super loc mult NE;0;0;0;0;0;0;0;0;0;0;0;0;0;0;0;0;0;1;0;0;0;0;1
J09   Influenza dev virus gripe aviaria;0;0;0;0;0;1;0;4;0;3;4;2;1;0;1;2;0;0;1;0;0;0;19
J10   Influenza dev outro virus influenza ident;0;1;0;0;0;0;0;0;0;0;0;0;0;0;0;0;0;0;0;0;0;0;1
J11   Influenza dev virus nao identificado;0;0;0;0;0;0;0;0;0;0;0;1;1;0;0;1;0;0;1;0;0;0;4
J12   Pneumonia viral NCOP;1;0;0;0;0;0;0;0;0;0;0;0;0;0;0;0;0;0;0;0;0;0;1
J15   Pneumonia bacter NCOP;2;0;0;0;0;1;0;0;0;1;2;3;4;1;1;5;12;7;10;6;2;0;57
J18   Pneumonia p/microorg NE;3;0;0;1;0;3;3;5;8;11;17;29;33;32;42;57;81;117;82;28;11;0;563
J21   Bronquiolite aguda;0;0;0;0;0;0;0;0;0;1;1;1;0;1;3;2;1;2;1;2;0;0;15
J39   Outr doenc das vias aereas super;0;0;0;1;0;0;0;0;0;0;0;1;0;0;0;0;0;0;0;0;0;0;2
J41   Bronquite cronica simples e a mucopurulenta;0;0;0;0;0;0;0;0;0;0;1;0;0;0;0;0;0;0;0;0;0;0;1
J42   Bronquite cronica NE;0;0;0;0;0;0;0;0;0;0;0;0;0;1;0;0;1;0;0;0;0;0;2
J43   Enfisema;0;0;0;0;0;0;0;0;0;0;0;0;1;1;2;2;2;0;3;0;0;0;11
J44   Outr doenc pulmonares obstrutivas cronicas;0;0;0;0;0;0;0;0;1;1;5;5;18;22;34;35;35;39;11;5;1;0;212
J45   Asma;0;0;0;0;0;0;1;1;0;0;0;0;0;0;1;2;1;0;0;0;0;0;6
J46   Estado de mal asmatico;0;0;0;1;1;0;0;0;0;0;0;0;0;0;1;0;0;2;1;0;0;0;6
J47   Bronquectasia;0;0;0;0;0;0;0;0;0;0;0;0;1;0;0;0;0;1;0;0;0;0;2
J62   Pneumoconiose dev poeira que cont silica;0;0;0;0;0;0;0;0;0;0;0;0;0;0;0;1;0;0;0;0;0;0;1
J63   Pneumoconiose dev outr poeiras inorganicas;0;0;0;0;0;0;0;0;0;0;0;0;0;0;0;0;0;0;1;0;0;0;1
J69   Pneumonite dev solidos e liquidos;0;0;0;0;0;0;0;0;0;0;0;2;0;2;2;2;3;10;5;3;1;0;30
J80   Sindr do desconforto respirat do adulto;0;0;0;0;0;0;0;0;0;1;1;0;0;0;0;1;1;0;0;0;0;0;4
J81   Edema pulmonar NE de outr form;0;0;0;0;0;1;1;2;4;3;4;6;10;2;6;9;9;8;2;2;1;0;70
J84   Outr doenc pulmonares intersticiais;2;0;0;0;0;0;0;1;0;0;3;0;2;6;3;2;1;4;4;0;0;0;28
J86   Piotorax;0;0;0;0;0;0;0;0;0;0;0;1;0;0;1;0;0;1;0;0;0;0;3
J90   Derrame pleural NCOP;0;0;0;0;0;0;0;0;0;0;0;0;0;0;1;1;0;0;0;0;0;0;2
J93   Pneumotorax;1;0;0;0;0;0;0;0;0;0;0;1;0;0;0;0;1;0;0;0;0;0;3
J96   Insuf respirat NCOP;0;1;0;0;1;0;0;0;0;0;0;1;0;0;0;0;0;0;2;0;0;0;5
J98   Outr transt respirat;1;0;0;0;0;0;0;0;0;1;0;3;0;2;2;7;4;8;5;1;0;0;34
K22   Outr doenc do esofago;0;0;0;0;0;0;0;0;0;0;0;0;0;0;2;0;0;0;0;0;0;0;2
K25   Ulcera gastrica;0;0;0;0;0;0;0;0;0;0;0;0;2;1;1;1;1;1;2;0;0;0;9
K26   Ulcera duodenal;0;0;0;0;0;0;0;1;0;0;0;1;1;1;0;0;0;0;0;0;0;0;4
K27   Ulcera peptica de localiz NE;0;0;0;0;0;0;0;0;0;0;0;0;0;0;1;0;1;1;0;0;0;0;3
K28   Ulcera gastrojejunal;0;0;0;0;0;0;0;0;0;0;0;0;0;0;0;1;0;0;0;0;0;0;1
K29   Gastrite e duodenite;0;0;0;0;0;0;0;0;0;0;0;0;0;0;0;0;0;0;0;1;0;0;1
K30   Dispepsia;0;0;0;0;0;0;0;0;0;0;0;0;0;1;0;0;0;0;0;0;0;0;1
K31   Outr doenc do estomago e do duodeno;0;0;0;0;0;0;0;0;0;0;0;0;0;1;0;1;1;0;0;0;0;0;3
K35   Apendicite aguda;0;0;0;0;0;0;0;0;0;0;1;0;0;0;0;0;1;1;0;0;0;0;3
K37   Apendicite SOE;0;0;0;0;0;0;0;0;0;0;0;0;0;0;0;1;0;0;1;0;0;0;2
K40   Hernia inguinal;0;0;0;0;0;0;0;0;0;0;0;0;1;0;1;1;2;1;0;0;0;0;6
K42   Hernia umbilical;0;0;0;0;0;0;0;0;0;0;0;0;0;1;0;0;0;0;0;0;0;0;1
K43   Hernia ventral;0;0;0;0;0;0;0;0;0;0;0;0;0;1;0;0;0;0;0;0;0;0;1
K44   Hernia diafragmatica;0;0;0;0;0;0;0;0;0;0;0;0;0;0;0;0;0;0;1;0;0;0;1
K46   Hernia abdominal NE;0;0;0;0;0;0;0;0;0;0;0;0;2;2;0;1;2;1;0;0;0;0;8
K51   Colite ulcerativa;0;0;0;0;0;0;0;0;0;0;0;0;0;0;1;0;0;1;0;0;0;0;2
K52   Outr gastroenterites e colites nao-infecc;0;0;0;0;0;0;0;0;0;0;0;0;0;0;1;0;0;0;0;0;0;0;1
K55   Transt vasculares do intestino;0;0;0;0;0;0;0;2;1;1;2;2;2;5;2;3;10;3;5;0;0;0;38
K56   Ileo paralitico e obstr intestinal s/hernia;0;0;1;0;0;0;0;0;0;0;1;1;1;2;1;4;3;1;2;0;0;0;17
K57   Doenc diverticular do intestino;0;0;0;0;0;0;0;1;0;0;0;1;0;1;1;3;5;6;1;2;0;0;21
K59   Outr transt funcionais do intestino;0;0;0;0;0;0;0;0;0;0;0;1;0;0;0;0;0;3;0;0;0;0;4
K61   Abscesso das regioes anal e retal;0;0;0;0;0;0;0;0;0;0;0;0;0;0;1;0;0;0;1;0;0;0;2
K63   Outr doenc do intestino;2;0;0;0;0;0;1;0;0;0;1;0;1;3;1;1;0;1;0;1;0;0;12
K65   Peritonite;1;0;0;0;0;0;0;0;0;1;2;2;3;3;3;6;5;2;0;0;0;0;28
K66   Outr transt do peritonio;0;0;0;0;0;0;0;0;0;0;0;0;0;0;0;0;1;0;0;0;0;0;1
K70   Doenc alcoolica do figado;0;0;0;0;0;1;1;2;5;9;6;9;6;7;3;2;3;0;0;0;0;0;54
K71   Doenc hepatica toxica;0;0;0;0;0;0;0;0;0;0;0;0;0;0;0;0;0;1;0;0;0;0;1
K72   Insuf hepatica NCOP;0;0;0;0;0;1;1;0;1;1;0;0;2;3;0;2;2;2;1;0;0;0;16
K73   Hepatite cronica NCOP;0;0;0;0;0;0;0;0;0;1;0;0;0;0;0;0;0;0;0;0;0;0;1
K74   Fibrose e cirrose hepaticas;0;0;0;0;0;0;1;2;2;3;10;10;9;6;5;4;2;0;1;0;0;0;55
K75   Outr doenc inflam do figado;0;0;0;0;0;0;0;0;0;0;0;0;1;0;1;0;0;0;0;0;0;0;2
K76   Outr doenc do figado;0;0;0;0;0;0;0;0;0;0;2;1;4;3;0;0;0;0;0;0;0;0;10
K80   Colelitiase;0;0;0;0;0;0;0;0;0;0;1;0;0;1;1;0;1;0;0;0;0;0;4
K81   Colecistite;0;0;0;0;0;0;0;1;0;0;0;1;0;0;2;1;3;3;1;2;0;0;14
K83   Outr doenc das vias biliares;0;0;0;0;0;0;0;0;0;1;0;1;0;0;4;0;3;0;1;0;0;0;10
K85   Pancreatite aguda;0;0;0;0;0;0;0;1;1;3;2;3;5;3;3;2;5;2;2;0;0;0;32
K86   Outr doenc do pancreas;0;0;0;0;0;0;0;0;0;0;0;0;2;0;0;0;0;0;1;0;0;0;3
K92   Outr doenc do aparelho digestivo;0;0;0;0;0;0;0;1;0;0;0;1;1;2;4;3;7;7;3;2;0;0;31
L02   Abscesso cutaneo furunculo e antraz;0;0;0;0;0;0;0;0;0;0;1;0;0;1;0;0;0;0;0;0;0;0;2
L03   Celulite;0;0;0;0;0;0;0;0;0;0;2;0;2;1;1;4;3;6;0;0;0;0;19
L08   Outr infecc localiz pele e tec subcutaneo;0;0;0;0;0;0;0;0;0;0;0;0;0;1;0;1;4;1;0;0;0;0;7
L10   Penfigo;0;0;0;0;0;0;0;1;0;0;0;0;0;0;0;0;0;0;0;0;0;0;1
L27   Dermatite dev subst de uso interno;0;0;0;0;0;0;0;0;0;0;0;1;0;0;0;0;0;0;0;0;0;0;1
L89   Ulcera de decubito;0;0;0;1;0;0;0;0;0;0;1;0;0;2;1;1;2;2;0;1;1;0;12
L97   Ulcera dos membros infer NCOP;0;0;0;0;0;0;0;0;0;0;0;0;0;0;1;0;1;1;0;0;0;0;3
L98   Outr afeccoes da pele e tec subcutaneo NCOP;0;0;0;0;0;0;0;0;0;0;0;0;0;0;0;0;0;1;0;0;0;0;1
M00   Artrite piogenica;0;0;0;0;0;0;0;0;0;0;1;1;0;0;0;0;0;0;0;0;0;0;2
M06   Outr artrites reumatoides;0;0;0;0;0;0;0;0;0;0;0;1;0;0;0;0;0;0;0;0;0;0;1
M16   Coxartrose;0;0;0;0;0;0;0;0;0;0;0;0;0;0;2;1;1;2;2;0;0;0;8
M31   Outr vasculopatias necrotizantes;0;0;0;0;0;0;0;0;0;1;0;0;0;0;1;0;0;0;0;0;0;0;2
M32   Lupus eritematoso disseminado;0;0;1;0;1;1;2;0;0;1;1;0;0;1;0;0;0;0;0;0;0;0;8
M33   Dermatopoliomiosite;0;0;0;0;0;0;0;0;0;0;0;0;0;0;0;1;0;0;0;0;0;0;1
M34   Esclerose sistemica;0;0;0;0;0;0;0;0;0;0;0;0;0;0;0;1;0;0;0;0;0;0;1
M46   Outr espondilopatias inflam;0;0;0;0;0;0;0;0;0;0;0;0;0;0;0;0;1;0;0;0;0;0;1
M47   Espondilose;0;0;0;0;0;0;0;0;0;0;0;0;0;0;0;0;0;1;0;0;0;0;1
M51   Outr transt de discos intervertebrais;0;0;0;0;0;0;0;0;1;1;0;0;0;0;0;0;1;0;0;0;0;0;3
M62   Outr transt musculares;0;0;0;0;0;0;0;0;0;0;0;0;1;1;1;2;1;5;1;1;0;0;13
M72   Transt fibroblasticos;0;0;0;0;0;0;0;0;1;1;0;0;0;0;0;0;0;0;0;0;0;0;2
M80   Osteoporose c/frat patologica;0;0;0;0;0;0;0;0;0;0;0;0;0;0;1;0;1;0;0;0;0;0;2
M81   Osteoporose s/frat patologica;0;0;0;0;0;0;0;0;0;0;0;0;0;0;0;0;0;0;0;1;1;0;2
M84   Transt da continuidade do osso;0;0;0;0;0;0;0;0;0;0;0;0;0;0;0;1;0;0;0;1;0;0;2
M86   Osteomielite;0;0;0;0;0;0;0;0;0;0;0;0;0;0;1;0;1;1;0;0;0;0;3
M89   Outr transt osseos;0;0;0;0;0;0;0;0;0;0;0;0;0;0;1;0;1;0;0;0;0;0;2
M91   Osteocondrose juvenil do quadril e da pelve;0;0;0;0;0;0;0;0;0;0;0;0;0;0;0;0;0;0;1;0;0;0;1
N03   Sindr nefritica cronica;0;0;0;0;0;1;0;0;0;0;0;0;0;0;0;0;0;0;0;0;0;0;1
N05   Sindr nefritica NE;0;0;0;0;0;0;0;0;0;0;0;1;0;1;0;0;0;0;0;0;0;0;2
N10   Nefrite tubulo-intersticial aguda;0;0;0;0;0;0;0;0;0;0;0;0;0;1;0;0;0;1;0;0;0;0;2
N11   Nefrite tubulo-intersticial cronica;0;0;0;0;0;0;0;0;0;0;0;0;0;0;1;0;0;0;0;0;0;0;1
N12   Nefrite tubulo-intersticial NE aguda cronica;0;0;0;0;0;0;0;1;0;1;0;1;1;4;0;1;4;4;3;0;0;0;20
N13   Uropatia obstrutiva e p/refluxo;0;0;0;0;0;0;0;0;0;0;1;0;0;1;0;0;0;0;0;0;0;0;2
N15   Outr doenc renais tubulo-intersticiais;0;0;0;0;0;0;0;0;0;0;0;0;0;0;0;0;1;0;0;0;0;0;1
N17   Insuf renal aguda;1;0;0;0;0;0;1;0;0;0;1;0;4;3;4;1;2;0;1;0;1;0;19
N18   Insuf renal cronica;0;0;0;0;1;0;1;1;0;1;1;3;4;5;2;3;4;5;4;1;0;0;36
N19   Insuf renal NE;0;0;0;0;0;0;0;0;0;0;0;1;0;1;1;3;2;2;0;0;0;0;10
N20   Calculose do rim e do ureter;0;0;0;0;0;0;0;0;0;0;0;0;0;1;0;2;0;0;0;0;0;0;3
N28   Outr transt do rim e do ureter NCOP;0;0;0;0;0;0;0;3;0;0;1;1;2;1;0;1;0;0;1;0;0;0;10
N30   Cistite;0;0;0;0;0;0;0;0;0;0;0;0;0;0;0;0;1;1;0;0;0;0;2
N31   Disfuncoes neuromusculares da bexiga NCOP;0;0;0;0;0;0;0;0;0;0;0;0;0;0;0;1;0;0;0;0;0;0;1
N32   Outr transt da bexiga;0;0;0;0;0;0;0;0;0;0;0;0;1;0;0;0;0;0;0;0;0;0;1
N39   Outr transt do trato urinario;0;0;1;1;1;0;0;0;2;2;1;9;10;6;13;29;37;37;23;9;3;0;184
N40   Hiperplasia da prostata;0;0;0;0;0;0;0;0;0;0;0;1;0;0;0;0;3;0;0;0;0;0;4
N49   Transt inflam orgaos genitais masc NCOP;0;0;0;0;0;0;1;0;0;0;1;0;0;0;0;0;0;0;0;0;0;0;2
N83   Transt nao-infl ovario tromp Falop lig largo;0;0;0;0;0;0;0;0;0;1;0;0;0;0;0;0;0;0;0;0;0;0;1
O71   Outr traum obstetricos;0;0;0;0;0;0;1;0;0;0;0;0;0;0;0;0;0;0;0;0;0;0;1
O72   Hemorragia pos-parto;0;0;0;0;1;0;0;0;0;0;0;0;0;0;0;0;0;0;0;0;0;0;1
O88   Embolia orig obstetrica;0;0;0;0;0;0;1;0;0;0;0;0;0;0;0;0;0;0;0;0;0;0;1
O90   Complic do puerperio NCOP;0;0;0;0;1;0;0;0;0;0;0;0;0;0;0;0;0;0;0;0;0;0;1
O99   Outr doenc mat COP compl grav parto puerp;0;0;0;0;1;0;0;0;0;0;0;0;0;0;0;0;0;0;0;0;0;0;1
P00   Fet rec-nasc afet afec mat n obr rel grav at;1;0;0;0;0;0;0;0;0;0;0;0;0;0;0;0;0;0;0;0;0;0;1
P01   Fet rec-nasc afet complic maternas gravidez;8;0;0;0;0;0;0;0;0;0;0;0;0;0;0;0;0;0;0;0;0;0;8
P02   Fet rec-nasc afet compl plac cord umb membr;3;0;0;0;0;0;0;0;0;0;0;0;0;0;0;0;0;0;0;0;0;0;3
P21   Asfixia ao nascer;3;0;0;0;0;0;0;0;0;0;0;0;0;0;0;0;0;0;0;0;0;0;3
P22   Desconforto respirat do recem-nascido;10;0;0;0;0;0;0;0;0;0;0;0;0;0;0;0;0;0;0;0;0;0;10
P25   Enfisema interst afecc corr orig per perinat;2;0;0;0;0;0;0;0;0;0;0;0;0;0;0;0;0;0;0;0;0;0;2
P26   Hemorragia pulmonar orig periodo perinatal;2;0;0;0;0;0;0;0;0;0;0;0;0;0;0;0;0;0;0;0;0;0;2
P27   Doenc respirat cron orig periodo perinatal;1;0;0;0;0;0;0;0;0;0;0;0;0;0;0;0;0;0;0;0;0;0;1
P28   Outr afeccoes respirat orig per perinatal;2;0;0;0;0;0;0;0;0;0;0;0;0;0;0;0;0;0;0;0;0;0;2
P29   Transt cardiovasc orig periodo perinatal;2;0;0;0;0;0;0;0;0;0;0;0;0;0;0;0;0;0;0;0;0;0;2
P36   Septicemia bacter do recem-nascido;12;0;0;0;0;0;0;0;0;0;0;0;0;0;0;0;0;0;0;0;0;0;12
P37   Outr doenc infecc e parasit congen;2;0;0;0;0;0;0;0;0;0;0;0;0;0;0;0;0;0;0;0;0;0;2
P39   Outr infecc especificas do periodo perinatal;2;0;0;0;0;0;0;0;0;0;0;0;0;0;0;0;0;0;0;0;0;0;2
P52   Hemorragia intracran nao-traum feto rec-nasc;1;0;0;0;0;0;0;0;0;0;0;0;0;0;0;0;0;0;0;0;0;0;1
P60   Coagulacao intravasc dissem feto rec-nasc;1;0;0;0;0;0;0;0;0;0;0;0;0;0;0;0;0;0;0;0;0;0;1
P61   Outr transt hematologicos perinatais;2;0;0;0;0;0;0;0;0;0;0;0;0;0;0;0;0;0;0;0;0;0;2
P77   Enterocolite necrotizante do feto e rec-nasc;3;0;0;0;0;0;0;0;0;0;0;0;0;0;0;0;0;0;0;0;0;0;3
P78   Outr transt ap digestivo periodo perinatal;1;0;0;0;0;0;0;0;0;0;0;0;0;0;0;0;0;0;0;0;0;0;1
P96   Outr afeccoes originadas periodo perinatal;8;0;0;0;0;0;0;0;0;0;0;0;0;0;0;0;0;0;0;0;0;0;8
Q00   Anencefalia e malformacoes similares;3;0;0;0;0;0;0;0;0;0;0;0;0;0;0;0;0;0;0;0;0;0;3
Q03   Hidrocefalia congen;3;0;0;0;0;0;0;0;0;0;0;0;0;0;0;0;0;0;0;0;0;0;3
Q04   Outr malformacoes congen do cerebro;1;0;0;0;0;0;0;0;0;0;0;0;0;0;0;0;0;0;0;0;0;0;1
Q07   Outr malformacoes congen do sist nervoso;0;0;1;0;0;0;0;0;0;0;0;0;0;0;0;0;0;0;0;0;0;0;1
Q20   Malform congen camaras e comunicacoes card;4;0;0;0;0;0;0;0;0;0;0;0;0;0;0;0;0;0;0;0;0;0;4
Q21   Malformacoes congen dos septos cardiacos;4;0;0;0;0;0;0;0;0;0;0;0;0;0;0;0;0;0;0;0;0;0;4
Q22   Malform congen valvas pulmonar tricuspide;2;0;0;0;0;0;0;0;0;0;0;0;0;0;0;0;0;0;0;0;0;0;2
Q23   Malformacoes congen valvas aortica e mitral;1;0;0;0;0;0;0;0;0;0;0;0;0;0;0;0;0;0;0;0;0;0;1
Q24   Outr malformacoes congen do coracao;6;0;0;0;1;0;0;0;0;0;0;0;0;0;0;0;0;0;0;0;0;0;7
Q33   Malformacoes congen do pulmao;3;0;0;0;0;0;0;0;0;0;0;0;0;0;0;0;0;0;0;0;0;0;3
Q41   Ausencia atresia estenose congen intest delg;1;0;0;0;0;0;0;0;0;0;0;0;0;0;0;0;0;0;0;0;0;0;1
Q44   Malform congen vesic biliar via biliar figad;1;0;0;0;0;0;0;0;0;0;0;0;0;0;0;0;0;0;0;0;0;0;1
Q60   Agenesia renal e outr defeitos reducao rim;4;0;0;0;0;0;0;0;0;0;0;0;0;0;0;0;0;0;0;0;0;0;4
Q61   Doenc cisticas do rim;0;0;0;0;0;0;0;0;0;0;0;0;0;2;0;0;0;0;0;0;0;0;2
Q62   Anom cong obstr pelv renal malf cong ureter;1;0;0;0;0;0;0;0;0;0;0;0;0;0;0;0;0;0;0;0;0;0;1
Q79   Malformacoes congen sist osteomuscular NCOP;1;0;0;0;0;0;0;0;0;0;0;0;0;0;0;0;0;0;0;0;0;0;1
Q85   Facomatoses NCOP;0;0;0;0;0;0;0;0;0;0;0;0;0;0;1;0;0;0;0;0;0;0;1
Q87   Outr sindr c/malform cong q acomet mult sist;0;0;0;0;0;0;0;1;0;0;0;0;0;0;0;0;0;0;0;0;0;0;1
Q89   Outr malformacoes congen NCOP;3;0;0;0;0;0;0;0;0;0;0;0;0;0;0;0;0;0;0;0;0;0;3
Q90   Sindr de Down;2;0;0;0;0;0;0;0;0;1;1;0;0;0;0;0;0;0;0;0;0;0;4
Q91   Sindr de Edwards e sindr de Patau;2;0;0;0;0;0;0;0;0;0;0;0;0;0;0;0;0;0;0;0;0;0;2
Q93   Monossomias e delecoes dos autossomos NCOP;1;0;0;0;0;0;0;0;0;0;0;0;0;0;0;0;0;0;0;0;0;0;1
R04   Hemorragia das vias respirat;0;0;0;0;0;0;0;0;0;0;0;0;0;1;0;0;0;0;0;0;0;0;1
R09   Outr sint sinais relat ap circulat respirat;0;0;0;0;0;0;1;0;0;0;0;0;0;0;0;0;0;1;0;0;0;0;2
R10   Dor abdominal e pelvica;0;0;0;0;0;0;0;0;0;0;0;0;0;0;0;0;1;0;0;0;0;0;1
R54   Senilidade;0;0;0;0;0;0;0;0;0;0;0;0;0;0;1;0;3;3;11;2;2;0;22
R57   Choque NCOP;0;0;0;0;0;0;0;0;0;0;0;0;0;1;1;0;0;0;0;0;0;0;2
R68   Outr sint e sinais gerais;0;0;0;0;0;0;0;0;0;0;0;0;0;0;1;1;0;2;1;1;0;0;6
R95   Sindr da morte subita na infancia;1;0;0;0;0;0;0;0;0;0;0;0;0;0;0;0;0;0;0;0;0;0;1
R96   Outr mortes subitas de causa desconhecida;0;0;0;0;0;0;0;0;0;0;1;0;0;0;0;0;0;0;0;0;0;0;1
R98   Morte s/assist;0;0;0;0;1;0;2;3;2;2;5;4;3;6;4;3;0;0;0;0;0;0;35
R99   Outr causas mal definidas e NE mortalidade;2;0;2;0;5;2;1;8;3;2;3;6;6;4;2;1;3;0;1;0;0;0;51
V02   Pedestre traum colis veic motor 2 3 rodas;0;0;0;0;0;0;0;0;0;0;0;0;0;0;1;2;0;0;0;0;0;0;3
V03   Pedestre traum colis automov pickup caminhon;0;0;0;0;1;1;0;3;3;2;0;1;0;1;0;0;0;0;0;0;0;0;12
V04   Pedestre traum colis veic transp pesado onib;0;0;0;1;0;0;1;0;1;0;0;1;0;0;0;1;0;0;1;0;0;0;6
V05   Pedestre traum colis trem veic ferroviario;0;0;0;1;0;0;0;0;0;0;0;0;0;0;0;0;0;0;0;0;0;0;1
V09   Pedestre traum outr acid transp e NE;0;0;0;0;0;1;3;3;2;2;4;3;0;0;2;0;2;1;0;0;0;0;23
V20   Motociclista traum colis pedestre animal;0;0;0;0;0;0;0;0;1;0;0;0;0;0;0;0;0;0;0;0;0;0;1
V22   Motocicl traum colis veic motor 2 3 rodas;0;0;0;0;1;0;0;0;0;0;1;0;0;0;0;0;0;0;0;0;0;0;2
V23   Motocicl traum colis automov pickup caminhon;0;0;1;0;2;1;0;2;1;0;1;0;0;1;0;0;0;0;0;0;0;0;9
V24   Motocicl traum colis veic transp pesado onib;0;0;0;0;0;1;2;0;0;0;0;0;0;0;0;0;0;0;0;0;0;0;3
V27   Motocicl traum colis objeto fixo parado;0;0;0;1;1;2;1;1;0;0;0;0;0;0;0;0;0;0;0;0;0;0;6
V29   Motociclista traum outr acid transp e NE;0;0;0;0;11;3;3;3;2;4;1;0;0;0;1;0;0;0;0;0;0;0;28
V43   Ocup automov traum col auto pickup caminhon;0;0;0;0;1;2;0;0;0;0;0;0;0;1;0;0;0;0;0;0;0;0;4
V44   Ocup autom traum colis veic trans pesad onib;0;0;0;1;1;1;1;0;0;0;0;1;0;0;0;0;0;0;0;0;0;0;5
V47   Ocup automovel traum colis obj fixo parado;0;0;0;0;0;1;1;1;0;0;1;0;0;0;0;0;0;0;0;0;0;0;4
V48   Ocup automovel traum acid transp s/colis;0;0;0;0;0;2;0;1;1;0;0;0;0;0;0;0;0;0;0;0;0;0;4
V49   Ocup automovel traum outr acid transp e NE;0;0;0;0;2;0;5;4;1;0;1;1;1;0;0;0;0;0;0;0;0;0;15
V52   Ocup caminhon traum colis veic mot 2 3 rodas;0;0;0;0;0;0;0;0;1;0;0;0;0;0;0;0;0;0;0;0;0;0;1
V54   Ocup caminhon traum col veic transp pes onib;0;0;0;0;0;0;0;0;0;0;1;0;0;0;0;0;0;0;0;0;0;0;1
V64   Ocup v tr pes tr col outr veic tr pes onib;0;0;0;0;0;0;0;0;0;0;0;0;0;0;0;1;0;0;0;0;0;0;1
V87   Acid trans tipo espec desconh mod transp vit;0;0;0;0;0;1;0;0;0;0;0;0;0;0;0;0;0;0;0;0;0;0;1
V89   Acid veic mot n-mot tipos de veic NE;0;0;0;0;2;3;0;5;0;0;0;4;0;1;0;2;0;0;0;0;0;0;17
W06   Queda de um leito;1;0;0;0;0;0;0;0;0;0;0;2;0;1;0;0;0;0;0;0;0;0;4
W10   Queda em ou de escadas ou degraus;0;0;0;0;0;0;0;0;0;1;2;0;0;0;0;0;0;0;0;0;0;0;3
W13   Queda de ou p/fora edificios outr estruturas;0;0;0;0;1;0;0;0;1;0;0;0;1;1;1;0;0;0;0;0;0;0;5
W17   Outr quedas de um nivel a outr;0;0;0;0;0;0;3;0;0;0;2;1;0;0;0;1;0;0;0;0;0;0;7
W18   Outr quedas no mesmo nivel;0;0;0;0;0;0;0;0;3;1;4;2;2;1;0;6;5;6;3;0;0;0;33
W19   Queda s/especificacao;0;0;0;0;0;0;0;0;0;0;3;2;3;2;6;13;20;21;16;5;0;0;91
W23   Apert colhid comprim esmag dentro objetos;0;0;0;0;0;1;0;0;0;0;1;0;0;0;0;0;0;0;0;0;0;0;2
W69   Afogamento e submersao em aguas naturais;0;0;0;1;1;0;0;0;0;0;0;0;1;0;0;0;0;0;0;0;0;0;3
W73   Outr afogamentos e submersao espec;0;0;0;0;0;0;0;0;0;0;0;0;1;0;0;0;0;0;0;0;0;0;1
W74   Afogamento e submersao NE;0;0;0;1;0;0;0;0;2;2;0;0;1;0;0;0;0;0;0;0;0;0;6
W76   Outr enforcamento e estrangulamento acid;0;0;0;0;0;0;0;0;1;1;0;0;0;0;0;0;0;0;0;0;0;0;2
W78   Inalacao do conteudo gastrico;1;0;0;0;0;0;1;0;2;0;0;1;0;0;0;0;0;0;0;0;0;0;5
W79   Inalacao ingest aliment caus obstr trat resp;2;0;0;0;0;0;0;1;0;0;1;0;0;1;0;0;1;0;0;0;0;0;6
W80   Inalac ingest outr obj caus obstr trat resp;0;0;0;0;0;0;0;0;0;0;0;1;0;0;0;0;0;0;1;0;0;0;2
W87   Exposicao a corrente eletrica NE;0;0;0;0;1;0;0;0;0;1;0;0;0;0;0;0;0;0;0;0;0;0;2
X08   Exposicao outr tipo espec fumaca fogo chamas;0;0;0;0;0;0;1;0;0;0;0;0;0;0;0;1;0;0;0;0;0;0;2
X09   Exposicao a tipo NE de fumaca fogo chamas;0;0;0;0;0;1;1;1;0;0;0;0;0;0;0;0;0;1;0;0;0;0;4
X17   Contato motores maquinas ferramentas quentes;0;0;0;0;0;0;0;0;0;1;0;0;0;0;0;0;0;0;0;0;0;0;1
X23   Contato c/abelhas vespas e vespoes;0;0;0;0;0;0;0;0;0;0;1;0;0;0;0;0;0;0;0;0;0;0;1
X42   Envenen acid narcot psicodislepticos NCOP;0;0;0;0;0;0;0;0;1;0;0;0;0;0;0;0;0;0;0;0;0;0;1
X58   Exposicao a outr fatores espec;0;0;0;0;0;0;0;1;0;0;0;0;0;0;0;0;0;0;0;0;0;0;1
X59   Exposicao a fatores NE;0;0;0;0;0;0;1;0;0;0;0;0;0;0;0;0;0;1;0;0;0;0;2
X64   Auto-int intenc out drog med subst biolog NE;0;0;0;0;0;1;0;0;0;1;0;0;0;0;0;0;0;0;0;0;0;0;2
X68   Auto-intox intenc a pesticidas;0;0;0;0;1;0;0;0;0;1;0;1;0;0;0;0;0;0;0;0;0;0;3
X69   Auto-int intenc outr prod quim subst noc NE;0;0;0;0;0;0;0;1;0;0;0;0;0;0;0;0;0;0;0;0;0;0;1
X70   Lesao autoprov intenc enforc estrang sufoc;0;0;0;4;5;4;3;4;2;4;4;1;3;3;0;0;0;0;0;0;0;0;37
X71   Lesao autoprov intenc p/afogamento submersao;0;0;0;0;0;0;0;1;0;0;0;0;0;0;0;0;0;0;0;0;0;0;1
X74   Lesao autopr intenc disp outr arma fogo e NE;0;0;0;0;1;0;1;0;1;0;2;0;1;0;1;0;0;0;0;0;0;0;7
X76   Lesao autoprov intenc fumaca fogo e chamas;0;0;0;0;0;0;0;0;0;1;0;0;0;0;0;0;0;0;0;0;0;0;1
X80   Lesao autoprov intenc precip lugar elevado;0;0;0;0;1;0;0;0;0;0;0;3;0;0;0;0;0;0;0;0;0;0;4
X84   Lesao autoprov intenc p/meios NE;0;0;0;0;0;0;1;1;0;0;0;0;0;0;0;0;0;0;0;0;0;0;2
X91   Agressao enforc estrangulamento sufocacao;0;0;0;0;0;2;0;0;0;0;0;0;0;0;0;0;0;0;0;0;0;0;2
X93   Agressao disparo de arma de fogo de mao;0;0;0;0;0;1;0;0;0;1;1;1;0;0;0;0;0;0;0;0;0;0;4
X95   Agressao disparo outr arma de fogo ou NE;0;0;0;13;22;21;12;12;13;4;5;0;1;0;1;0;0;0;0;0;0;0;104
X99   Agressao objeto cortante ou penetrante;0;0;0;0;2;5;5;8;2;3;1;0;1;0;0;0;0;0;0;0;0;0;27
Y00   Agressao p/meio de um objeto contundente;0;0;0;0;0;0;3;2;1;0;0;0;0;0;0;0;0;0;0;0;0;0;6
Y04   Agressao p/meio de forca corporal;0;0;0;0;0;1;1;1;1;1;0;0;0;1;0;0;0;0;0;0;0;0;6
Y08   Agressao p/outr meios espec;0;0;0;0;1;0;0;0;0;0;0;0;0;0;0;0;0;0;0;0;0;0;1
Y09   Agressao p/meios NE;0;0;0;0;0;0;1;0;0;0;1;0;0;0;0;0;0;0;0;0;0;0;2
Y14   Env out drog med subst biolog e NE int n det;0;0;0;0;0;0;1;0;0;0;0;0;0;0;0;0;0;0;0;0;0;0;1
Y21   Afogamento submersao intenc nao determinada;0;0;0;1;1;0;0;0;0;0;0;0;0;0;0;0;0;0;0;0;0;0;2
Y29   Contato obj contundente intenc n det;0;0;0;0;0;1;1;0;0;1;0;2;1;1;3;1;1;0;0;0;0;0;12
Y30   Queda salto empurr lugar elev intenc n det;0;0;0;0;0;0;0;0;0;1;0;0;0;0;0;0;0;0;0;0;0;0;1
Y33   Outr fatos ou eventos espec intenc n det;0;0;0;0;0;1;0;0;0;0;0;0;0;0;0;0;0;0;0;0;0;0;1
Y34   Fatos ou eventos NE e intenc nao determinada;0;0;0;0;1;1;0;1;1;1;2;1;2;1;0;2;0;1;0;0;0;1;15
Y35   Intervencao legal;0;0;0;1;2;0;0;0;0;0;0;0;0;0;0;0;0;0;0;0;0;0;3
Y83   Reac anorm compl tard interv cirurg s/acid;0;0;0;0;0;0;0;0;0;0;0;0;0;0;0;0;1;0;0;0;0;0;1
Y84   Reac anorm compl tard out proc med s/acid;0;0;0;0;0;0;0;0;0;0;0;0;0;0;0;0;0;1;0;0;0;0;1
Y85   Sequelas de acid transp;0;0;0;0;0;0;0;0;0;0;0;0;0;0;1;0;0;0;0;0;0;0;1
Y86   Sequelas de outr acid;0;0;0;0;0;0;0;0;0;0;0;0;0;1;0;0;0;0;1;0;0;0;2
Y87   Seq lesao autopr inten agress fato int indet;0;0;0;0;0;0;0;0;0;0;0;0;0;1;0;0;0;0;0;0;0;0;1
Y88   Sequelas cuid med cirurg consid causa ext;0;0;0;0;0;0;0;0;0;0;1;0;0;0;0;0;0;0;0;0;0;0;1
Total;158;6;13;39;98;91;113;170;173;239;360;476;535;635;700;806;859;861;504;178;42;1;7057
