 Mortalidade - Brasil;;;;;;;;;;;;;;;;;;;;;;;
Óbitos p/Residênc por Categoria CID-10 e Faixa Etária det;;;;;;;;;;;;;;;;;;;;;;;
Unidade da Federação: São Paulo;;;;;;;;;;;;;;;;;;;;;;;
Sexo: Fem;;;;;;;;;;;;;;;;;;;;;;;
Período:2016;;;;;;;;;;;;;;;;;;;;;;;
Categoria CID-10;0 a 6 dias;7 a 27 dias;28 a 364 dias;Menor 1 ano (ign);1 a 4 anos;5 a 9 anos;10 a 14 anos;15 a 19 anos;20 a 24 anos;25 a 29 anos;30 a 34 anos;35 a 39 anos;40 a 44 anos;45 a 49 anos;50 a 54 anos;55 a 59 anos;60 a 64 anos;65 a 69 anos;70 a 74 anos;75 a 79 anos;80 anos e mais;Idade ignorada;Total
A02   Outr infecc p/Salmonella;-;-;-;-;-;-;-;-;-;-;-;-;-;1;-;-;-;-;1;-;-;-;2
A04   Outr infecc intestinais bacter;-;-;4;-;-;-;-;-;-;1;1;-;-;1;2;2;-;2;5;10;25;-;53
A05   Outr intox alimentares bacter NCOP;-;-;-;-;-;-;-;-;-;-;-;-;-;-;1;-;-;-;-;-;-;-;1
A06   Amebiase;-;-;-;-;-;-;-;-;-;-;-;-;-;1;-;-;1;-;-;-;7;-;9
A08   Infecc intestinais virais outr e as NE;-;-;-;-;-;-;-;1;-;-;-;-;-;1;-;-;1;-;-;1;6;-;10
A09   Diarreia e gastroenterite orig infecc presum;-;-;17;-;6;2;-;1;1;1;-;3;6;2;15;15;18;36;33;42;241;-;439
A15   Tuberc respirat c/conf bacteriol e histolog;-;-;-;-;-;-;-;2;2;2;1;1;-;-;3;1;4;1;-;2;1;-;20
A16   Tuberc vias respirat s/conf bacter histol;-;-;-;-;-;-;-;3;4;5;8;12;10;4;13;9;10;12;9;11;15;1;126
A17   Tuberc do sist nervoso;-;-;1;-;-;-;-;1;1;2;1;-;-;-;-;-;-;1;1;1;-;-;9
A18   Tuberc de outr orgaos;-;-;-;-;-;-;-;-;1;-;1;1;-;-;-;1;1;1;-;-;1;-;7
A19   Tuberc miliar;-;-;-;-;-;-;-;1;1;2;1;-;2;1;3;1;2;3;2;-;2;-;21
A21   Tularemia;-;-;-;-;-;-;-;-;-;-;-;-;-;-;-;1;-;-;-;-;1;-;2
A26   Erisipeloide;-;-;-;-;-;-;-;-;-;-;-;-;-;-;-;-;-;1;-;-;2;-;3
A27   Leptospirose;-;-;-;-;-;1;-;1;-;2;1;-;1;-;-;6;-;3;-;-;-;-;15
A30   Hanseniase;-;-;-;-;-;-;-;-;-;-;-;-;-;-;-;-;-;-;-;2;1;-;3
A31   Infecc dev outr micobacterias;-;-;-;-;-;-;-;-;-;-;-;1;-;1;-;-;1;1;2;1;7;-;14
A39   Infecc meningogocica;-;-;3;-;3;-;-;4;1;-;2;2;-;-;2;2;1;-;1;-;-;-;21
A40   Septicemia estreptococica;-;-;-;-;1;-;-;-;-;-;-;-;-;-;1;-;-;1;1;-;9;-;13
A41   Outr septicemias;-;-;41;-;12;9;4;6;7;11;4;15;25;44;46;83;104;125;161;221;690;2;1610
A44   Bartonelose;-;-;-;-;-;-;-;-;-;-;-;-;-;-;-;-;-;1;-;-;-;-;1
A46   Erisipela;-;-;-;-;-;-;-;-;-;1;-;2;2;-;6;10;21;19;23;36;146;-;266
A48   Outr doenc bacter NCOP;2;-;-;-;-;-;-;-;1;1;-;-;-;-;2;3;1;2;2;2;18;-;34
A49   Infecc bacter de localiz NE;-;-;1;-;-;-;-;-;-;-;-;-;1;-;1;1;-;-;-;2;9;-;15
A50   Sifilis congen;6;-;-;-;-;-;-;-;-;-;-;-;-;-;-;-;-;-;-;-;-;-;6
A52   Sifilis tard;-;-;-;-;-;-;-;-;-;-;-;-;-;-;-;-;-;-;1;-;-;-;1
A54   Infecc gonococica;-;-;-;-;-;-;-;1;-;-;-;-;-;-;-;-;-;-;-;1;-;-;2
A68   Febres recorrentes;-;-;-;-;-;-;-;-;-;-;-;-;-;-;-;-;-;-;-;-;1;-;1
A69   Outr infecc p/espiroquetas;-;-;-;-;-;-;-;-;-;-;-;-;-;-;1;-;-;-;-;-;-;-;1
A77   Febre maculosa;-;-;-;-;-;2;-;-;-;-;2;-;-;-;1;-;1;-;-;-;-;-;6
A81   Infecc p/virus atipicos sist nervoso central;-;-;-;-;-;-;-;1;-;-;-;-;-;1;2;3;1;1;-;1;-;-;10
A86   Encefalite viral NE;-;-;-;-;-;-;-;1;-;-;1;-;-;-;1;-;-;1;2;2;5;-;13
A87   Meningite viral;-;-;-;-;-;-;1;-;-;-;-;-;-;2;-;1;1;1;-;-;2;-;8
A89   Infecc virais NE do sist nervoso central;-;-;-;-;-;-;-;-;-;-;-;-;-;-;-;-;-;-;-;1;-;-;1
A90   Dengue;-;-;-;-;-;-;1;-;-;2;2;2;4;5;1;2;2;2;1;1;9;-;34
A91   Febre hemorragica dev virus do dengue;-;-;-;-;-;-;-;-;-;-;1;1;-;-;1;-;-;-;-;1;1;-;5
A92   Outr febres virais transm p/mosquitos;-;-;1;-;-;-;-;-;-;-;-;-;-;-;-;-;-;-;-;-;-;-;1
A94   Febre viral transm p/artropodes NE;-;-;-;-;-;1;-;-;-;-;-;1;-;-;-;-;-;-;-;-;-;-;2
A98   Outr febres hemorragicas p/virus NCOP;-;-;-;-;-;-;-;-;1;-;-;-;-;-;-;-;-;-;-;-;-;-;1
A99   Febres hemorragicas virais NE;-;-;-;-;-;-;-;-;-;-;-;-;-;-;-;1;-;-;-;-;-;-;1
B00   Infecc p/virus do herpes;-;-;-;-;-;-;-;-;1;-;1;-;-;-;-;1;-;-;2;3;5;-;13
B01   Varicela;-;-;-;-;3;4;1;-;-;-;1;-;-;-;-;-;-;-;-;-;-;-;9
B02   Herpes zoster;-;-;-;-;-;-;-;-;-;-;-;-;1;1;-;1;1;-;2;1;12;-;19
B05   Sarampo;-;-;-;-;-;-;-;1;-;-;-;-;-;-;-;-;-;-;-;-;-;-;1
B15   Hepatite aguda A;-;-;-;-;-;-;-;-;-;-;-;-;-;-;-;1;-;-;-;1;1;-;3
B16   Hepatite aguda B;-;-;-;-;-;-;-;-;-;-;-;-;-;1;-;-;2;1;1;-;2;-;7
B17   Outr hepatites virais agudas;-;-;-;-;1;-;-;-;-;-;-;3;-;1;-;1;4;4;2;3;1;-;20
B18   Hepatite viral cronica;-;-;-;-;-;-;-;-;-;-;3;6;7;8;21;36;44;48;39;34;38;-;284
B19   Hepatite viral NE;-;-;-;-;-;-;-;-;-;-;1;-;3;2;1;3;2;2;2;1;3;-;20
B20   Doenc p/HIV result doenc infecc e parasit;-;-;-;-;-;-;-;9;19;33;58;88;86;91;74;55;40;23;15;7;6;1;605
B21   Doenc p/HIV result em neopl malig;-;-;-;-;-;-;-;-;1;3;-;3;3;6;4;3;2;2;1;-;1;-;29
B22   Doenc p/HIV result em outr doenc espec;-;-;-;-;-;-;-;3;1;5;6;20;23;17;7;7;6;5;2;-;2;-;104
B23   Doenc p/HIV result em outr doenc;-;-;-;-;-;-;-;-;2;1;-;2;1;2;-;-;-;-;-;1;-;-;9
B24   Doenc p/HIV NE;-;-;-;-;-;-;-;-;2;4;2;18;16;13;10;11;4;2;3;-;1;-;86
B25   Doenc p/citomegalovirus;-;-;1;-;-;-;-;-;1;-;-;-;-;1;-;-;-;1;-;-;-;-;4
B26   Caxumba;-;-;-;-;-;-;-;-;-;-;-;-;-;-;-;-;-;-;-;-;1;-;1
B27   Mononucleose infecc;-;-;-;-;1;-;-;-;-;-;-;-;-;-;-;-;-;-;-;-;-;-;1
B33   Outr doenc p/virus NCOP;-;-;-;-;-;-;-;-;-;-;-;1;-;-;1;1;1;-;-;-;-;-;4
B34   Doenc p/virus de localiz NE;-;-;1;-;1;-;-;-;-;-;-;1;1;-;-;-;1;-;-;-;-;-;5
B37   Candidiase;-;-;-;-;-;1;-;-;-;-;-;-;-;-;1;-;-;-;-;3;3;-;8
B39   Histoplasmose;-;-;-;-;-;-;-;-;-;-;-;-;-;-;-;-;-;-;-;-;1;-;1
B40   Blastomicose;-;-;-;-;-;-;-;-;-;-;-;1;-;-;-;-;-;-;-;-;-;-;1
B41   Paracoccidioidomicose;-;-;-;-;-;-;-;-;-;-;-;-;-;1;1;-;1;-;-;-;-;-;3
B44   Aspergilose;-;-;-;-;-;-;-;-;-;-;-;-;-;-;-;1;-;-;1;-;-;-;2
B45   Criptococose;-;-;-;-;-;-;-;-;-;-;2;-;1;4;3;1;-;-;-;1;-;-;12
B46   Zigomicose;-;-;-;-;-;-;-;-;-;-;-;-;-;-;-;1;1;-;-;-;-;-;2
B49   Micose NE;-;-;1;-;-;-;-;-;-;-;-;-;-;-;-;1;-;-;-;-;-;-;2
B50   Malaria p/Plasmodium falciparum;-;-;-;-;1;-;-;-;-;-;-;-;-;-;-;1;-;-;-;-;-;-;2
B51   Malaria p/Plasmodium vivax;-;-;-;-;-;-;-;-;-;-;-;-;-;-;1;-;-;-;-;-;-;-;1
B54   Malaria NE;-;-;-;-;-;-;-;-;-;-;-;-;-;-;-;-;1;-;-;-;-;-;1
B55   Leishmaniose;-;-;-;-;-;-;-;-;-;-;-;-;2;-;-;1;-;-;-;1;2;-;6
B57   Doenc de Chagas;-;-;-;-;-;-;-;-;-;-;-;2;5;16;16;36;53;65;68;74;166;-;501
B58   Toxoplasmose;-;-;-;-;-;-;-;-;-;-;-;2;-;-;-;1;-;-;-;-;-;-;3
B59   Pneumocistose;-;-;-;-;-;-;-;-;-;-;-;-;-;-;1;1;-;-;-;1;-;-;3
B65   Esquistossomose;-;-;-;-;-;-;-;1;-;-;-;-;2;1;1;2;8;3;5;3;5;-;31
B69   Cisticercose;-;-;-;-;-;-;-;-;-;-;-;3;-;-;1;-;-;-;-;2;2;-;8
B78   Estrongiloidiase;-;-;-;-;-;-;-;-;-;-;-;-;-;-;-;-;1;-;-;-;-;-;1
B87   Miiase;-;-;-;-;-;-;-;-;-;-;-;1;-;-;-;-;-;-;1;-;1;-;3
B90   Sequelas de tuberc;-;-;-;-;-;-;-;1;-;-;2;1;-;1;1;2;4;-;2;4;3;-;21
B91   Sequelas de poliomielite;-;-;-;-;-;-;-;-;-;-;2;-;1;-;2;-;1;-;-;-;-;-;6
B92   Sequelas de hanseniase;-;-;-;-;-;-;-;-;-;-;-;-;-;-;-;-;-;-;-;-;2;-;2
B94   Sequelas de outr doenc infecc e parasit e NE;-;-;-;-;-;-;1;-;-;-;-;2;1;-;-;1;-;1;-;1;3;-;10
B99   Doenc infecc outr e as NE;-;-;1;-;-;-;-;-;-;-;-;1;-;-;-;1;-;-;1;-;2;-;6
C00   Neopl malig do labio;-;-;-;-;-;-;-;-;-;-;-;-;-;-;-;-;-;-;-;1;4;-;5
C01   Neopl malig da base da lingua;-;-;-;-;-;-;-;-;-;-;-;-;-;-;3;6;1;3;2;2;11;-;28
C02   Neopl malig outr partes e NE da lingua;-;-;-;-;-;-;-;-;4;1;1;-;2;4;7;5;11;8;6;7;20;-;76
C03   Neopl malig da gengiva;-;-;-;-;-;-;-;-;-;-;-;-;-;-;-;-;-;1;2;-;2;-;5
C04   Neopl malig do assoalho da boca;-;-;-;-;-;-;-;-;-;-;-;-;-;1;-;1;-;3;1;2;3;-;11
C05   Neopl malig do palato;-;-;-;-;-;-;-;-;-;-;-;-;-;-;-;2;3;2;1;1;10;-;19
C06   Neopl malig outr partes e partes NE da boca;-;-;-;-;-;-;-;-;-;1;-;-;-;2;4;3;3;6;11;13;19;-;62
C07   Neopl malig da gland parotida;-;-;-;-;-;-;-;1;-;1;-;-;-;1;3;-;8;-;1;4;10;-;29
C08   Neopl malig outr gland saliv maiores e NE;-;-;-;-;-;-;-;-;-;-;1;-;1;-;1;-;4;2;3;-;5;-;17
C09   Neopl malig da amigdala;-;-;-;-;-;-;-;-;-;-;-;-;-;-;-;-;2;1;-;1;1;-;5
C10   Neopl malig da orofaringe;-;-;-;-;-;-;-;1;-;-;-;1;1;2;6;5;5;6;12;6;14;-;59
C11   Neopl malig da nasofaringe;-;-;-;-;-;1;-;2;1;-;1;3;3;1;1;3;1;6;-;1;3;-;27
C12   Neopl malig do seio piriforme;-;-;-;-;-;-;-;-;-;-;-;-;1;-;-;1;-;-;-;-;-;-;2
C13   Neopl malig da hipofaringe;-;-;-;-;-;-;-;-;-;-;-;-;-;-;1;2;1;2;-;2;1;-;9
C14   Neop mal out loc mal def labio cav oral far;-;-;-;-;-;-;-;-;-;-;1;-;-;-;2;4;1;2;2;2;4;-;18
C15   Neopl malig do esofago;-;-;-;-;-;-;-;-;-;-;2;4;1;16;27;45;53;54;41;37;60;-;340
C16   Neopl malig do estomago;-;-;-;-;-;-;-;1;1;8;18;25;43;58;73;114;143;149;143;139;336;-;1251
C17   Neopl malig do intestino delgado;-;-;-;-;-;-;-;-;-;1;1;1;3;3;3;15;15;11;14;13;36;-;116
C18   Neopl malig do colon;-;-;-;-;-;-;-;-;4;10;8;25;59;81;108;178;214;222;196;219;497;-;1821
C19   Neopl malig da juncao retossigmoide;-;-;-;-;-;-;-;-;-;-;2;2;4;13;16;24;20;22;20;21;32;-;176
C20   Neopl malig do reto;-;-;-;-;-;-;-;1;1;2;6;13;19;41;57;63;62;74;79;82;146;-;646
C21   Neopl malig do anus e do canal anal;-;-;-;-;-;-;-;-;-;1;-;-;2;1;6;7;8;7;7;5;18;-;62
C22   Neopl malig figado vias biliares intra-hepat;-;-;1;-;1;1;-;3;3;2;7;17;11;32;45;102;118;138;130;133;223;-;967
C23   Neopl malig da vesicula biliar;-;-;-;-;-;-;-;-;-;1;-;3;6;3;10;17;20;30;13;16;32;-;151
C24   Neopl malig outr partes e NE vias biliares;-;-;-;-;-;-;-;-;-;1;1;2;6;12;21;25;49;44;33;43;83;-;320
C25   Neopl malig do pancreas;-;-;-;-;-;-;-;1;3;-;6;11;18;36;73;135;151;199;175;211;358;-;1377
C26   Neopl malig outr mal def aparelho digestivo;-;-;-;-;-;-;-;-;-;-;4;1;8;23;28;46;51;59;53;56;166;-;495
C30   Neopl malig cavidade nasal e do ouvido medio;-;-;-;-;-;-;-;-;-;-;-;1;-;1;-;2;-;1;2;1;-;-;8
C31   Neopl malig dos seios da face;-;-;-;-;-;-;-;-;1;-;1;-;1;-;-;-;-;1;1;2;5;-;12
C32   Neopl malig da laringe;-;-;-;-;-;-;-;-;-;1;1;1;2;1;11;15;14;18;15;9;17;-;105
C33   Neopl malig da traqueia;-;-;-;-;-;-;-;-;-;-;-;1;-;-;-;-;-;-;-;-;1;-;2
C34   Neopl malig dos bronquios e dos pulmoes;-;-;-;-;-;-;1;-;4;5;13;18;67;90;205;345;400;419;359;339;502;-;2767
C37   Neopl malig do timo;-;-;-;-;-;-;-;-;-;-;-;1;-;1;-;2;-;-;1;3;2;-;10
C38   Neopl malig do coracao mediastino e pleura;-;-;-;-;-;1;2;-;1;-;2;2;2;4;2;4;12;11;5;13;9;-;70
C39   Neop mal out loc mal def ap resp org intrat;-;-;-;-;-;-;-;-;-;-;-;-;-;5;1;6;2;2;1;1;3;-;21
C40   Neopl malig ossos/cartilag artic membros;-;-;-;-;-;-;3;2;-;-;-;2;-;1;1;1;-;1;-;2;3;-;16
C41   Neopl malig ossos/cartil artic outr loc e NE;-;-;-;-;2;1;1;7;9;3;5;5;7;5;5;9;9;16;9;17;32;-;142
C43   Melanoma malig da pele;-;-;-;-;-;-;-;-;-;1;4;7;9;7;18;21;18;16;20;22;57;-;200
C44   Outr neopl malig da pele;-;-;-;-;-;-;-;1;-;-;3;-;3;3;3;3;9;10;7;24;95;-;161
C45   Mesotelioma;-;-;-;-;-;-;-;-;1;-;-;-;-;-;-;2;6;2;1;3;3;-;18
C46   Sarcoma de Kaposi;-;-;-;-;-;-;-;-;-;-;-;-;-;1;-;2;-;-;1;2;2;-;8
C47   Neopl malig nervos perif e sist nerv autonom;-;-;-;-;-;-;-;-;-;-;1;1;-;-;1;1;-;1;1;-;-;-;6
C48   Neopl malig tec moles retro- e peritonio;-;-;-;-;-;-;1;-;-;3;1;3;7;8;11;11;20;19;26;16;34;-;160
C49   Neopl malig tec conjuntivo e outr tec moles;-;-;1;-;3;-;1;5;1;3;3;4;11;10;18;17;26;14;7;13;23;-;160
C50   Neopl malig da mama;-;-;-;-;-;-;-;-;3;34;90;164;278;382;452;470;491;452;349;315;639;-;4119
C51   Neopl malig da vulva;-;-;-;-;-;-;-;-;-;-;-;-;1;4;8;12;13;17;16;21;40;-;132
C52   Neopl malig da vagina;-;-;-;-;-;-;-;-;-;1;1;1;-;1;1;2;2;4;1;5;14;-;33
C53   Neopl malig do colo do utero;-;-;-;-;-;-;-;-;4;18;30;64;64;89;75;89;92;68;69;69;70;-;801
C54   Neopl malig do corpo do utero;-;-;-;-;-;-;-;-;-;1;3;6;7;8;21;53;79;74;77;61;87;-;477
C55   Neopl malig do utero porcao NE;-;-;-;-;-;-;-;-;1;5;9;17;18;30;56;61;46;66;59;40;93;-;501
C56   Neopl malig do ovario;-;-;-;-;-;-;-;3;4;7;12;24;30;68;106;111;152;138;116;93;130;-;994
C57   Neopl malig outr org genitais femin e NE;-;-;-;-;-;-;-;-;1;-;-;1;3;4;5;7;5;5;9;8;20;-;68
C58   Neopl malig da placenta;-;-;-;-;-;-;-;-;1;1;-;1;-;-;-;-;-;-;-;-;1;-;4
C64   Neopl malig do rim exceto pelve renal;-;-;-;-;2;2;1;4;-;1;4;7;5;16;21;34;40;36;46;38;65;-;322
C65   Neopl malig da pelve renal;-;-;-;-;-;-;-;-;-;-;1;1;-;-;1;-;-;-;2;3;1;-;9
C66   Neopl malig dos ureteres;-;-;-;-;-;-;-;-;-;-;-;-;1;-;-;1;-;2;-;2;-;-;6
C67   Neopl malig da bexiga;-;-;-;-;-;-;-;-;-;1;-;-;6;7;18;16;33;34;33;60;129;-;337
C68   Neopl malig de outr orgaos urinarios e NE;-;-;-;-;-;-;-;-;-;-;-;-;1;-;2;2;4;3;2;2;11;-;27
C69   Neopl malig do olho e anexos;-;-;-;-;-;-;-;-;-;-;1;-;1;1;1;-;2;-;3;4;8;-;21
C70   Neopl malig das meninges;-;-;-;-;-;-;-;-;-;-;2;1;1;1;5;5;4;5;6;3;6;-;39
C71   Neopl malig do encefalo;1;1;2;-;11;13;6;9;9;15;24;35;33;42;91;90;103;114;103;91;137;-;930
C72   Neop mal med esp nerv cran out sist nerv cen;-;-;1;-;6;1;1;1;-;2;1;8;4;4;5;12;9;13;11;9;24;-;112
C73   Neopl malig da gland tireoide;-;-;-;-;-;-;-;-;-;-;-;-;5;5;6;8;10;19;12;13;35;-;113
C74   Neopl malig da gland supra-renal;-;-;-;-;3;2;2;1;-;5;-;1;1;3;2;4;3;2;4;2;4;-;39
C75   Neopl malig outr gland endocrinas estr relac;-;-;-;-;-;-;-;-;-;3;3;-;-;-;2;-;4;2;6;-;2;-;22
C76   Neopl malig outr localiz e mal definidas;-;-;-;-;-;-;-;-;-;2;6;3;9;17;29;27;46;46;38;56;135;1;415
C77   Neopl malig secund e NE gangl linfaticos;-;-;-;-;-;-;-;-;-;-;-;-;-;-;-;2;1;1;1;-;3;-;8
C78   Neopl malig secund org respirat e digestivos;-;-;-;-;-;-;-;1;1;1;2;1;4;6;15;20;37;35;25;27;51;-;226
C79   Neopl malig secund de outr localiz;-;-;-;-;-;1;-;-;-;-;-;5;4;8;8;20;18;20;23;18;27;-;152
C80   Neopl malig s/especificacao de localiz;-;-;-;-;2;1;-;-;3;7;6;15;18;29;60;92;100;119;95;102;212;-;861
C81   Doenc de Hodgkin;-;-;-;-;-;-;-;2;5;5;5;4;4;2;3;2;4;7;5;8;11;-;67
C82   Linfoma nao-Hodgkin folicular;-;-;-;-;-;-;1;-;-;-;1;-;-;1;1;3;4;2;2;1;6;-;22
C83   Linfoma nao-Hodgkin difuso;-;-;-;-;-;1;1;-;-;1;2;1;2;-;5;7;3;6;6;8;12;-;55
C84   Linfomas de celulas T cutaneas e perifericas;-;-;-;-;-;-;-;-;-;1;-;1;2;1;3;2;1;6;1;4;3;-;25
C85   Linfoma nao-Hodgkin de outr tipos e tipo NE;-;-;-;-;-;1;2;6;1;10;9;11;14;14;28;36;46;63;59;47;113;-;460
C88   Doenc imunoproliferativas malignas;-;-;-;-;-;-;-;-;-;-;-;-;-;-;-;-;2;1;1;1;2;-;7
C90   Mieloma mult e neopl malig de plasmocitos;-;-;-;-;-;-;-;-;-;-;2;2;5;12;24;40;66;63;68;62;96;-;440
C91   Leucemia linfoide;-;-;3;-;7;9;6;12;16;4;9;4;8;12;9;9;18;12;11;23;47;-;219
C92   Leucemia mieloide;-;-;1;-;9;5;7;7;12;13;19;18;23;22;25;41;36;53;40;49;92;-;472
C93   Leucemia monocitica;-;-;-;-;-;-;-;1;-;-;-;-;1;1;-;-;-;1;-;-;-;-;4
C94   Outr leucemias de celulas de tipo espec;-;-;-;-;1;-;1;-;-;-;-;-;-;1;-;-;3;-;2;3;5;-;16
C95   Leucemia de tipo celular NE;-;1;3;-;1;-;-;1;3;2;-;1;4;5;6;7;14;8;12;21;38;-;127
C96   Outr neopl mal e NE tec linf hematop e corr;-;-;-;-;-;-;-;-;-;-;-;-;1;-;1;1;1;2;-;2;-;-;8
C97   Neopl malig de localiz mult independentes;-;-;-;-;-;-;-;-;-;-;-;-;1;-;-;-;2;-;1;3;-;-;7
D00   Carcinoma in situ cav oral esofago estomago;-;-;-;-;-;-;-;-;-;-;-;-;1;-;-;-;-;-;-;-;3;-;4
D01   Carcinoma in situ de outr orgaos digestivos;-;-;-;-;-;-;-;-;-;-;1;-;-;-;1;1;2;2;-;1;2;-;10
D02   Carcinoma in situ ouvido medio e ap respirat;-;-;-;-;-;-;-;-;-;-;-;-;-;-;1;1;-;2;-;1;-;-;5
D03   Melanoma in situ;-;-;-;-;-;-;-;-;-;-;-;-;-;-;-;2;-;1;-;-;-;-;3
D04   Carcinoma in situ da pele;-;-;-;-;-;-;-;-;-;-;-;-;-;-;-;-;1;-;-;2;3;-;6
D05   Carcinoma in situ da mama;-;-;-;-;-;-;-;-;-;-;-;-;1;-;1;1;1;1;-;-;1;-;6
D06   Carcinoma in situ do colo do utero;-;-;-;-;-;-;-;-;1;1;-;-;1;-;-;-;-;-;-;-;-;-;3
D07   Carcinoma in situ outr orgaos genitais e NE;-;-;-;-;-;-;-;-;-;-;-;-;-;-;1;-;-;1;-;-;1;-;3
D09   Carcinoma in situ de outr localiz e das NE;-;-;-;-;-;-;-;-;-;-;-;-;-;-;1;-;2;-;-;-;1;-;4
D10   Neopl benig da boca e da faringe;-;-;-;-;-;-;-;-;-;-;-;-;-;-;-;-;-;1;-;-;-;-;1
D12   Neopl benig do colon reto canal anal e anus;-;-;-;-;-;-;-;-;-;-;-;-;1;-;-;-;-;-;-;-;1;-;2
D13   Neopl benig outr part e mal def ap digestivo;-;-;-;-;-;-;-;-;-;-;-;-;-;2;-;1;-;-;-;-;-;-;3
D14   Neopl benig ouvido medio e aparelho respirat;-;-;-;-;-;-;-;1;-;-;-;-;-;-;-;1;-;-;-;2;-;-;4
D15   Neopl benig outr orgaos intratoracicos e NE;-;-;-;-;-;-;-;-;-;-;-;-;-;-;-;-;-;-;-;1;-;-;1
D17   Neopl lipomatosa benig;-;-;-;-;-;-;-;-;-;-;-;-;-;-;-;-;-;-;-;1;-;-;1
D18   Hemangioma e linfangioma de qualquer localiz;-;-;-;-;-;-;-;-;-;-;-;-;-;1;-;-;2;-;-;1;-;-;4
D19   Neopl benig de tec mesotelial;-;-;-;-;-;-;-;-;-;-;-;-;-;-;-;-;-;1;-;1;-;-;2
D21   Outr neopl benig tec conj e outr tec moles;-;-;-;-;-;-;-;-;-;-;-;-;-;-;-;-;1;-;-;-;1;-;2
D23   Outr neopl benig da pele;-;-;-;-;-;-;-;-;-;-;-;-;-;-;-;-;-;-;1;-;1;-;2
D25   Leiomioma do utero;-;-;-;-;-;-;-;-;-;-;1;1;3;3;3;1;1;-;1;1;-;-;15
D26   Outr neopl benig do utero;-;-;-;-;-;-;-;-;-;-;1;-;1;-;-;-;-;-;-;1;-;-;3
D27   Neopl benig do ovario;-;-;-;-;-;-;-;-;-;-;-;-;-;1;-;-;-;-;-;-;-;-;1
D32   Neopl benig das meninges;-;-;-;-;-;-;1;-;1;2;-;2;2;2;5;5;4;6;3;5;15;-;53
D33   Neopl benig encef e out part sist nerv centr;-;-;-;-;-;1;-;-;-;-;-;-;-;-;-;2;3;-;1;2;2;-;11
D35   Neopl benig de outr gland endocrinas e NE;-;-;-;-;-;-;-;-;-;-;1;1;1;-;-;3;1;-;-;-;-;-;7
D37   Neopl comp incerto/desc cav oral e org dig;-;-;-;-;-;-;-;-;-;-;-;-;-;2;3;4;5;6;5;5;11;-;41
D38   Neopl comp inc/desc ouv med org resp intrat;-;-;-;-;-;-;-;-;-;-;-;-;-;1;1;4;4;4;6;1;5;-;26
D39   Neopl comp incerto/desconh org genitais fem;-;-;-;-;-;-;-;-;-;-;1;1;-;3;1;-;2;3;3;1;2;-;17
D41   Neopl comp incerto/desconh orgaos urinarios;-;-;-;-;-;-;-;-;-;-;1;-;-;1;-;-;-;-;-;3;5;-;10
D42   Neopl comp incerto/desconhecido meninges;-;-;-;-;-;-;-;-;-;-;-;-;-;-;-;-;-;-;1;1;-;-;2
D43   Neopl comp inc/desc encefalo sist nerv centr;-;-;-;-;1;2;-;-;-;1;3;1;1;1;4;6;3;1;3;6;5;-;38
D44   Neopl comp incerto/desconh gland endocrinas;-;-;-;-;-;-;1;-;-;-;-;-;-;1;1;-;-;-;1;1;2;-;7
D45   Policitemia vera;-;-;-;-;-;-;-;-;-;-;-;-;-;-;-;2;-;-;-;2;4;-;8
D46   Sindr mielodisplasicas;-;-;-;-;1;1;-;-;-;-;-;1;1;-;3;6;3;11;15;22;61;-;125
D47   Out neop comp inc/des tec linf hemat tec cor;-;-;-;-;-;-;-;-;-;-;-;1;4;2;-;6;6;7;5;6;15;-;52
D48   Neopl comp inc/desconh outr localiz e NE;-;-;-;-;-;-;-;-;-;1;-;4;1;4;2;3;3;1;5;2;10;-;36
D50   Anemia p/defic de ferro;-;-;-;-;-;-;-;-;-;-;-;-;-;-;-;1;2;1;3;2;10;-;19
D51   Anemia p/defic de vitamina B12;-;-;-;-;-;-;-;-;-;-;-;-;-;-;1;-;1;1;-;-;-;-;3
D53   Outr anemias nutricionais;-;-;-;-;-;-;-;-;-;-;-;-;1;-;1;1;1;3;3;2;15;-;27
D56   Talassemia;-;-;-;-;-;-;-;-;-;-;-;1;-;-;-;-;-;-;-;-;2;-;3
D57   Transt falciformes;-;-;1;-;1;-;-;1;5;1;4;5;1;3;1;2;1;3;1;-;1;-;31
D58   Outr anemias hemoliticas hereditarias;-;-;-;-;-;-;-;-;-;-;2;2;-;-;-;1;1;1;2;2;1;-;12
D59   Anemia hemolitica adquir;-;-;1;-;1;-;1;-;1;-;-;-;1;2;3;-;1;-;-;1;5;-;17
D60   Aplasia pura da serie vermelha adquir;-;-;-;-;-;-;1;-;-;-;-;-;-;-;-;1;-;-;-;1;2;-;5
D61   Outr anemias aplasticas;-;1;-;-;3;-;1;3;1;2;3;5;5;6;6;9;2;12;9;9;18;-;95
D62   Anemia aguda pos-hemorragica;-;-;-;-;-;-;-;-;-;-;-;-;-;1;1;-;-;2;2;-;2;-;8
D64   Outr anemias;-;-;-;-;-;1;-;2;-;-;1;2;4;2;7;9;10;12;15;26;98;-;189
D65   Coagulacao intravascular disseminada;-;-;2;-;4;-;-;-;-;2;1;1;5;-;2;3;4;1;5;1;8;-;39
D68   Outr defeitos da coagulacao;1;1;-;-;-;-;-;-;1;-;1;3;1;5;3;4;6;7;7;11;22;-;73
D69   Purpura e outr afeccoes hemorragicas;-;-;-;-;-;2;1;1;-;6;2;8;3;4;3;4;4;10;7;5;12;-;72
D70   Agranulocitose;-;-;-;-;1;-;-;1;1;1;-;-;-;1;2;1;1;3;3;3;4;-;22
D71   Transt func neutrofilos polimorfonucleares;-;-;-;-;-;-;-;-;-;-;-;-;-;-;-;-;1;-;2;-;-;-;3
D72   Outr transt dos globulos brancos;-;-;-;-;-;-;-;-;-;-;-;-;-;-;1;-;-;-;1;-;-;-;2
D73   Doenc do baco;-;-;-;-;-;-;-;-;-;-;-;-;1;-;-;-;1;-;1;3;1;-;7
D75   Outr doenc sangue e orgaos hematopoeticos;-;-;-;-;1;-;-;-;-;1;-;-;-;-;-;-;2;1;3;-;5;-;13
D76   Alg doenc q env tec linforr e sist reticuloh;-;-;3;-;3;-;1;-;-;-;1;1;-;-;1;1;-;-;-;-;-;-;11
D81   Defic imunitarias combinadas;-;-;3;-;1;-;-;-;-;-;-;-;-;-;-;-;-;-;-;-;-;-;4
D82   Imunodeficiencia assoc c/outr defeitos major;-;-;-;-;-;-;-;-;-;-;-;-;-;-;1;-;-;-;-;-;-;-;1
D83   Imunodeficiencia comum variavel;-;-;-;-;-;-;-;-;-;1;-;-;-;-;-;-;-;-;-;-;-;-;1
D84   Outr imunodeficiencias;-;-;1;-;-;-;-;-;-;-;1;-;-;1;4;1;2;2;-;1;6;-;19
D86   Sarcoidose;-;-;-;-;-;-;-;-;-;-;-;-;-;-;-;1;-;-;2;-;-;-;3
D89   Outr transt q comprom mecanismo imunit NCOP;-;-;-;-;-;-;-;-;-;-;-;-;-;-;-;-;-;-;1;-;-;-;1
E03   Outr hipotireoidismos;-;-;-;-;-;-;-;1;-;-;-;1;-;2;3;5;4;5;6;6;44;-;77
E04   Outr bocios nao-toxicos;-;-;-;-;-;-;-;-;1;-;-;-;-;1;-;-;-;1;-;2;3;-;8
E05   Tireotoxicose;-;-;-;-;-;-;-;-;1;-;1;4;2;1;-;1;3;1;1;1;5;-;21
E07   Outr transt da tireoide;-;-;-;-;-;-;-;-;-;-;1;-;1;-;-;-;-;-;-;-;-;-;2
E10   Diabetes mellitus insulino-dependente;-;-;-;-;-;1;2;1;1;12;6;9;6;9;3;23;27;24;32;36;87;-;279
E11   Diabetes mellitus nao-insulino-dependemte;-;-;-;-;-;-;-;-;2;2;2;1;5;7;9;27;36;36;50;66;179;-;422
E12   Diabetes mellitus relac c/a desnutr;-;-;-;-;-;-;-;-;-;-;-;-;3;-;-;3;-;-;3;1;15;-;25
E13   Outr tipos espec de diabetes mellitus;-;-;-;-;-;-;-;-;-;-;-;-;-;-;1;2;2;3;6;4;6;-;24
E14   Diabetes mellitus NE;-;-;-;-;1;-;2;4;10;17;22;31;63;95;173;293;405;508;646;721;1848;-;4839
E15   Coma hipoglicemico nao-diabetico;-;-;-;-;-;-;-;-;-;-;-;-;-;-;-;1;-;-;-;1;2;-;4
E16   Outr transt da secrecao pancreatica interna;-;-;-;-;1;-;-;-;-;-;-;-;-;-;1;2;2;3;1;4;16;-;30
E21   Hiperparatireoid e out transt gland paratir;-;-;-;-;-;-;-;-;-;-;-;-;-;1;-;-;-;-;-;-;1;-;2
E22   Hiperfuncao da hipofise;-;-;-;-;-;-;-;-;-;-;-;-;-;-;-;-;-;-;-;1;-;-;1
E23   Hipofuncao e outr transt da hipofise;-;-;-;-;-;2;-;1;-;-;-;-;-;-;-;-;-;-;1;-;2;-;6
E24   Sindr de Cushing;-;-;-;-;-;-;-;-;-;1;-;-;-;1;-;-;-;1;-;-;-;-;3
E25   Transt adrenogenitais;-;-;-;-;-;-;-;-;-;-;-;-;-;-;-;-;-;-;1;-;-;-;1
E26   Hiperaldosteronismo;-;-;-;-;-;-;-;-;-;-;-;-;-;1;-;-;-;-;-;-;2;-;3
E27   Outr transt da gland supra-renal;-;-;1;-;-;-;-;-;1;-;-;-;1;-;-;-;-;-;-;-;-;-;3
E31   Disfuncao poliglandular;-;-;-;-;-;-;-;-;-;-;-;-;-;-;-;-;-;-;-;1;1;-;2
E34   Outr transt endocrinos;-;-;-;-;-;-;-;-;-;-;-;-;-;1;-;-;-;-;-;-;-;-;1
E40   Kwashiorkor;-;-;-;-;-;-;-;-;-;-;-;-;-;-;-;-;-;-;-;1;1;-;2
E41   Marasmo nutricional;-;-;-;-;-;-;-;-;-;-;-;-;-;-;1;-;2;1;-;5;30;-;39
E43   Desnutric proteico-calorica grave NE;-;-;1;-;1;-;-;-;-;-;-;-;6;3;4;4;1;7;8;10;68;1;114
E44   Desnutric proteico-calorica grau moder leve;-;-;-;-;-;-;-;-;-;-;-;-;-;1;-;3;1;2;2;4;24;-;37
E46   Desnutric proteico-calorica NE;-;-;2;-;3;-;1;1;1;1;3;1;1;4;6;4;14;9;18;26;221;-;316
E51   Defic de tiamina;-;-;-;-;-;-;-;-;-;-;-;-;-;-;-;-;-;-;1;-;-;-;1
E53   Defic de outr vitaminas do grupo B;-;-;-;-;-;-;-;-;-;-;-;-;-;-;-;-;-;-;-;1;-;-;1
E54   Defic de acido ascorbico;-;-;-;-;-;-;-;-;-;-;-;-;-;-;-;-;-;-;-;1;-;-;1
E55   Defic de vitamina D;-;-;-;-;1;-;-;-;-;-;-;-;-;-;-;-;-;-;-;-;-;-;1
E59   Defic de selenio da dieta;-;-;-;-;-;-;-;-;-;-;-;-;-;-;-;-;-;-;-;-;1;-;1
E61   Defic de outr elementos nutrientes;-;-;-;-;-;-;-;-;-;-;-;-;-;-;-;-;-;-;-;-;2;-;2
E64   Sequelas desnutric e outr defic nutricionais;-;-;-;-;-;-;-;-;1;-;1;-;-;-;1;-;-;-;1;1;5;-;10
E66   Obesidade;-;-;-;-;-;-;-;-;3;6;15;25;31;25;51;51;50;52;47;32;33;-;421
E67   Outr form de hiperalimentacao;-;-;-;-;-;-;-;-;-;-;-;-;-;-;-;-;-;-;-;-;1;-;1
E70   Disturbios metabolism aminoacidos aromaticos;-;-;-;-;-;-;-;-;-;-;-;-;-;-;-;-;-;-;-;-;2;-;2
E71   Dist metab aminoacidos cad ramif e acid grax;-;-;-;-;1;-;1;-;-;-;-;-;-;-;-;-;-;1;-;-;1;-;4
E72   Outr disturbios metabolismo de aminoacidos;-;-;-;-;-;-;-;-;-;1;-;-;-;-;-;-;-;-;-;-;-;-;1
E74   Outr disturbios do metabolismo carboidratos;-;-;-;-;1;-;1;-;-;-;-;-;-;-;-;-;-;-;-;-;1;-;3
E75   Disturb metab esfingolip e outr depos lipid;-;-;-;-;4;-;-;2;-;-;-;1;-;-;-;-;1;-;-;-;1;-;9
E76   Disturbios metabolismo do glicosaminoglicano;-;-;-;-;-;-;1;-;-;-;-;-;-;-;-;-;-;-;-;-;1;-;2
E77   Disturbios do metabolismo de glicoproteinas;-;-;-;-;-;-;-;-;-;-;-;-;1;-;-;-;-;-;-;-;3;-;4
E78   Disturbios metab lipoproteinas e out lipidem;1;-;-;-;-;-;-;-;-;-;-;3;1;4;4;14;7;11;20;24;76;-;165
E80   Disturbios metab porfirina e bilirrubina;-;-;-;-;-;-;-;-;-;-;-;1;-;1;1;-;-;-;-;-;-;-;3
E83   Disturbios do metabolismo de minerais;-;-;-;-;-;-;-;-;1;2;-;-;-;1;-;2;2;-;1;-;7;-;16
E84   Fibrose cistica;1;-;1;-;-;1;3;1;3;1;-;-;-;-;-;2;2;2;2;1;2;-;22
E85   Amiloidose;-;-;-;-;-;-;-;-;-;-;-;-;-;-;1;2;1;2;-;3;4;-;13
E86   Deplecao de volume;-;-;2;-;2;-;-;-;-;1;-;-;1;1;3;3;6;6;12;22;169;-;228
E87   Outr transt equil hidroeletr e acido-basic;-;-;2;-;1;-;-;1;-;1;2;-;8;2;3;7;11;15;24;19;100;1;197
E88   Outr disturbios metabolicos;-;-;1;-;1;-;-;-;1;-;-;1;-;2;3;2;6;2;4;6;52;-;81
F01   Demencia vascular;-;-;-;-;-;-;-;-;-;-;-;-;-;-;-;-;1;3;2;12;62;-;80
F03   Demencia NE;-;-;-;-;-;-;-;-;-;-;-;-;-;-;1;-;4;8;15;54;621;-;703
F05   Delirium nao induz alcool outr subst psicoat;-;-;-;-;-;-;-;-;-;-;-;-;-;-;-;-;-;-;-;-;6;-;6
F10   Transt mentais comport dev uso alcool;-;-;-;-;-;-;-;-;-;-;1;8;5;8;11;4;4;3;4;2;-;-;50
F11   Transt mentais e comport dev uso de opiaceos;-;-;-;-;-;-;-;-;-;-;-;-;-;2;-;1;-;-;-;-;-;-;3
F12   Transt mentais comport dev uso canabinoides;-;-;-;-;-;-;-;-;-;-;-;-;-;-;1;1;-;-;-;-;-;-;2
F14   Transt mentais e comport dev uso da cocaina;-;-;-;-;-;-;-;-;-;-;1;-;-;1;-;-;-;-;-;-;-;-;2
F17   Transt mentais e comport dev uso de fumo;-;-;-;-;-;-;-;-;-;-;1;1;-;2;4;7;4;6;11;12;22;-;70
F19   Transt ment comp mult drog out subst psicoat;-;-;-;-;-;-;1;-;-;2;1;1;-;1;-;-;-;1;-;-;-;-;7
F20   Esquizofrenia;-;-;-;-;-;-;-;-;-;1;1;1;1;4;9;6;7;2;3;2;5;-;42
F23   Transt psicoticos agudos e transitorios;-;-;-;-;-;-;-;-;-;-;-;-;-;-;-;-;1;-;-;-;-;-;1
F25   Transt esquizoafetivos;-;-;-;-;-;-;-;-;-;-;-;-;-;-;-;-;-;-;1;-;-;-;1
F29   Psicose nao-organica NE;-;-;-;-;-;-;-;-;-;-;-;-;-;-;-;1;-;-;-;-;-;-;1
F31   Transt afetivo bipolar;-;-;-;-;-;-;-;-;-;-;-;-;-;2;4;-;-;-;1;1;-;-;8
F32   Episodios depressivos;-;-;-;-;-;-;-;-;-;-;1;1;1;3;3;1;4;6;1;9;6;-;36
F33   Transt depressivo recorrente;-;-;-;-;-;-;-;-;1;-;1;1;-;-;1;-;-;2;1;1;2;-;10
F41   Outr transt ansiosos;-;-;-;-;-;-;-;-;-;-;-;-;-;-;-;-;1;-;-;1;1;-;3
F42   Transt obsessivo-compulsivo;-;-;-;-;-;-;-;-;-;-;-;-;-;-;-;-;-;-;1;-;-;-;1
F43   Reacoes ao stress grave e transt adaptacao;-;-;-;-;-;-;-;-;-;-;-;-;-;-;-;-;-;-;1;-;1;-;2
F44   Transt dissociativos;-;-;-;-;-;-;-;-;-;-;-;-;-;-;-;-;-;1;-;-;-;-;1
F50   Transt da alimentacao;-;-;-;-;-;-;-;-;-;-;-;-;-;-;-;-;-;-;2;1;-;-;3
F72   Retardo mental grave;-;-;-;-;-;-;-;-;-;1;-;-;-;-;-;-;-;2;-;-;-;-;3
F79   Retardo mental NE;-;-;-;-;-;-;-;-;1;1;-;1;-;-;-;-;-;-;-;-;-;-;3
F84   Transt globais do desenvolv;-;-;-;-;-;-;1;2;-;-;1;-;-;-;-;-;-;-;-;-;-;-;4
F99   Transt mental NE em outr parte;-;-;-;-;-;-;-;-;1;1;-;-;-;1;-;-;-;-;-;1;-;-;4
G00   Meningite bacter NCOP;-;1;6;-;1;2;3;2;2;-;1;3;5;8;11;7;11;8;5;11;17;-;104
G03   Meningite dev outr causas e a causas NE;-;-;4;-;1;-;-;-;1;-;1;4;3;2;3;2;2;-;5;1;3;-;32
G04   Encefalite mielite e encefalomielite;-;-;1;-;3;1;-;5;3;1;2;2;3;2;4;3;5;2;1;-;9;-;47
G06   Abscesso granuloma intracran intra-raquid;-;-;-;-;-;-;-;-;-;-;1;1;1;1;1;2;1;1;2;1;1;-;13
G08   Flebite tromboflebite intracran intra-raquid;-;-;-;-;2;-;-;-;-;2;1;1;-;-;-;-;-;-;-;-;1;-;7
G09   Sequelas doenc inflam sist nerv centr;-;-;-;-;-;-;1;-;-;-;-;-;-;-;-;-;2;-;1;2;3;-;9
G10   Doenc de Huntington;-;-;-;-;-;-;-;-;-;-;1;4;1;2;3;3;4;-;1;1;1;-;21
G11   Ataxia hereditaria;-;-;-;-;-;-;-;-;-;-;1;-;1;-;1;3;3;3;2;1;1;-;16
G12   Atrofia muscular espinal e sindr correlatas;-;-;-;-;1;-;1;1;1;-;-;2;7;5;19;16;24;24;24;24;14;-;163
G20   Doenc de Parkinson;-;-;-;-;-;-;-;-;-;-;-;-;-;-;1;2;7;29;30;62;277;-;408
G21   Parkinsonismo secund;-;-;-;-;-;-;-;-;-;-;-;-;-;-;1;-;1;-;1;-;-;-;3
G23   Outr doenc degenerativas dos ganglios base;-;-;-;-;-;-;-;-;-;-;-;-;-;-;-;1;1;3;-;2;2;-;9
G24   Distonia;-;-;-;-;-;-;-;-;-;-;-;-;-;-;-;-;-;1;-;-;-;-;1
G25   Outr doenc extrapiramidais transt movimentos;-;-;-;-;-;-;-;-;-;-;-;-;-;-;-;-;-;2;1;-;1;-;4
G30   Doenc de Alzheimer;-;-;-;-;-;-;-;-;-;-;-;-;1;-;-;8;26;57;124;346;2876;-;3438
G31   Outr doenc degenerativas sist nervoso NCOP;-;-;-;-;1;1;3;-;1;1;1;2;1;1;6;5;7;8;11;20;121;-;190
G35   Esclerose mult;-;-;-;-;-;-;-;-;-;-;1;1;5;3;4;4;9;4;1;6;3;-;41
G36   Outr desmielinizacoes disseminadas agudas;-;-;-;-;-;-;-;-;-;1;1;-;-;1;1;-;1;-;-;-;1;-;6
G37   Outr doenc desmielinizantes sist nerv centr;-;-;-;-;-;-;-;1;-;-;-;-;3;1;-;2;1;1;-;2;2;-;13
G40   Epilepsia;-;-;1;-;2;5;1;9;5;7;9;6;7;12;12;13;7;11;10;18;38;-;173
G41   Estado de mal epileptico;-;-;-;-;2;-;-;2;2;1;1;4;2;-;-;2;4;2;1;5;9;-;37
G45   Acid vasc cerebr isquemicos trans sindr corr;-;-;-;-;-;-;-;-;-;-;-;-;-;-;-;-;-;-;1;1;9;-;11
G47   Disturbios do sono;-;-;-;-;-;-;-;-;-;-;-;-;-;-;-;-;-;-;1;-;-;-;1
G58   Outr mononeuropatias;-;-;-;-;-;-;-;-;-;-;-;-;-;1;-;-;-;-;1;-;-;-;2
G60   Neuropatia hereditaria e idiopatica;-;-;-;-;-;-;-;-;-;-;-;1;-;-;-;-;-;1;-;1;1;-;4
G61   Polineuropatia inflam;-;-;-;-;-;-;1;1;-;-;1;1;2;1;3;3;-;2;1;2;2;-;20
G62   Outr polineuropatias;-;-;-;-;1;1;2;-;-;1;3;-;-;-;3;1;1;1;1;2;7;-;24
G64   Outr transt do sist nervoso periferico;-;-;-;-;-;-;-;-;-;-;-;-;-;-;-;-;-;-;-;1;-;-;1
G70   Miastenia gravis outr transt neuromusculares;-;-;-;-;-;1;1;1;1;-;-;-;4;1;1;3;-;5;1;4;5;-;28
G71   Transt prim dos musculos;-;-;1;-;3;-;-;-;1;1;1;-;2;1;2;3;1;4;1;2;3;-;26
G72   Outr miopatias;-;-;-;-;-;-;-;1;-;-;-;-;-;1;-;-;-;-;-;-;2;-;4
G80   Paralisia cerebral;-;-;5;-;11;7;17;23;11;18;6;8;9;5;2;2;5;1;3;2;6;-;141
G82   Paraplegia e tetraplegia;-;-;-;-;-;-;-;-;-;-;-;-;-;1;1;-;2;-;1;-;-;-;5
G90   Transt do sist nervoso autonomo;-;-;-;-;1;-;-;-;-;-;-;-;-;-;1;-;-;1;1;2;2;-;8
G91   Hidrocefalia;-;-;5;-;9;4;4;2;1;2;1;2;2;3;4;4;8;5;9;6;11;-;82
G92   Encefalopatia toxica;-;-;-;-;-;-;-;-;-;-;-;-;-;-;1;-;2;-;-;1;2;-;6
G93   Outr transt do encefalo;-;-;10;-;20;8;10;8;5;4;8;7;16;13;18;24;21;24;29;28;55;-;308
G95   Outr doenc da medula espinal;-;-;-;-;-;-;-;-;-;-;1;-;-;-;1;-;1;1;1;1;3;-;9
G96   Outr transt do sist nervoso central;-;-;-;-;-;-;-;1;-;-;-;-;-;1;-;-;-;1;-;-;2;-;5
G98   Outr transt do sist nervoso NCOP;-;-;-;-;-;-;-;-;2;-;-;-;-;-;-;1;-;2;1;2;4;-;12
H44   Transt do globo ocular;-;-;-;-;-;-;-;-;-;-;-;-;-;-;-;-;-;-;-;-;2;-;2
H65   Otite media nao-supurativa;-;-;-;-;1;-;-;-;-;-;-;-;-;-;-;-;-;-;-;-;-;-;1
H66   Otite media supurativa e as NE;-;-;-;-;-;2;-;-;-;1;-;1;-;-;1;1;4;2;-;1;-;-;13
H70   Mastoidite e afeccoes correlatas;-;-;-;-;-;-;-;-;-;-;-;-;-;-;1;-;-;-;1;1;1;-;4
H81   Transt da funcao vestibular;-;-;-;-;-;-;-;-;-;-;1;-;-;-;-;-;-;-;-;1;-;-;2
I00   Febre reumatica s/mencao de compr do coracao;-;-;-;-;-;-;-;-;-;-;-;-;-;1;1;1;-;1;-;-;1;-;5
I01   Febre reumatica c/compr do coracao;-;-;-;-;-;-;-;-;-;-;1;-;-;1;-;1;2;1;1;-;-;-;7
I05   Doenc reumaticas da valva mitral;-;-;-;-;-;1;-;-;1;1;3;5;11;9;16;26;25;25;21;21;24;-;189
I06   Doenc reumaticas da valva aortica;-;-;-;-;-;-;-;-;-;-;-;-;-;-;-;2;-;1;1;-;4;-;8
I07   Doenc reumaticas da valva tricuspide;-;-;-;-;-;-;-;-;-;-;-;1;1;-;-;2;-;-;1;2;5;-;12
I08   Doenc de mult valvas;-;-;-;-;-;-;-;-;-;-;1;1;1;5;6;4;4;13;5;4;10;-;54
I09   Outr doenc reumaticas do coracao;-;-;-;-;-;-;-;-;1;-;1;1;1;1;-;2;2;-;1;1;1;-;12
I10   Hipertensao essencial;-;-;-;-;-;-;-;-;1;3;5;10;24;50;73;91;126;163;204;248;962;-;1960
I11   Doenc cardiaca hipertensiva;-;-;-;-;-;-;-;-;3;1;7;11;23;35;61;100;154;167;199;252;925;1;1939
I12   Doenc renal hipertensiva;-;-;-;-;-;-;-;-;1;2;4;5;15;12;14;29;30;45;47;63;190;-;457
I13   Doenc cardiaca e renal hipertensiva;-;-;-;-;-;-;-;-;-;-;1;1;4;1;5;11;20;20;30;32;140;-;265
I20   Angina pectoris;-;-;-;-;-;-;-;-;-;-;-;1;-;-;1;2;5;7;6;5;24;-;51
I21   Infarto agudo do miocardio;-;-;1;-;-;-;1;18;21;25;41;88;171;285;461;670;855;1062;1099;1293;3485;4;9580
I22   Infarto do miocardio recorrente;-;-;-;-;-;-;-;-;-;-;-;1;1;2;-;1;3;2;3;2;4;-;19
I24   Outr doenc isquemicas agudas do coracao;-;-;-;-;-;-;-;-;-;-;-;1;4;7;23;27;30;37;54;64;186;-;433
I25   Doenc isquemica cronica do coracao;-;-;-;-;-;-;1;-;4;4;4;9;30;50;107;147;219;280;314;380;1235;-;2784
I26   Embolia pulmonar;-;-;-;-;2;-;-;8;12;21;34;56;67;79;81;101;102;153;156;211;786;-;1869
I27   Outr form de doenc cardiaca pulmonar;-;-;3;-;2;-;1;2;4;4;3;5;3;3;11;7;15;15;13;21;69;-;181
I28   Outr doenc dos vasos pulmonares;-;1;-;-;-;-;-;-;-;1;-;-;-;-;-;1;-;-;1;2;3;-;9
I30   Pericardite aguda;-;-;-;-;-;-;-;1;-;-;-;-;1;1;-;2;5;1;1;1;5;-;18
I31   Outr doenc do pericardio;-;1;1;-;1;-;-;-;-;1;2;2;3;3;4;6;5;3;12;6;18;-;68
I33   Endocardite aguda e subaguda;-;-;3;-;-;-;1;1;2;1;4;4;6;9;6;7;12;10;16;10;13;-;105
I34   Transt nao-reumaticos da valva mitral;-;-;-;-;-;-;-;-;-;-;2;-;6;6;9;16;15;38;33;39;60;-;224
I35   Transt nao-reumaticos da valva aortica;-;-;-;-;1;-;-;-;-;2;4;3;4;4;11;9;21;40;44;41;148;-;332
I36   Transt nao-reumaticos da valva tricuspide;-;-;-;-;-;-;-;-;1;-;-;-;-;-;1;-;-;-;1;1;-;-;4
I37   Transt da valva pulmonar;-;-;-;-;-;-;-;-;1;-;-;1;-;-;-;1;-;-;1;-;-;-;4
I38   Endocardite de valva NE;-;-;-;-;2;-;-;-;1;1;1;6;2;5;5;11;5;15;15;12;30;1;112
I40   Miocardite aguda;-;-;3;-;4;-;-;-;-;1;2;1;2;1;1;1;-;-;-;-;2;-;18
I42   Cardiomiopatias;3;1;7;-;7;3;6;10;5;11;18;32;45;66;88;102;174;186;184;266;779;5;1998
I44   Bloqueio atrioventricular e do ramo esquerdo;-;-;1;-;-;-;-;-;-;-;1;-;-;1;1;3;4;9;7;18;70;-;115
I45   Outr transt de conducao;-;-;-;-;-;-;-;-;-;-;1;-;-;-;-;-;-;1;1;-;4;-;7
I46   Parada cardiaca;-;-;-;-;-;-;-;1;1;-;1;2;2;5;3;5;10;5;9;11;37;-;92
I47   Taquicardia paroxistica;-;-;-;-;-;-;-;-;-;-;-;1;-;-;2;2;1;6;2;4;26;-;44
I48   Flutter e fibrilacao atrial;-;-;-;-;-;-;-;-;-;-;-;1;1;2;12;5;23;21;43;85;331;-;524
I49   Outr arritmias cardiacas;-;-;-;-;1;-;-;2;2;1;2;5;7;11;16;20;31;33;41;71;350;-;593
I50   Insuf cardiaca;-;-;5;-;1;-;-;2;-;4;8;17;24;40;89;116;212;284;387;545;2047;-;3781
I51   Complic cardiopatias doenc cardiacas mal def;-;-;2;-;2;1;-;2;3;7;3;4;16;10;19;23;19;38;31;43;151;-;374
I60   Hemorragia subaracnoide;-;-;2;-;1;-;2;5;2;15;31;56;65;99;118;158;134;97;76;74;128;-;1063
I61   Hemorragia intracerebral;-;-;1;-;3;2;2;1;7;10;21;55;77;105;130;174;163;196;201;218;508;2;1876
I62   Outr hemorragias intracranianas nao-traum;-;-;3;-;1;-;-;-;1;3;1;2;3;4;3;10;9;7;10;5;54;-;116
I63   Infarto cerebral;-;-;-;-;-;-;-;1;5;-;2;9;16;36;28;49;79;115;155;200;706;1;1402
I64   Acid vasc cerebr NE como hemorrag isquemico;-;-;-;-;-;1;-;2;-;1;11;16;41;41;68;133;192;288;369;503;1709;1;3376
I67   Outr doenc cerebrovasculares;-;-;-;-;-;-;-;3;2;7;7;12;23;23;42;58;91;117;180;211;617;-;1393
I69   Sequelas de doenc cerebrovasculares;-;-;-;-;-;-;1;1;-;1;3;6;12;14;25;40;72;157;206;296;1043;-;1877
I70   Aterosclerose;-;-;-;-;-;-;-;-;-;-;-;-;-;2;5;6;8;9;15;30;159;-;234
I71   Aneurisma e disseccao da aorta;-;-;-;-;-;-;-;-;2;4;5;12;13;32;54;77;99;148;160;202;406;-;1214
I72   Outr aneurismas;-;-;-;-;-;-;-;-;-;1;3;3;2;2;9;5;10;5;4;7;13;-;64
I73   Outr doenc vasculares perifericas;-;-;-;-;-;-;-;-;-;1;-;2;1;3;5;8;9;10;25;37;109;-;210
I74   Embolia e trombose arteriais;-;-;-;-;-;-;-;-;-;-;-;3;4;5;5;13;21;24;23;41;144;-;283
I77   Outr afeccoes das arterias e arteriolas;-;-;-;-;-;-;-;1;2;1;3;1;1;4;2;8;8;10;12;12;40;-;105
I78   Doenc dos capilares;-;-;-;-;-;-;-;-;-;-;-;-;-;-;-;-;-;-;-;1;2;-;3
I80   Flebite e tromboflebite;-;-;-;-;-;-;-;1;2;5;5;12;6;8;19;13;20;24;25;39;161;-;340
I81   Trombose da veia porta;-;-;-;-;-;-;-;-;-;1;1;1;-;-;2;1;4;-;-;-;1;-;11
I82   Outr embolia e trombose venosas;-;-;1;-;-;-;-;-;2;-;2;1;1;2;4;5;1;4;4;4;17;-;48
I83   Varizes dos membros infer;1;-;-;-;-;-;-;-;-;-;-;1;2;-;-;5;4;8;9;6;26;-;62
I84   Hemorroidas;-;-;-;-;-;-;-;-;-;-;-;-;-;-;-;-;-;-;-;1;1;-;2
I85   Varizes esofagianas;-;-;-;-;-;-;-;-;-;1;-;-;1;1;6;7;5;9;4;8;10;-;52
I86   Varizes de outr localiz;-;-;-;-;-;-;-;-;-;-;-;-;-;3;-;-;1;-;1;-;3;-;8
I87   Outr transt das veias;-;-;-;-;-;-;-;-;-;-;-;-;-;-;2;1;2;3;5;6;17;-;36
I89   Outr transt nao-infecc vasos linf gangl linf;-;-;-;-;-;-;-;-;-;-;-;-;-;-;-;-;-;2;1;-;3;-;6
I95   Hipotensao;-;-;-;-;-;-;-;-;-;-;-;-;-;-;-;-;1;1;2;2;7;-;13
I99   Outr transt do aparelho circulatorio e os NE;-;-;-;-;-;-;-;-;-;-;-;-;1;-;-;-;-;1;1;4;19;-;26
J01   Sinusite aguda;-;-;-;-;-;-;-;-;-;-;1;-;1;-;-;-;-;-;-;-;1;-;3
J02   Faringite aguda;-;-;-;-;-;-;-;-;-;-;-;-;1;-;-;-;-;-;-;-;-;-;1
J03   Amigdalite aguda;-;-;-;-;1;-;-;2;-;-;-;-;-;-;-;1;-;-;1;2;-;-;7
J04   Laringite e traqueite agudas;-;-;-;-;2;-;-;-;-;-;-;-;-;-;-;-;-;1;-;-;3;-;6
J06   Infecc agudas vias aereas super loc mult NE;-;-;-;-;-;-;-;-;-;-;1;-;-;-;-;-;-;2;-;-;5;-;8
J09   Influenza A (H1N1);-;-;4;-;1;1;-;2;1;1;1;12;7;16;18;20;10;9;8;5;4;-;120
J10   Influenza dev outro virus influenza ident;-;-;3;-;3;3;-;-;-;-;2;4;1;8;6;10;11;7;3;3;8;-;72
J11   Influenza dev virus nao identificado;-;-;1;-;7;-;-;-;-;-;4;2;1;1;4;11;2;7;2;3;7;-;52
J12   Pneumonia viral NCOP;-;-;1;-;1;-;-;1;-;1;-;-;1;1;1;1;1;1;1;1;9;-;21
J13   Pneumonia dev Streptococcus pneumoniae;-;-;-;-;1;-;-;-;-;-;-;-;-;-;-;-;-;2;1;2;7;-;13
J15   Pneumonia bacter NCOP;-;-;2;-;6;1;-;-;2;3;4;7;10;13;28;20;58;69;55;122;654;-;1054
J16   Pneumonia dev out microorg infecc espec NCOP;-;-;-;-;-;-;-;-;-;-;-;-;-;-;-;-;1;-;-;-;4;-;5
J18   Pneumonia p/microorg NE;-;8;61;-;53;6;15;22;20;45;59;100;99;192;242;355;479;660;843;1210;6515;4;10988
J20   Bronquite aguda;-;-;-;-;2;-;-;-;-;-;-;-;-;-;-;-;-;-;-;-;-;-;2
J21   Bronquiolite aguda;-;-;15;-;3;-;-;-;-;-;-;-;1;-;-;1;1;4;4;1;7;-;37
J22   Infecc agudas NE das vias aereas infer;-;-;-;-;-;1;-;-;-;-;-;-;-;-;-;-;-;1;1;1;3;-;7
J32   Sinusite cronica;-;-;-;-;-;-;-;-;-;-;-;-;2;-;2;1;-;1;-;-;-;-;6
J36   Abscesso periamigdaliano;-;-;-;-;-;-;-;-;-;-;-;-;1;-;-;1;-;1;-;-;-;-;3
J38   Doenc das cordas vocais e da laringe NCOP;-;-;-;-;-;-;-;-;-;-;-;-;-;-;-;-;-;-;-;-;1;-;1
J39   Outr doenc das vias aereas super;-;-;-;-;-;1;-;2;-;-;-;2;1;-;-;3;1;-;2;2;2;-;16
J40   Bronquite NE como aguda ou cronica;-;-;-;-;-;-;-;-;-;1;-;-;-;-;1;4;-;3;5;10;23;-;47
J41   Bronquite cronica simples e a mucopurulenta;-;-;-;-;-;-;-;-;-;-;-;1;-;-;1;-;-;-;3;-;4;-;9
J42   Bronquite cronica NE;-;-;1;-;-;-;-;1;-;-;1;-;2;2;2;1;1;2;3;2;23;-;41
J43   Enfisema;-;-;-;-;-;-;-;-;-;-;-;1;1;7;12;27;31;39;57;48;159;-;382
J44   Outr doenc pulmonares obstrutivas cronicas;-;-;1;-;-;-;1;2;-;3;5;6;11;37;138;221;389;481;576;636;1574;-;4081
J45   Asma;-;-;-;-;1;1;1;2;5;1;3;6;11;6;13;14;17;18;23;24;92;-;238
J46   Estado de mal asmatico;-;-;-;-;1;-;-;1;2;1;3;2;1;3;1;6;1;2;4;4;9;-;41
J47   Bronquectasia;-;-;-;-;-;-;1;-;1;-;-;1;-;1;3;-;1;1;2;6;7;-;24
J60   Pneumoconiose dos mineiros de carvao;-;-;-;-;-;-;-;-;-;-;-;-;1;-;-;-;-;2;-;-;-;-;3
J61   Pneumoconiose dev amianto outr fibr minerais;-;-;-;-;-;-;-;-;-;-;-;-;-;-;1;-;-;-;-;1;-;-;2
J62   Pneumoconiose dev poeira que cont silica;-;-;-;-;-;-;-;-;-;-;-;-;-;-;-;-;-;1;-;-;1;-;2
J63   Pneumoconiose dev outr poeiras inorganicas;-;-;-;-;-;-;-;-;-;-;-;-;-;-;-;-;-;-;-;-;1;-;1
J64   Pneumoconiose NE;-;-;-;-;-;-;-;-;-;-;-;1;-;-;-;-;3;-;1;2;4;-;11
J65   Pneumoconiose assoc c/tuberc;-;-;-;-;1;-;-;-;-;-;-;-;-;-;-;-;-;-;-;-;-;-;1
J67   Pneumonite hipersensibilid dev poeiras org;-;-;-;-;-;-;-;-;-;-;-;1;-;1;-;1;-;-;2;-;2;-;7
J68   Afecc resp dev inal prod quim gas fumac vap;-;-;-;-;-;-;-;-;-;-;-;2;-;-;1;-;1;-;-;2;6;-;12
J69   Pneumonite dev solidos e liquidos;-;-;7;-;5;1;1;1;3;2;-;3;3;3;11;12;21;27;41;69;422;-;632
J70   Afeccoes respirat dev outr agentes externos;-;-;-;-;-;-;-;-;-;2;-;-;-;-;-;1;2;-;1;-;7;-;13
J80   Sindr do desconforto respirat do adulto;-;-;1;-;1;-;-;1;-;3;-;-;1;5;4;-;3;-;3;1;11;-;34
J81   Edema pulmonar NE de outr form;-;2;3;-;1;1;1;8;13;13;14;22;27;17;16;39;24;32;42;24;89;3;391
J82   Eosinofilia pulmonar NCOP;-;-;-;-;-;-;-;-;-;-;-;-;-;-;-;-;-;-;-;-;1;-;1
J84   Outr doenc pulmonares intersticiais;-;-;1;-;-;-;2;1;1;6;2;6;8;5;24;21;29;47;53;69;173;-;448
J85   Abscesso do pulmao e do mediastino;-;-;1;-;-;-;-;-;2;-;2;1;-;1;1;6;5;3;3;3;5;-;33
J86   Piotorax;-;-;-;-;1;-;-;1;1;-;-;-;1;1;5;3;4;6;6;3;14;-;46
J90   Derrame pleural NCOP;-;-;-;-;2;-;-;-;-;2;-;-;3;1;3;8;5;7;10;16;42;-;99
J92   Placas pleurais;-;-;-;-;-;-;-;-;-;-;-;-;-;-;-;-;-;1;-;-;-;-;1
J93   Pneumotorax;-;-;-;-;-;-;-;-;-;-;2;-;-;3;1;2;1;2;1;2;11;-;25
J94   Outr afeccoes pleurais;-;-;1;-;-;-;-;1;-;-;-;-;1;-;3;2;1;-;-;3;5;1;18
J96   Insuf respirat NCOP;-;-;2;-;5;2;3;1;1;2;-;4;7;8;12;18;11;22;45;32;177;-;352
J98   Outr transt respirat;-;-;6;-;4;-;2;1;1;3;5;3;6;14;15;23;35;40;38;54;228;-;478
K12   Estomatite e lesoes correlatas;-;-;-;-;-;-;-;1;1;-;-;-;-;-;-;-;-;-;1;-;-;-;3
K20   Esofagite;-;-;-;-;-;-;1;-;-;-;1;-;-;-;1;-;1;-;1;-;2;-;7
K21   Doenc de refluxo gastroesofagico;-;-;-;-;1;-;-;1;-;-;-;-;-;-;-;1;1;1;-;1;9;-;15
K22   Outr doenc do esofago;-;-;-;-;-;-;-;-;-;-;1;-;-;-;3;2;5;2;4;3;23;-;43
K25   Ulcera gastrica;-;-;-;-;-;-;2;-;2;2;2;2;5;6;14;20;15;22;22;25;79;1;219
K26   Ulcera duodenal;-;-;-;-;-;-;1;-;1;-;-;1;2;3;5;9;5;11;10;14;32;-;94
K27   Ulcera peptica de localiz NE;-;-;-;-;-;-;-;-;-;-;-;-;-;1;3;-;2;7;7;9;21;-;50
K28   Ulcera gastrojejunal;-;-;-;-;-;-;-;-;-;-;-;-;1;-;-;-;-;-;-;-;4;-;5
K29   Gastrite e duodenite;-;-;-;-;-;-;-;-;-;-;1;1;-;1;1;2;1;5;6;10;26;-;54
K30   Dispepsia;-;-;-;-;-;-;-;-;-;-;-;-;-;-;-;-;-;-;-;-;1;-;1
K31   Outr doenc do estomago e do duodeno;-;-;1;-;-;-;-;-;-;1;1;-;-;1;-;1;2;3;2;4;11;-;27
K35   Apendicite aguda;-;-;-;-;2;-;-;1;2;1;5;2;2;1;7;8;3;6;6;5;13;-;64
K36   Outr form de apendicite;-;-;-;-;-;-;-;-;-;-;-;-;-;1;-;-;-;-;-;-;-;-;1
K37   Apendicite SOE;-;-;-;-;-;-;-;2;1;-;1;-;1;-;1;1;1;3;2;1;2;-;16
K38   Outr doenc do apendice;-;-;-;-;-;-;-;-;-;-;-;-;-;1;-;1;-;-;-;-;1;-;3
K40   Hernia inguinal;-;-;-;-;-;-;-;-;-;-;-;1;-;-;-;2;4;8;2;10;30;-;57
K41   Hernia femoral;-;-;-;-;-;-;-;-;-;-;-;-;-;1;1;-;-;-;5;3;9;-;19
K42   Hernia umbilical;-;-;1;-;-;-;-;-;-;-;-;-;1;-;2;5;2;3;5;8;11;-;38
K43   Hernia ventral;-;-;-;-;-;-;-;-;-;-;-;-;1;-;2;3;3;6;8;5;15;-;43
K44   Hernia diafragmatica;-;-;-;-;-;-;-;-;-;-;-;-;-;-;-;-;3;3;3;3;20;-;32
K45   Outr hernias abdominais;-;-;-;-;-;-;-;1;-;-;-;-;-;1;-;2;-;-;2;2;10;-;18
K46   Hernia abdominal NE;-;-;-;-;-;-;-;-;-;-;1;1;1;2;2;5;10;16;13;17;41;-;109
K50   Doenc de Crohn;-;-;-;-;-;1;1;-;-;-;2;1;2;-;4;5;1;1;3;3;-;-;24
K51   Colite ulcerativa;-;-;-;-;-;-;-;1;-;1;5;4;2;4;-;2;5;3;1;3;6;-;37
K52   Outr gastroenterites e colites nao-infecc;-;-;1;-;-;-;-;-;-;1;-;1;1;-;1;2;6;2;3;8;31;-;57
K55   Transt vasculares do intestino;-;-;-;-;1;-;1;-;-;4;5;4;17;14;24;43;37;66;63;102;267;2;650
K56   Ileo paralitico e obstr intestinal s/hernia;-;-;4;-;1;1;2;-;5;2;4;4;5;4;10;17;24;36;51;73;271;-;514
K57   Doenc diverticular do intestino;-;-;-;-;-;-;-;-;-;-;-;1;1;5;5;8;20;28;34;61;186;-;349
K58   Sindr do colon irritavel;-;-;-;-;-;-;-;-;-;-;-;-;-;-;-;-;-;1;-;-;-;-;1
K59   Outr transt funcionais do intestino;-;-;-;-;-;1;1;-;-;1;-;-;1;3;2;-;5;3;3;11;35;-;66
K60   Fissura e fistula das regioes anal e retal;-;-;-;-;-;-;-;-;-;-;-;-;-;-;-;-;1;-;1;1;2;-;5
K61   Abscesso das regioes anal e retal;-;-;-;-;-;-;-;-;-;-;1;-;-;-;2;-;2;1;1;-;1;-;8
K62   Outr doenc do reto e do anus;-;-;-;-;-;-;-;-;-;-;-;-;-;-;-;-;-;-;2;1;6;-;9
K63   Outr doenc do intestino;-;-;5;-;1;-;-;-;-;-;1;1;2;6;6;20;15;21;17;22;44;-;161
K65   Peritonite;-;-;1;-;-;-;2;3;2;4;3;3;8;9;19;19;22;32;28;29;78;-;262
K66   Outr transt do peritonio;-;-;1;-;-;-;-;-;-;-;2;1;2;1;1;-;1;3;2;5;10;-;29
K70   Doenc alcoolica do figado;-;-;-;-;-;-;-;-;1;6;9;18;15;28;39;34;26;21;20;11;4;-;232
K71   Doenc hepatica toxica;-;-;-;-;-;-;-;-;-;1;-;-;1;2;1;1;3;3;-;1;2;-;15
K72   Insuf hepatica NCOP;-;-;5;-;-;-;-;1;1;1;6;1;9;8;25;19;23;25;30;32;54;-;240
K73   Hepatite cronica NCOP;-;-;-;-;-;-;-;-;-;1;-;-;-;3;1;2;5;3;1;2;6;-;24
K74   Fibrose e cirrose hepaticas;-;-;-;-;1;-;-;3;4;3;6;9;22;46;71;78;106;118;103;94;126;-;790
K75   Outr doenc inflam do figado;-;-;-;-;-;-;1;-;2;1;3;4;-;5;5;11;11;4;8;9;13;-;77
K76   Outr doenc do figado;-;-;-;-;2;1;-;1;1;3;2;6;10;13;17;30;26;23;29;24;42;-;230
K80   Colelitiase;-;-;-;-;-;-;-;1;-;1;4;5;4;9;10;11;21;25;25;19;134;-;269
K81   Colecistite;-;-;1;-;-;-;-;-;2;1;3;2;6;2;6;16;17;23;21;40;127;-;267
K82   Outr doenc da vesicula biliar;-;-;-;-;-;-;-;-;-;-;-;-;1;2;4;6;2;10;4;5;16;-;50
K83   Outr doenc das vias biliares;-;-;1;-;-;-;1;-;2;1;1;2;9;6;8;14;17;23;19;20;78;-;202
K85   Pancreatite aguda;-;-;-;-;-;-;1;1;7;8;12;18;13;20;25;30;34;39;43;47;144;-;442
K86   Outr doenc do pancreas;-;-;-;-;-;-;-;-;-;-;-;-;1;5;1;-;4;2;3;5;3;1;25
K90   Ma-absorcao intestinal;-;-;-;-;-;-;-;-;-;-;-;-;1;-;-;-;-;-;2;-;1;-;4
K92   Outr doenc do aparelho digestivo;-;-;1;-;1;-;1;-;-;1;2;4;3;13;9;13;32;32;49;62;310;-;533
L00   Sindr pele escaldada estafilococ recem-nasc;-;-;-;-;-;-;-;-;-;-;-;-;-;-;-;-;-;-;-;-;1;-;1
L01   Impetigo;-;-;-;-;-;-;-;-;-;-;-;-;-;-;-;-;-;-;-;-;1;-;1
L02   Abscesso cutaneo furunculo e antraz;-;-;-;-;-;-;-;-;-;-;-;1;-;3;4;3;3;3;2;2;9;-;30
L03   Celulite;-;-;-;-;1;-;-;-;-;-;1;1;3;1;7;2;8;12;13;19;56;-;124
L04   Linfadenite aguda;-;-;-;-;-;-;-;-;-;-;-;-;1;-;-;-;-;-;-;-;-;-;1
L08   Outr infecc localiz pele e tec subcutaneo;-;-;-;-;-;-;-;-;-;-;-;1;1;2;5;9;8;10;13;21;81;-;151
L10   Penfigo;-;-;-;-;-;-;-;-;-;-;-;1;2;-;-;1;1;-;2;-;7;-;14
L12   Penfigoide;-;-;-;-;-;-;-;1;-;-;-;-;-;-;-;-;-;-;1;1;6;-;9
L13   Outr afeccoes bolhosas;-;-;-;-;-;-;-;-;-;-;-;1;-;-;-;-;-;-;-;-;-;-;1
L27   Dermatite dev subst de uso interno;-;-;-;-;-;-;-;-;-;1;-;-;-;-;-;-;-;-;3;-;1;-;5
L40   Psoriase;-;-;-;-;-;-;-;-;-;-;-;-;-;-;1;-;1;1;-;-;-;-;3
L51   Eritema polimorfo;-;-;-;-;1;-;-;-;-;-;-;3;1;1;2;-;-;4;1;1;4;-;18
L89   Ulcera de decubito;-;-;-;-;-;-;-;-;-;-;-;-;-;2;5;6;5;11;14;37;223;-;303
L93   Lupus eritematoso;-;-;-;-;-;-;-;1;1;-;1;2;2;4;1;2;2;-;-;-;-;-;16
L95   Vasculite limitada a pele NCOP;-;-;-;-;-;-;-;-;-;-;-;-;-;-;1;-;-;-;-;-;-;-;1
L97   Ulcera dos membros infer NCOP;-;-;-;-;-;-;-;-;-;-;-;1;-;1;-;1;2;6;2;3;32;-;48
L98   Outr afeccoes da pele e tec subcutaneo NCOP;-;-;-;-;-;-;-;1;-;-;-;-;1;-;2;3;2;2;3;8;33;-;55
M00   Artrite piogenica;-;-;-;-;-;-;-;-;1;-;-;-;-;1;2;-;-;-;3;3;11;-;21
M05   Artrite reumatoide soro-positiva;-;-;-;-;-;-;-;-;-;-;-;-;-;-;-;-;1;1;3;-;2;-;7
M06   Outr artrites reumatoides;-;-;-;-;-;-;-;-;-;-;2;1;1;4;2;13;10;10;16;17;16;-;92
M08   Artrite juvenil;-;-;-;-;-;1;-;-;-;-;-;-;-;-;-;-;-;-;-;-;-;-;1
M10   Gota;-;-;-;-;-;-;-;-;-;-;-;-;-;-;-;-;-;-;-;1;-;-;1
M11   Outr artropatias p/deposicao de cristais;-;-;-;-;-;-;-;-;-;-;-;-;-;-;-;-;-;-;-;1;-;-;1
M13   Outr artrites;-;-;-;-;-;-;-;-;-;-;-;-;-;-;-;-;1;-;-;1;1;-;3
M15   Poliartrose;-;-;-;-;-;-;-;-;-;-;-;-;-;-;-;-;-;-;-;-;1;-;1
M16   Coxartrose;-;-;-;-;-;-;-;-;-;-;-;-;-;-;-;-;1;-;1;4;14;-;20
M17   Gonartrose;-;-;-;-;-;-;-;-;-;-;-;-;-;-;-;-;-;4;5;1;2;-;12
M19   Outr artroses;-;-;-;-;-;-;-;-;-;-;-;-;-;-;1;1;-;-;1;2;9;-;14
M24   Outr transt articulares especificos;-;-;-;-;-;-;-;-;-;-;-;-;-;-;-;-;-;-;-;-;1;-;1
M25   Outr transt articulares NCOP;-;-;-;-;-;-;-;-;-;-;-;-;-;-;-;1;1;2;1;1;10;-;16
M30   Poliarterite nodosa e afeccoes correlatas;-;-;-;-;-;-;-;-;-;-;1;-;-;-;1;-;-;1;1;-;-;-;4
M31   Outr vasculopatias necrotizantes;-;-;-;-;-;-;-;-;-;2;-;1;1;3;2;2;1;7;5;5;9;-;38
M32   Lupus eritematoso disseminado;-;-;-;-;-;1;7;9;14;23;14;12;23;20;23;21;14;9;6;3;1;-;200
M33   Dermatopoliomiosite;-;-;-;-;-;-;-;-;-;2;1;1;1;-;2;1;-;2;-;2;-;-;12
M34   Esclerose sistemica;-;-;-;-;-;-;-;-;-;1;-;-;4;4;5;5;3;7;7;6;5;-;47
M35   Outr afeccoes sistemicas do tec conjuntivo;-;-;-;-;-;-;-;-;-;1;2;1;-;-;-;-;-;3;1;-;3;-;11
M42   Osteocondrose da coluna vertebral;-;-;-;-;-;-;-;-;-;-;-;-;1;-;-;-;-;-;-;-;-;-;1
M45   Espondilite ancilosante;-;-;-;-;-;-;-;-;-;-;-;-;-;-;1;-;-;-;1;-;-;-;2
M46   Outr espondilopatias inflam;-;-;-;-;-;-;-;-;-;-;-;-;1;-;-;-;2;-;1;1;6;-;11
M47   Espondilose;-;-;-;-;-;-;-;-;-;-;-;-;-;-;-;-;-;1;-;1;1;-;3
M48   Outr espondilopatias;-;-;-;-;-;-;-;-;-;-;-;-;-;-;-;-;3;4;1;1;5;-;14
M50   Transt dos discos cervicais;-;-;-;-;-;-;-;-;-;-;-;-;1;-;-;1;-;-;-;1;1;-;4
M51   Outr transt de discos intervertebrais;-;-;-;-;-;-;-;-;-;-;-;-;2;1;-;1;-;-;-;-;1;-;5
M60   Miosite;-;-;-;-;-;-;-;-;-;-;1;-;-;-;-;1;-;1;-;2;1;-;6
M62   Outr transt musculares;-;-;1;-;-;-;-;-;-;-;-;1;-;1;1;3;4;7;6;12;75;-;111
M72   Transt fibroblasticos;-;-;-;-;-;-;-;-;-;-;-;-;-;-;3;1;3;1;1;2;1;-;12
M80   Osteoporose c/frat patologica;-;-;-;-;-;-;-;-;-;-;-;-;-;-;-;-;-;2;3;5;36;-;46
M81   Osteoporose s/frat patologica;-;-;-;-;-;-;-;-;-;-;-;-;-;-;-;-;1;-;1;1;14;-;17
M84   Transt da continuidade do osso;-;-;-;-;-;-;-;-;-;-;-;-;-;-;-;-;1;3;5;2;44;-;55
M86   Osteomielite;-;-;-;-;-;-;-;-;-;-;1;-;1;1;6;4;4;15;7;9;33;-;81
M87   Osteonecrose;-;-;-;-;-;-;-;-;-;-;-;-;-;-;-;-;-;-;-;-;1;-;1
M88   Doenc de Paget do osso;-;-;-;-;-;-;-;-;-;-;-;-;-;-;-;-;-;-;-;1;-;-;1
M89   Outr transt osseos;-;-;-;-;-;-;-;-;-;-;-;-;-;-;1;-;-;-;2;-;3;-;6
M93   Outr osteocondropatias;-;-;-;-;-;-;-;-;-;-;1;-;-;-;-;-;-;-;-;-;-;-;1
M94   Outr transt das cartilagens;-;-;-;-;-;-;-;-;-;-;-;-;-;-;-;1;-;-;-;-;-;-;1
N00   Sindr nefritica aguda;-;-;-;-;-;-;-;-;-;-;-;-;-;-;2;-;1;-;-;1;-;-;4
N01   Sindr nefritica rapidamente progressiva;-;-;-;-;-;-;-;-;-;-;-;-;1;-;-;-;-;-;-;-;-;-;1
N02   Hematuria recidivante e persistente;-;-;-;-;-;-;-;-;-;1;-;-;-;-;-;-;-;-;-;1;-;-;2
N03   Sindr nefritica cronica;-;-;-;-;-;1;-;2;-;1;1;1;2;3;1;5;5;7;9;6;45;-;89
N04   Sindr nefrotica;-;-;-;-;-;1;-;1;1;-;1;1;-;-;-;-;2;1;-;-;-;-;8
N05   Sindr nefritica NE;-;-;-;-;-;-;-;-;-;-;1;-;1;-;-;-;2;-;1;-;1;-;6
N07   Nefropatia hereditaria NCOP;-;-;-;-;-;-;-;-;-;-;-;-;-;-;-;-;-;-;-;1;1;-;2
N10   Nefrite tubulo-intersticial aguda;-;-;-;-;-;-;-;1;-;1;2;3;2;5;3;11;13;9;18;24;56;-;148
N11   Nefrite tubulo-intersticial cronica;-;-;-;-;-;-;-;-;1;-;-;1;-;5;3;1;5;5;1;5;20;-;47
N12   Nefrite tubulo-intersticial NE aguda cronica;-;-;-;-;-;-;-;-;3;3;2;5;14;7;9;14;15;34;33;31;133;-;303
N13   Uropatia obstrutiva e p/refluxo;-;-;-;-;-;-;-;-;-;-;1;-;1;1;3;2;6;5;4;3;5;-;31
N15   Outr doenc renais tubulo-intersticiais;-;-;-;-;-;-;-;-;-;1;-;1;1;2;2;-;1;1;1;1;7;-;18
N17   Insuf renal aguda;-;-;6;-;2;-;-;-;1;-;1;7;5;9;11;23;17;43;43;62;220;-;450
N18   Insuf renal cronica;-;-;-;-;-;-;-;2;2;6;10;12;12;23;31;42;50;58;79;78;268;-;673
N19   Insuf renal NE;-;-;2;-;-;2;-;-;-;1;2;1;4;6;6;11;12;28;33;34;161;-;303
N20   Calculose do rim e do ureter;-;-;-;-;-;-;-;1;1;3;2;-;3;8;8;5;8;9;7;4;10;-;69
N21   Calculose do trato urinario infer;-;-;-;-;-;-;-;-;-;-;-;-;-;-;-;-;-;-;-;-;1;-;1
N25   Transt result funcao renal tubular alterada;-;-;-;-;-;-;-;-;-;-;-;-;-;-;-;-;-;-;-;-;1;-;1
N28   Outr transt do rim e do ureter NCOP;-;-;-;-;-;1;-;-;-;-;-;2;2;1;1;7;2;5;8;4;16;-;49
N30   Cistite;-;-;-;-;-;-;-;-;-;-;-;-;1;1;3;2;1;3;7;9;60;-;87
N31   Disfuncoes neuromusculares da bexiga NCOP;-;-;-;-;-;-;-;-;-;-;-;-;-;-;-;-;1;2;-;2;4;-;9
N32   Outr transt da bexiga;-;-;-;-;-;-;-;-;-;-;-;-;-;-;1;2;-;1;3;1;8;-;16
N34   Uretrite e sindr uretral;-;-;-;-;-;-;-;-;-;-;-;-;-;-;-;-;-;1;-;-;-;-;1
N35   Estenose da uretra;-;-;-;-;-;-;-;-;-;-;-;-;-;-;-;-;-;-;-;1;1;-;2
N39   Outr transt do trato urinario;-;-;1;-;4;-;5;3;2;8;8;14;22;33;49;80;115;182;260;409;2263;-;3458
N61   Transt inflam da mama;-;-;-;-;-;-;-;-;-;-;1;-;1;-;-;-;-;-;-;1;-;-;3
N64   Outr doenc da mama;-;-;-;-;-;-;-;-;-;-;-;-;-;-;-;-;-;1;-;-;1;-;2
N70   Salpingite e ooforite;-;-;-;-;-;-;-;-;-;-;-;1;-;-;-;-;-;-;1;-;-;-;2
N71   Doenc inflam do utero exceto o colo;-;-;-;-;-;-;-;-;-;-;-;1;-;-;-;-;-;1;-;-;2;-;4
N73   Outr doenc inflam pelvicas femin;-;-;-;-;-;-;-;-;-;-;1;2;2;1;1;1;1;3;2;2;4;-;20
N76   Outr afeccoes inflam da vagina e da vulva;-;-;-;-;-;-;-;-;-;1;1;2;-;2;5;2;2;2;4;4;1;-;26
N80   Endometriose;-;-;-;-;-;-;-;-;-;-;-;-;-;1;1;-;-;-;-;-;-;-;2
N81   Prolapso genital femin;-;-;-;-;-;-;-;-;-;-;-;-;-;-;-;-;1;-;-;-;2;-;3
N82   Fistulas do trato genital femin;-;-;-;-;-;-;-;-;-;-;-;-;-;-;-;1;-;3;1;2;4;-;11
N83   Transt nao-infl ovario tromp Falop lig largo;-;-;-;-;-;-;-;-;1;-;2;-;2;3;-;-;-;1;-;-;-;-;9
N85   Outr transt nao-inflam utero exc colo utero;-;-;-;-;-;-;-;-;-;-;-;-;-;1;1;1;-;-;-;-;1;-;4
N92   Menstruacao excessiva frequente e irregular;-;-;-;-;-;-;-;-;-;-;-;-;-;-;-;-;1;1;-;-;-;-;2
N93   Outr sangramentos anormais utero e vagina;-;-;-;-;-;-;-;-;-;-;-;-;-;-;-;-;-;-;-;-;1;-;1
O00   Gravidez ectopica;-;-;-;-;-;-;-;1;1;1;-;1;2;-;-;-;-;-;-;-;-;-;6
O01   Mola hidatiforme;-;-;-;-;-;-;1;-;-;-;1;-;-;-;-;-;-;-;-;-;-;-;2
O02   Outr produtos anormais da concepcao;-;-;-;-;-;-;-;-;1;3;1;-;-;-;-;-;-;-;-;-;-;-;5
O03   Aborto espontaneo;-;-;-;-;-;-;-;-;1;-;1;-;-;-;-;-;-;-;-;-;-;-;2
O04   Aborto p/razoes medicas e legais;-;-;-;-;-;-;-;-;-;-;1;-;-;-;-;-;-;-;-;-;-;-;1
O06   Aborto NE;-;-;-;-;-;-;1;-;-;1;2;3;-;-;-;-;-;-;-;-;-;-;7
O10   Hipertens pre-exist complic grav parto puerp;-;-;-;-;-;-;-;1;-;2;-;1;-;-;-;-;-;-;-;-;-;-;4
O13   Hipertensao gestacional s/proteinuria signif;-;-;-;-;-;-;-;-;-;2;2;2;1;-;-;-;-;-;-;-;-;-;7
O14   Hipertensao gestacional c/proteinuria signif;-;-;-;-;-;-;-;-;5;3;8;3;-;-;-;-;-;-;-;-;-;-;19
O15   Eclampsia;-;-;-;-;-;-;-;3;6;2;4;2;-;-;-;-;-;-;-;-;-;-;17
O16   Hipertensao materna NE;-;-;-;-;-;-;-;-;-;1;1;1;-;-;-;-;-;-;-;-;-;-;3
O22   Complic venosas na gravidez;-;-;-;-;-;-;-;-;-;-;-;1;-;-;-;-;-;-;-;-;-;-;1
O23   Infecc do trato geniturinario na gravidez;-;-;-;-;-;-;-;1;-;1;1;-;-;-;-;-;-;-;-;-;-;-;3
O24   Diabetes mellitus na gravidez;-;-;-;-;-;-;-;-;1;2;-;-;-;-;1;-;-;-;-;-;-;-;4
O25   Desnutric na gravidez;-;-;-;-;-;-;-;-;-;-;1;-;-;-;-;-;-;-;-;-;-;-;1
O26   Assist materna outr complic lig predom grav;-;-;-;-;-;-;-;-;1;-;1;-;-;-;-;-;-;-;-;-;-;-;2
O41   Outr transt membranas e liquido amniotico;-;-;-;-;-;-;-;1;2;-;-;-;-;-;-;-;-;-;-;-;-;-;3
O43   Transt da placenta;-;-;-;-;-;-;-;-;1;-;-;-;-;-;-;-;-;-;-;-;-;-;1
O44   Placenta previa;-;-;-;-;-;-;-;-;-;-;-;3;1;-;-;-;-;-;-;-;-;-;4
O45   Descolamento prematuro da placenta;-;-;-;-;-;-;-;-;-;3;3;1;-;-;-;-;-;-;-;-;-;-;7
O46   Hemorragia anteparto NCOP;-;-;-;-;-;-;-;-;-;1;-;1;1;-;-;-;-;-;-;-;-;-;3
O60   Trabalho de parto pre-termo;-;-;-;-;-;-;-;-;1;-;-;-;-;-;-;-;-;-;-;-;-;-;1
O61   Falha na inducao do trabalho de parto;-;-;-;-;-;-;-;-;-;1;-;-;-;-;-;-;-;-;-;-;-;-;1
O62   Anormalidades da contracao uterina;-;-;-;-;-;-;-;2;1;1;1;3;1;-;-;-;-;-;-;-;-;-;9
O68   Trab parto e parto complic sofrimento fetal;-;-;-;-;-;-;-;-;1;-;-;-;-;-;-;-;-;-;-;-;-;-;1
O71   Outr traum obstetricos;-;-;-;-;-;-;-;-;-;1;1;2;-;-;-;-;-;-;-;-;-;-;4
O72   Hemorragia pos-parto;-;-;-;-;-;-;-;1;3;2;3;4;3;-;-;-;-;-;-;-;-;-;16
O74   Complic anestesia durante trab parto e parto;-;-;-;-;-;-;-;-;-;-;2;-;-;-;-;-;-;-;-;-;-;-;2
O75   Outr complic do trab parto e do parto NCOP;-;-;-;-;-;-;-;-;-;1;3;1;-;-;1;-;-;-;-;-;-;-;6
O85   Infecc puerperal;-;-;-;-;-;-;1;1;3;3;1;-;1;-;-;-;-;-;-;-;-;-;10
O86   Outr infecc puerperais;-;-;-;-;-;-;-;1;2;1;1;1;-;-;-;-;-;-;-;-;-;-;6
O87   Complic venosas no puerperio;-;-;-;-;-;-;-;-;-;1;-;-;-;-;-;-;-;-;-;-;-;-;1
O88   Embolia orig obstetrica;-;-;-;-;-;-;-;-;4;-;3;5;1;-;-;-;-;-;-;-;-;-;13
O90   Complic do puerperio NCOP;-;-;-;-;-;-;-;1;3;6;6;4;-;-;-;-;-;-;-;-;-;-;20
O94   Sequelas complic gravidez parto e puerperio;-;-;-;-;-;-;-;-;-;-;-;1;-;-;-;-;-;-;-;-;-;-;1
O95   Morte obstetrica de causa NE;-;-;-;-;-;-;-;1;4;-;1;-;-;-;-;-;-;-;-;-;-;1;7
O96   Morte qq caus obst mais 42d menos 1a parto;-;-;-;-;-;-;-;2;1;2;4;4;2;-;-;-;-;-;-;-;-;-;15
O97   Morte p/sequelas causas obstetricas diretas;-;-;-;-;-;-;-;-;-;-;-;1;-;-;-;-;-;-;-;-;-;-;1
O98   Doen inf paras mat COP compl grav part puerp;-;-;-;-;-;-;-;-;2;-;4;2;-;-;-;-;-;-;-;-;-;-;8
O99   Outr doenc mat COP compl grav parto puerp;-;-;-;-;-;-;-;10;20;19;15;18;10;2;-;-;-;-;-;-;-;-;94
P00   Fet rec-nasc afet afec mat n obr rel grav at;134;44;9;-;-;-;-;-;-;-;-;-;-;-;-;-;-;-;-;-;-;-;187
P01   Fet rec-nasc afet complic maternas gravidez;132;28;7;-;-;-;-;-;-;-;-;-;-;-;-;-;-;-;-;-;-;-;167
P02   Fet rec-nasc afet compl plac cord umb membr;71;24;6;-;-;-;-;-;-;-;-;-;-;-;-;-;-;-;-;-;-;-;101
P03   Fet rec-nasc afet out compl trab parto parto;49;17;3;-;-;-;-;-;-;-;-;-;-;-;-;-;-;-;-;-;-;1;70
P04   Fet rec-nasc infl af noc trans plac leit mat;2;2;-;-;-;-;-;-;-;-;-;-;-;-;-;-;-;-;-;-;-;-;4
P05   Crescimento fetal retard e desnutric fetal;5;5;2;-;-;-;-;-;-;-;-;-;-;-;-;-;-;-;-;-;-;-;12
P07   Transt rel gest curt dur peso baix nasc NCOP;67;5;4;1;-;-;-;-;-;-;-;-;-;-;-;-;-;-;-;-;-;-;77
P08   Transt relac gest prolong peso elevado nasc;1;-;-;-;-;-;-;-;-;-;-;-;-;-;-;-;-;-;-;-;-;-;1
P15   Outr traum de parto;1;-;-;-;-;-;-;-;-;-;-;-;-;-;-;-;-;-;-;-;-;-;1
P20   Hipoxia intra-uterina;17;3;1;1;-;-;-;-;-;-;-;-;-;-;-;-;-;-;-;-;-;1;23
P21   Asfixia ao nascer;62;9;10;-;2;-;-;-;1;-;-;-;-;-;-;-;-;-;-;-;-;-;84
P22   Desconforto respirat do recem-nascido;150;38;6;-;-;-;-;-;-;-;-;-;-;-;-;-;-;-;-;-;-;-;194
P23   Pneumonia congen;11;6;6;-;-;-;-;-;-;-;-;-;-;-;-;-;-;-;-;-;-;-;23
P24   Sindr de aspiracao neonatal;34;11;6;-;-;-;-;-;-;-;-;-;-;-;-;-;-;-;-;-;-;-;51
P25   Enfisema interst afecc corr orig per perinat;6;-;1;-;-;-;-;-;-;-;-;-;-;-;-;-;-;-;-;-;-;-;7
P26   Hemorragia pulmonar orig periodo perinatal;30;7;-;-;-;-;-;-;-;-;-;-;-;-;-;-;-;-;-;-;-;-;37
P27   Doenc respirat cron orig periodo perinatal;3;-;11;-;-;-;-;-;-;-;-;-;-;-;-;-;-;-;-;-;-;-;14
P28   Outr afeccoes respirat orig per perinatal;43;13;2;-;-;-;-;-;-;-;-;-;-;-;-;-;-;-;-;-;-;-;58
P29   Transt cardiovasc orig periodo perinatal;28;6;1;-;-;-;-;-;-;-;-;-;-;-;-;-;-;-;-;-;-;-;35
P35   Doenc virais congen;-;1;1;-;-;-;-;-;-;-;-;-;-;-;-;-;-;-;-;-;-;-;2
P36   Septicemia bacter do recem-nascido;108;117;25;-;-;-;-;-;-;-;-;-;-;-;-;-;-;-;-;-;-;-;250
P37   Outr doenc infecc e parasit congen;4;6;2;-;-;-;1;-;-;-;-;-;-;-;-;-;-;-;-;-;-;-;13
P39   Outr infecc especificas do periodo perinatal;14;8;2;-;-;-;-;-;-;-;-;-;-;-;-;-;-;-;-;-;-;-;24
P50   Perda sanguinea fetal;-;1;-;-;-;-;-;-;-;-;-;-;-;-;-;-;-;-;-;-;-;-;1
P52   Hemorragia intracran nao-traum feto rec-nasc;9;2;1;-;-;-;-;-;-;-;-;-;-;-;-;-;-;-;-;-;-;-;12
P54   Outr hemorragias neonatais;4;-;-;-;-;-;-;-;-;-;-;-;-;-;-;-;-;-;-;-;-;-;4
P55   Doenc hemolitica do feto e do recem-nascido;1;-;1;-;-;-;-;-;-;-;-;-;-;-;-;-;-;-;-;-;-;-;2
P56   Hidropsia fetal dev doenc hemolitica;3;1;-;-;-;-;-;-;-;-;-;-;-;-;-;-;-;-;-;-;-;-;4
P59   Ictericia neonatal dev outr causas e as NE;-;-;1;-;-;-;-;-;-;-;-;-;-;-;-;-;-;-;-;-;-;-;1
P60   Coagulacao intravasc dissem feto rec-nasc;5;4;-;-;-;-;-;-;-;-;-;-;-;-;-;-;-;-;-;-;-;-;9
P61   Outr transt hematologicos perinatais;3;4;4;-;-;-;-;-;-;-;-;-;-;-;-;-;-;-;-;-;-;-;11
P70   Trans transit metab carboid esp fet rec-nasc;2;1;2;-;-;-;-;-;-;-;-;-;-;-;-;-;-;-;-;-;-;-;5
P74   Outr dist eletrolit metab transit per neonat;1;-;-;-;-;-;-;-;-;-;-;-;-;-;-;-;-;-;-;-;-;-;1
P76   Outr obstrucoes intestinais do recem-nascido;-;-;1;-;-;-;-;-;-;-;-;-;-;-;-;-;-;-;-;-;-;-;1
P77   Enterocolite necrotizante do feto e rec-nasc;8;31;22;-;-;-;-;-;-;-;-;-;-;-;-;-;-;-;-;-;-;-;61
P78   Outr transt ap digestivo periodo perinatal;2;3;1;-;-;-;-;-;-;-;-;-;-;-;-;-;-;-;-;-;-;-;6
P80   Hipotermia do recem-nascido;2;-;-;-;-;-;-;-;-;-;-;-;-;-;-;-;-;-;-;-;-;-;2
P83   Outr afecc compr tegum espec feto rec-nasc;7;2;-;-;-;-;-;-;-;-;-;-;-;-;-;-;-;-;-;-;-;-;9
P90   Convulsoes do recem-nascido;1;1;-;-;-;-;-;-;-;-;-;-;-;-;-;-;-;-;-;-;-;-;2
P91   Outr disturbios funcao cerebral rec-nasc;2;1;3;-;-;-;-;-;-;-;-;-;-;-;-;-;-;-;-;-;-;-;6
P96   Outr afeccoes originadas periodo perinatal;55;25;-;-;-;-;-;-;-;-;-;-;-;-;-;-;-;-;-;-;-;1;81
Q00   Anencefalia e malformacoes similares;43;6;3;-;-;-;-;-;-;-;-;-;-;-;-;-;-;-;-;-;-;-;52
Q01   Encefalocele;6;3;1;-;1;-;-;-;-;-;-;-;-;1;-;-;1;-;-;-;-;-;13
Q02   Microcefalia;5;2;3;-;6;-;1;1;1;1;-;-;-;-;-;-;-;-;-;-;-;-;20
Q03   Hidrocefalia congen;6;2;11;-;4;1;-;1;-;-;-;1;-;-;1;-;-;-;-;-;-;-;27
Q04   Outr malformacoes congen do cerebro;7;1;8;-;6;3;3;2;2;-;-;-;-;-;-;-;-;-;-;1;-;-;33
Q05   Espinha bifida;1;2;10;-;1;1;-;-;1;-;1;-;-;-;-;-;-;-;-;-;-;-;17
Q06   Outr malformacoes congen da medula espinhal;-;-;-;-;-;-;-;1;-;-;-;-;1;-;-;-;1;1;-;-;-;-;4
Q07   Outr malformacoes congen do sist nervoso;1;-;2;-;1;1;2;-;-;1;-;1;-;1;-;-;-;-;-;-;-;-;10
Q20   Malform congen camaras e comunicacoes card;5;6;19;-;3;-;-;-;1;1;-;-;-;1;-;-;-;-;-;1;-;-;37
Q21   Malformacoes congen dos septos cardiacos;7;7;27;-;8;1;5;1;1;2;-;2;1;1;-;1;2;1;1;2;4;-;74
Q22   Malform congen valvas pulmonar tricuspide;4;3;12;-;3;1;1;-;-;-;-;1;-;-;-;-;-;-;1;-;-;-;26
Q23   Malformacoes congen valvas aortica e mitral;12;8;18;-;-;-;-;-;-;-;-;1;-;-;1;-;-;-;-;-;-;-;40
Q24   Outr malformacoes congen do coracao;31;21;60;-;10;-;3;2;3;-;-;2;-;-;3;-;-;4;-;-;3;-;142
Q25   Malformacoes congen das grandes arterias;6;12;16;-;-;-;-;-;-;-;-;1;-;1;-;-;1;1;-;1;3;-;42
Q26   Malformacoes congen das grandes veias;1;1;-;-;-;-;-;-;-;-;-;-;-;-;-;1;-;-;-;-;-;-;3
Q27   Outr malformacoes congen sist vasc perif;-;-;-;-;-;-;1;-;-;-;1;-;1;-;1;-;-;-;1;-;-;-;5
Q28   Outr malform congen aparelho circulatorio;-;-;-;-;-;-;-;-;-;1;-;-;-;-;1;-;-;-;-;-;-;-;2
Q30   Malformacao congen do nariz;1;-;-;-;-;-;-;-;-;-;-;-;-;-;-;-;-;-;-;-;-;-;1
Q32   Malformacoes congen traqueia e bronquios;-;-;1;-;-;-;-;-;-;-;-;-;-;-;-;-;-;-;-;-;-;-;1
Q33   Malformacoes congen do pulmao;27;4;5;-;2;-;-;1;-;-;1;-;-;-;1;-;-;-;-;-;-;-;41
Q34   Outr malformacoes congen aparelho respirat;1;-;1;-;-;-;-;-;-;-;-;-;-;-;-;-;-;-;-;-;-;-;2
Q35   Fenda palatina;-;-;-;-;1;-;-;-;-;-;-;-;-;-;-;-;-;-;-;-;-;-;1
Q37   Fenda labial c/fenda palatina;-;-;-;-;1;-;-;-;-;-;-;-;-;-;-;-;-;-;-;-;-;-;1
Q39   Malformacoes congen do esofago;5;5;4;-;-;-;-;-;-;-;-;-;-;-;-;-;-;1;-;-;-;-;15
Q41   Ausencia atresia estenose congen intest delg;1;1;4;-;-;-;-;-;-;-;-;-;-;-;-;-;-;-;-;-;-;-;6
Q42   Ausencia atresia e estenose congen do colon;-;1;-;-;-;-;-;-;-;-;-;-;-;-;-;-;-;-;-;-;-;-;1
Q43   Outr malformacoes congen do intestino;1;2;5;-;-;-;-;1;-;-;-;-;-;-;-;-;-;-;-;-;1;-;10
Q44   Malform congen vesic biliar via biliar figad;-;-;7;-;5;-;1;-;2;2;-;-;2;1;-;-;-;-;-;1;-;-;21
Q45   Outr malformacoes congen aparelho digestivo;-;-;-;-;-;-;-;-;-;-;1;-;-;-;-;-;-;-;-;-;-;-;1
Q60   Agenesia renal e outr defeitos reducao rim;7;-;1;-;-;-;-;-;-;-;-;-;-;-;-;-;-;-;-;-;1;-;9
Q61   Doenc cisticas do rim;1;-;-;-;-;-;-;-;-;-;-;2;2;1;-;4;4;5;-;2;3;-;24
Q62   Anom cong obstr pelv renal malf cong ureter;-;-;1;-;1;-;-;-;-;-;-;-;-;-;-;-;-;-;-;-;-;-;2
Q63   Outr malformacoes congen do rim;2;2;-;-;-;-;1;-;-;-;-;-;-;-;-;-;-;-;-;-;1;-;6
Q64   Outr malformacoes congen aparelho urinario;3;-;-;-;-;-;-;-;1;-;-;-;-;1;-;-;-;-;-;-;-;-;5
Q67   Deform osteom cong cabeca face coluna torax;-;-;-;-;-;-;-;1;-;-;-;-;-;-;-;-;-;-;-;-;-;-;1
Q75   Outr malformacoes congen ossos cranio e face;1;-;-;-;-;-;-;-;-;-;-;-;-;-;-;-;-;-;-;-;-;-;1
Q77   Osteocondr c/anom cresc ossos long col vert;3;2;2;-;-;-;-;-;-;-;-;-;-;-;-;-;1;-;-;-;-;-;8
Q78   Outr osteocondrodisplasias;3;-;6;-;1;-;-;-;-;1;1;-;-;-;1;-;-;-;-;-;1;-;14
Q79   Malformacoes congen sist osteomuscular NCOP;33;9;10;-;-;-;-;-;-;-;-;-;-;-;-;-;-;-;-;-;-;-;52
Q82   Outr malformacoes congen da pele;-;-;-;-;-;-;-;-;-;-;-;1;-;-;-;-;-;-;-;-;-;-;1
Q85   Facomatoses NCOP;-;-;-;-;-;-;-;-;2;1;1;2;-;-;1;2;1;-;1;1;-;-;12
Q87   Outr sindr c/malform cong q acomet mult sist;3;1;8;-;2;-;2;1;1;-;1;-;-;-;-;-;-;-;-;-;-;-;19
Q89   Outr malformacoes congen NCOP;51;8;6;-;2;-;-;1;-;-;-;-;-;1;-;-;-;-;-;-;-;-;69
Q90   Sindr de Down;2;1;19;-;6;1;-;2;1;1;2;4;4;7;4;5;1;1;4;1;-;-;66
Q91   Sindr de Edwards e sindr de Patau;16;8;49;-;3;-;1;-;-;-;-;-;-;-;-;-;-;-;-;-;-;-;77
Q92   Outr trissomias e trissom parc autoss NCOP;1;-;2;-;-;-;-;-;-;-;-;-;-;-;-;-;-;-;-;-;-;-;3
Q93   Monossomias e delecoes dos autossomos NCOP;-;-;1;-;-;-;-;-;-;-;-;-;-;-;-;-;-;-;-;-;-;-;1
Q96   Sindr de Turner;-;1;-;-;-;-;-;1;-;-;1;-;-;-;-;-;-;-;-;-;-;-;3
Q97   Outr anom cromoss sexuais fenotipo fem NCOP;1;-;-;-;-;-;-;-;-;-;-;-;-;-;-;-;-;-;-;-;-;-;1
Q99   Outr anomalias dos cromossomos NCOP;1;2;5;-;5;-;-;-;-;-;-;-;-;-;-;-;1;-;-;-;-;-;14
R00   Anormalidades do batimento cardiaco;-;-;-;-;-;-;-;-;-;1;-;-;-;1;-;-;-;1;1;4;7;-;15
R02   Gangrena NCOP;-;-;-;-;-;-;-;-;-;-;-;-;-;-;-;1;-;1;-;-;2;-;4
R04   Hemorragia das vias respirat;-;-;-;-;-;-;-;-;-;1;-;-;-;-;-;-;-;1;-;-;-;-;2
R06   Anormalidades da respiracao;-;-;-;-;-;-;-;-;-;-;-;-;-;-;-;-;-;-;-;-;3;-;3
R09   Outr sint sinais relat ap circulat respirat;-;-;4;-;1;1;2;3;1;3;-;1;11;13;16;25;30;32;53;56;276;-;528
R10   Dor abdominal e pelvica;-;-;-;-;-;-;-;-;-;1;1;2;-;1;2;4;2;3;8;8;17;-;49
R11   Nausea e vomitos;-;-;-;-;-;-;-;-;-;-;-;-;-;-;-;-;-;-;-;-;1;-;1
R16   Hepatomegalia e esplenomegalia NCOP;-;-;-;-;-;-;-;-;-;-;-;-;-;-;-;-;1;-;-;-;-;-;1
R17   Ictericia NE;-;-;-;-;-;-;-;-;-;-;-;-;1;-;-;1;-;1;-;-;-;-;3
R19   Outr sint e sinais relat ap digest abdome;-;-;-;-;-;-;-;-;-;-;-;-;-;-;1;2;-;-;2;-;2;-;7
R22   Tumefac massa tumoracao loc pele tec subcut;-;-;-;-;-;-;1;-;-;-;-;-;1;-;-;-;-;-;-;1;-;-;3
R26   Anormalidades da marcha e da mobilidade;-;-;-;-;-;-;-;-;-;-;-;-;-;-;-;-;-;-;-;-;2;-;2
R29   Outr sint sinais relat sist nerv osteomusc;-;-;-;-;-;-;-;-;-;-;-;-;-;-;-;-;-;-;-;-;1;-;1
R31   Hematuria NE;-;-;-;-;-;-;-;-;-;-;-;-;-;-;-;-;-;-;-;-;1;-;1
R39   Outr sint e sinais relativos ap urinario;-;-;-;-;-;-;-;-;-;-;-;-;-;-;-;-;-;-;-;-;1;-;1
R50   Febre origem desconhecida e outras origens;-;-;2;-;-;-;-;-;-;1;-;1;1;-;-;-;-;-;-;-;1;-;6
R53   Mal estar fadiga;-;-;-;-;-;-;-;-;-;-;-;-;-;-;-;-;-;-;1;1;1;-;3
R54   Senilidade;-;-;-;-;-;-;-;-;-;-;-;-;-;-;-;1;2;3;12;29;546;-;593
R56   Convulsoes NCOP;-;-;-;-;-;1;1;-;-;1;-;-;-;2;1;-;-;-;2;2;-;-;10
R57   Choque NCOP;-;-;-;-;-;-;1;-;-;1;-;3;2;3;6;7;9;10;19;10;59;-;130
R58   Hemorragia NCOP;-;-;-;-;-;-;-;-;-;-;1;1;2;-;-;-;2;-;-;1;1;-;8
R60   Edema NCOP;-;-;-;-;-;-;-;-;-;-;-;-;-;-;-;-;-;1;-;-;-;-;1
R63   Sint sinais relat ingestao alimentos liquid;-;-;-;-;-;-;-;-;-;-;-;-;-;-;-;-;-;-;-;-;1;-;1
R64   Caquexia;-;-;-;-;-;-;-;-;-;-;-;-;-;-;-;-;-;3;3;3;30;-;39
R68   Outr sint e sinais gerais;-;-;1;-;-;-;-;-;-;2;-;1;1;2;7;4;10;22;22;17;145;-;234
R92   Achados anorm exames diagn imagem da mama;-;-;-;-;-;-;-;-;-;-;-;-;-;-;-;-;-;-;-;1;1;-;2
R95   Sindr da morte subita na infancia;2;2;2;-;-;-;-;-;-;-;-;-;-;-;-;-;-;-;-;-;-;-;6
R96   Outr mortes subitas de causa desconhecida;-;-;4;-;-;-;-;-;-;2;-;1;3;6;20;12;18;9;23;34;121;-;253
R98   Morte s/assist;1;-;5;-;2;-;2;2;5;5;11;14;29;25;52;71;107;127;145;204;746;2;1555
R99   Outr causas mal definidas e NE mortalidade;3;-;46;-;25;11;11;47;63;52;60;83;95;101;120;164;183;242;233;281;976;15;2811
V01   Pedestre traum colis veic a pedal;-;-;-;-;-;-;1;-;-;-;-;-;-;-;-;-;-;-;-;1;1;-;3
V02   Pedestre traum colis veic motor 2 3 rodas;-;-;-;-;3;1;-;1;1;2;3;-;-;2;7;3;4;4;6;3;11;-;51
V03   Pedestre traum colis automov pickup caminhon;-;-;-;-;5;3;3;3;1;2;4;6;4;7;7;3;2;9;5;8;7;2;81
V04   Pedestre traum colis veic transp pesado onib;-;-;-;-;3;1;1;3;3;-;2;8;3;3;1;3;1;9;5;6;4;-;56
V05   Pedestre traum colis trem veic ferroviario;-;-;-;-;-;-;1;1;-;1;1;1;-;1;1;-;1;-;-;-;-;-;8
V06   Pedestre traum colis outr veic nao-motoriz;-;-;-;-;-;-;-;-;-;-;-;-;-;-;-;-;1;-;-;-;-;-;1
V09   Pedestre traum outr acid transp e NE;-;-;-;-;3;3;2;6;6;9;5;15;17;9;5;9;13;14;16;12;21;4;169
V13   Ciclista traum colis automov pickup caminhon;-;-;-;-;-;-;-;-;-;-;2;1;-;1;1;-;-;-;-;-;-;-;5
V14   Ciclis traum colis veic transp pesado onibus;-;-;-;-;-;-;-;-;-;-;-;-;1;-;-;-;-;-;-;-;-;-;1
V17   Ciclista traum colis objeto fixo ou parado;-;-;-;-;-;-;-;1;-;-;-;-;-;-;-;-;-;-;-;-;-;-;1
V18   Ciclista traum acid transp s/colis;-;-;-;-;-;-;-;1;1;-;-;-;-;-;-;-;-;-;-;-;-;-;2
V19   Ciclista traum acid transp e NE;-;-;-;-;-;-;-;-;2;-;-;-;-;-;1;1;1;-;-;-;-;-;5
V20   Motociclista traum colis pedestre animal;-;-;-;-;-;-;-;-;1;-;-;-;-;-;-;-;-;-;-;-;-;-;1
V22   Motocicl traum colis veic motor 2 3 rodas;-;-;-;-;-;-;-;-;2;-;1;-;-;-;2;-;-;-;-;-;-;-;5
V23   Motocicl traum colis automov pickup caminhon;-;-;-;-;-;-;1;6;11;2;6;2;7;4;5;4;-;-;-;-;-;-;48
V24   Motocicl traum colis veic transp pesado onib;-;-;-;-;-;-;-;1;6;1;3;4;3;2;-;-;-;-;-;-;-;-;20
V26   Motocicl traum colis outr veic nao-motoriz;-;-;-;-;-;-;-;-;-;-;1;-;-;-;-;-;-;-;-;-;-;-;1
V27   Motocicl traum colis objeto fixo parado;-;-;-;-;-;-;-;1;5;2;2;-;3;-;1;-;-;-;-;-;1;-;15
V28   Motociclista traum acid transp s/colis;-;-;-;-;-;-;-;3;3;4;1;3;2;-;-;-;1;-;-;-;-;-;17
V29   Motociclista traum outr acid transp e NE;-;-;-;-;-;-;-;8;6;8;8;4;3;2;2;-;-;-;-;-;-;-;41
V40   Ocup automovel traum colis pedestre animal;-;-;-;-;-;-;-;-;-;-;-;-;1;-;-;-;-;-;-;-;-;-;1
V42   Ocup autotraum colis outr veic mot 2 3 rodas;-;-;-;-;-;-;-;-;-;-;2;-;-;-;-;-;-;-;-;-;-;-;2
V43   Ocup automov traum col auto pickup caminhon;-;-;2;-;1;-;-;5;3;10;1;10;3;4;2;2;7;3;1;-;6;-;60
V44   Ocup autom traum colis veic trans pesad onib;-;-;-;-;1;-;1;1;8;4;-;4;2;2;3;2;3;1;1;-;2;-;35
V45   Ocup automovel traum colis trem veic ferrov;-;-;-;-;-;-;-;-;-;-;-;-;-;-;1;-;-;-;-;-;-;-;1
V47   Ocup automovel traum colis obj fixo parado;-;-;-;-;2;-;-;6;6;6;-;4;2;3;2;2;1;3;-;1;1;-;39
V48   Ocup automovel traum acid transp s/colis;-;-;-;-;1;-;-;2;6;8;5;2;3;1;2;1;4;-;4;1;-;-;40
V49   Ocup automovel traum outr acid transp e NE;-;-;1;-;2;4;5;11;14;8;20;5;7;11;9;5;8;4;5;2;4;-;125
V54   Ocup caminhon traum col veic transp pes onib;-;-;-;-;-;-;-;-;-;-;1;-;-;-;1;-;-;-;-;-;1;-;3
V58   Ocup caminhonete traum acid transp s/colis;-;-;-;-;-;-;-;-;-;-;1;1;-;-;-;-;-;-;-;-;-;-;2
V63   Ocup veic tr pesado traum col auto caminhon;-;-;-;-;-;-;-;-;-;-;-;-;-;1;-;-;-;-;-;-;-;-;1
V64   Ocup v tr pes tr col outr veic tr pes onib;-;-;-;-;-;-;-;-;-;-;-;-;-;-;-;-;-;-;-;1;-;-;1
V74   Ocup onibus traum colis veic transp pes onib;-;-;-;-;-;-;-;-;-;-;1;-;-;1;-;-;-;-;-;-;-;-;2
V77   Ocup onibus traum colis objeto fixo parado;-;-;-;-;-;-;-;-;-;-;-;-;-;-;2;-;-;-;-;-;-;-;2
V78   Ocup onibus traum acid transp s/colis;-;-;-;-;-;-;-;-;-;-;1;-;-;-;-;-;2;1;1;-;1;-;6
V79   Ocup onibus traum outr acid transp e NE;-;-;-;-;-;-;-;-;-;-;-;-;-;-;1;-;-;-;-;-;-;-;1
V80   Pess mont anim oc veic anim traum ac transp;-;-;-;-;-;-;-;1;-;-;-;-;-;-;-;1;-;-;-;-;-;-;2
V87   Acid trans tipo espec desconh mod transp vit;-;-;-;-;-;-;-;1;-;1;1;-;2;1;-;-;-;-;-;-;1;-;7
V89   Acid veic mot n-mot tipos de veic NE;-;-;1;-;1;5;7;21;26;22;28;14;10;14;15;9;9;8;11;11;14;-;226
V95   Acid de aeronave mot causando traum ao ocup;-;-;-;-;-;-;-;-;1;1;1;-;-;1;-;-;-;-;-;-;-;-;4
V96   Acid aeronave s/motor causando traum a ocup;-;-;-;-;-;-;-;-;-;-;-;-;1;-;-;-;-;-;-;-;-;-;1
V99   Acid transp NE;-;-;-;-;-;-;-;1;3;1;-;1;-;1;2;-;-;-;2;-;-;-;11
W01   Queda mesmo nivel escorr tropec passo falso;-;-;-;-;-;-;-;-;-;-;-;-;-;1;1;1;3;5;12;21;81;-;125
W03   Outr qued mesmo niv colis empurrao outr pess;-;-;-;-;-;-;-;-;-;-;-;-;-;-;-;-;-;-;-;-;1;-;1
W04   Queda enquanto carreg apoiado p/outr pessoas;-;-;-;-;-;-;-;-;-;-;-;-;-;-;-;-;-;-;-;-;1;-;1
W05   Queda envolv uma cadeira de rodas;-;-;-;-;-;-;-;-;-;-;-;-;-;-;1;-;-;-;-;-;1;-;2
W06   Queda de um leito;-;-;-;-;-;-;-;-;-;-;-;-;2;-;1;-;-;3;1;4;22;-;33
W07   Queda de uma cadeira;-;-;-;-;-;-;-;-;-;-;-;-;-;-;-;-;-;-;-;3;10;-;13
W08   Queda de outr tipo de mobilia;-;-;-;-;-;-;-;-;-;-;-;-;-;-;-;-;-;-;-;-;3;-;3
W09   Queda envolv equipamento de playground;-;-;-;-;1;-;-;-;-;-;-;-;-;-;-;-;-;-;-;-;-;-;1
W10   Queda em ou de escadas ou degraus;-;-;-;-;1;1;-;-;-;-;1;1;4;2;3;4;4;7;3;8;10;-;49
W11   Queda em ou de escadas de mao;-;-;-;-;-;-;-;-;-;-;-;1;-;-;-;1;-;-;-;-;-;-;2
W13   Queda de ou p/fora edificios outr estruturas;-;-;-;-;1;-;1;-;1;1;-;2;2;1;1;1;-;1;1;-;2;-;15
W14   Queda de arvore;-;-;-;-;-;-;-;-;-;-;-;-;-;-;-;-;1;-;-;-;-;-;1
W15   Queda de penhasco;-;-;-;-;-;-;-;1;-;-;-;-;-;-;-;-;-;-;-;-;-;-;1
W17   Outr quedas de um nivel a outr;-;-;-;-;1;-;-;-;-;-;-;1;-;2;1;1;1;-;-;2;5;-;14
W18   Outr quedas no mesmo nivel;-;-;-;-;-;-;-;-;-;1;1;3;4;5;9;7;18;39;61;93;467;-;708
W19   Queda s/especificacao;-;-;-;-;1;1;-;-;1;-;1;5;4;3;5;8;14;27;30;55;283;-;438
W20   Impacto caus objeto lanc projetado em queda;-;-;1;-;-;-;-;-;1;-;-;2;-;1;1;1;-;-;2;-;1;-;10
W22   Impacto acid ativo passivo caus outr objetos;-;-;-;-;-;-;-;-;-;-;-;-;-;-;-;-;-;-;-;-;1;-;1
W23   Apert colhid comprim esmag dentro objetos;-;-;-;-;-;-;-;-;-;-;1;-;-;-;-;-;-;-;-;-;-;-;1
W25   Contato c/vidro cortante;-;-;-;-;-;-;-;-;-;-;-;-;-;1;-;-;-;-;-;-;-;-;1
W34   Projeteis de outr armas de fogo e das NE;-;-;-;-;-;-;-;-;-;1;-;-;-;-;-;-;-;-;-;-;-;-;1
W36   Explosao ou ruptura de cilindro de gas;-;-;-;-;-;-;-;-;-;1;-;1;-;-;-;-;-;-;-;-;1;-;3
W39   Queima de fogos de artificio;-;-;-;-;-;-;-;-;-;-;-;-;-;-;-;-;-;-;-;-;2;-;2
W44   Penetr corpo estranho olho orificio natural;-;-;-;-;-;-;-;-;-;-;-;-;1;-;-;1;-;-;-;-;-;-;2
W49   Exposicao outr forcas mecan inanimadas e NE;-;-;-;-;-;-;-;-;-;-;1;-;-;-;-;-;-;1;-;1;-;-;3
W54   Mordedura ou golpe provocado p/cao;-;-;-;-;-;-;-;-;1;-;-;-;-;-;-;-;-;-;-;-;-;-;1
W57   Morded picadas inseto outr artrop n-venen;-;-;-;-;-;-;1;-;-;-;-;-;-;-;-;-;-;-;-;-;-;-;1
W64   Exposicao outr forcas mecan animadas e as NE;-;-;-;-;-;-;-;-;-;-;-;-;-;-;-;1;-;-;-;-;-;-;1
W67   Afogamento e submersao em piscina;-;-;-;-;4;1;-;-;1;-;-;1;-;1;-;-;-;-;-;1;1;-;10
W68   Afogamento submersao conseq queda piscina;-;-;-;-;2;-;-;-;-;1;-;-;-;-;-;-;-;-;-;-;-;-;3
W69   Afogamento e submersao em aguas naturais;-;-;-;-;3;6;3;7;1;1;2;4;2;3;4;-;1;-;1;-;-;-;38
W70   Afogamento submersao conseq queda aguas nat;-;-;-;-;-;-;-;-;1;-;-;-;1;-;-;-;-;-;-;-;-;-;2
W73   Outr afogamentos e submersao espec;-;-;-;-;2;-;-;-;-;-;-;-;-;-;-;1;1;-;-;-;-;-;4
W74   Afogamento e submersao NE;-;-;1;-;4;2;1;1;5;2;2;4;2;3;1;1;2;-;-;-;1;3;35
W75   Sufocacao e estrangulamento acid na cama;-;-;1;-;1;-;-;-;-;-;-;-;-;-;-;-;-;-;-;-;-;-;2
W77   Risco resp dev desmor queda terra outr subst;-;-;1;-;-;1;1;-;1;-;1;1;-;-;1;-;-;-;1;-;-;-;8
W78   Inalacao do conteudo gastrico;1;1;14;-;2;1;-;-;1;-;-;2;1;1;4;-;-;1;3;6;24;-;62
W79   Inalacao ingest aliment caus obstr trat resp;-;1;17;-;3;1;2;-;2;-;-;2;-;1;2;2;3;3;1;4;13;-;57
W80   Inalac ingest outr obj caus obstr trat resp;-;-;2;-;1;-;-;-;-;-;-;-;1;1;-;1;1;-;-;1;4;-;12
W83   Outr riscos espec a respiracao;-;-;1;-;-;-;-;1;-;-;-;-;-;-;-;-;-;-;-;-;2;-;4
W84   Riscos NE a respiracao;-;2;29;-;3;2;1;2;2;4;1;3;2;2;1;5;4;7;13;13;86;-;182
W86   Exposicao a outr corrente eletrica espec;-;-;-;-;-;-;-;-;-;1;-;-;-;-;-;-;-;-;-;-;-;-;1
W87   Exposicao a corrente eletrica NE;-;-;-;-;-;1;-;-;-;1;2;-;1;-;1;3;1;-;-;-;-;-;10
W99   Exposicao outr fatores ambient artif e NE;-;-;-;-;-;-;-;-;-;-;1;-;-;-;-;-;-;-;1;2;3;-;7
X00   Expos fogo n-contr edificio outr tipo constr;-;-;-;-;-;-;-;-;-;-;-;-;-;1;-;1;-;-;-;-;-;-;2
X01   Expos fogo n-contr fora edif out tipo constr;-;-;-;-;-;-;-;-;-;-;-;-;-;-;-;-;-;-;-;-;1;-;1
X02   Exposicao fogo contr edif outr tipo constr;-;-;-;-;-;-;-;-;-;-;-;-;-;-;1;-;-;-;-;-;-;-;1
X03   Expos fogo contr fora edif outr tipo constr;-;-;-;-;-;-;-;-;-;-;-;-;-;-;-;1;-;-;-;-;-;-;1
X04   Exposicao combustao subst muito inflamavel;-;-;-;-;-;1;-;-;1;1;1;1;-;-;-;1;-;-;-;-;-;-;6
X09   Exposicao a tipo NE de fumaca fogo chamas;-;-;-;-;1;-;-;3;4;2;5;1;2;2;6;2;2;7;3;2;5;-;47
X12   Contato c/outr liquidos quentes;-;-;-;-;-;-;-;-;-;-;-;-;-;1;-;-;-;-;-;-;-;-;1
X20   Contato c/serpentes e lagartos venenosos;-;-;-;-;-;-;-;-;-;-;-;-;-;-;-;1;-;-;-;-;-;-;1
X21   Contato c/aranhas venenosas;-;-;1;-;-;-;-;-;-;-;-;-;-;-;-;-;-;-;-;-;1;-;2
X22   Contato c/escorpioes;-;-;-;-;1;-;-;-;1;-;-;-;-;-;-;-;-;-;-;-;-;-;2
X23   Contato c/abelhas vespas e vespoes;-;-;-;-;-;-;-;-;-;-;-;-;-;-;-;-;-;-;-;1;-;-;1
X27   Contato c/outr animais venenosos espec;-;-;-;-;-;-;-;-;-;-;-;-;-;-;-;-;-;1;-;-;-;-;1
X29   Contato animais ou plantas venenosos s/espec;-;-;-;-;-;-;-;-;-;-;-;-;-;-;-;-;-;1;-;-;-;-;1
X36   Vitima avalanc desab terra out mov sup terr;-;-;-;-;1;1;-;-;-;1;2;2;-;1;-;-;-;-;-;-;-;-;8
X39   Exposicao a outr forcas da natureza e as NE;-;-;-;-;-;-;-;-;-;-;-;-;-;-;-;-;-;-;-;-;2;-;2
X41   Env ac anticon sed hipn antipark psicot NCOP;-;-;-;-;-;-;-;-;1;-;2;-;-;-;3;-;-;-;-;-;-;-;6
X42   Envenen acid narcot psicodislepticos NCOP;-;-;-;-;-;-;-;3;4;2;1;2;-;-;2;-;-;-;-;-;-;-;14
X44   Envenen acid outr drog medic subst biolog NE;-;-;-;-;-;-;-;-;2;-;-;-;-;-;-;1;1;-;-;-;-;-;4
X45   Envenen acid p/e exposicao ao alcool;-;-;-;-;-;-;-;-;1;1;1;-;-;-;-;-;-;-;-;-;-;-;3
X46   Envenen acid solv org hidrocarb halog vapor;-;-;-;-;-;-;-;1;1;-;-;-;-;-;-;-;-;-;-;-;-;-;2
X47   Intox acid outr gases e vapores;-;-;-;-;1;-;-;-;-;-;-;-;-;-;1;-;1;1;-;-;-;-;4
X48   Envenen acid p/e exposicao a pesticidas;-;-;-;-;-;-;-;-;-;-;-;-;-;-;-;-;1;-;-;-;-;-;1
X49   Envenen acid outr subst quim nocivas e as NE;-;-;-;-;-;-;-;-;-;-;-;-;-;-;-;-;-;1;-;2;-;-;3
X58   Exposicao a outr fatores espec;-;-;-;-;1;-;-;-;-;-;-;-;-;-;-;-;1;-;-;-;2;-;4
X59   Exposicao a fatores NE;-;-;2;-;1;-;1;1;2;1;2;3;3;2;5;8;8;15;18;51;216;-;339
X60   Auto-int int analg antipir anti-reum n-opiac;-;-;-;-;-;-;-;-;-;-;-;-;-;-;-;1;-;-;-;-;-;-;1
X61   Auto-int int a-conv sed hip a-park psic NCOP;-;-;-;-;-;-;-;-;-;1;1;2;4;3;2;4;1;1;-;1;-;-;20
X62   Auto-intox intenc narcot psicodislept NCOP;-;-;-;-;-;1;-;-;-;-;1;-;-;-;-;-;-;-;-;-;-;-;2
X63   Auto-int int outr subst farm sist nerv auton;-;-;-;-;-;-;-;-;-;1;-;-;-;-;-;-;-;-;-;-;-;-;1
X64   Auto-int intenc out drog med subst biolog NE;-;-;-;-;-;-;1;-;1;4;3;3;2;5;1;3;2;2;-;-;-;-;27
X67   Auto-intox intenc p/outr gases e vapores;-;-;-;-;-;-;-;-;-;-;-;1;-;-;-;-;-;-;-;-;-;-;1
X68   Auto-intox intenc a pesticidas;-;-;-;-;-;-;-;-;-;-;1;1;1;4;-;1;1;-;-;-;-;-;9
X69   Auto-int intenc outr prod quim subst noc NE;-;-;-;-;-;-;-;-;1;1;-;3;1;3;2;-;1;1;-;-;-;-;13
X70   Lesao autoprov intenc enforc estrang sufoc;-;-;-;-;-;-;4;20;18;29;27;28;21;20;17;16;10;10;2;1;2;-;225
X71   Lesao autoprov intenc p/afogamento submersao;-;-;-;-;-;-;-;-;-;-;1;-;1;-;2;-;-;2;-;1;-;-;7
X72   Lesao autoprov intenc disp arma fogo de mao;-;-;-;-;-;-;-;-;-;-;-;2;1;1;-;-;-;-;-;-;-;-;4
X74   Lesao autopr intenc disp outr arma fogo e NE;-;-;-;-;-;-;-;-;2;1;-;2;2;-;1;-;1;1;-;1;-;-;11
X76   Lesao autoprov intenc fumaca fogo e chamas;-;-;-;-;-;-;-;-;-;-;1;6;3;5;3;1;2;1;-;-;-;-;22
X78   Lesao autoprov intenc obj cortante  penetr;-;-;-;-;-;-;-;-;-;-;-;1;1;-;-;-;1;-;1;-;1;-;5
X79   Lesao autoprov intenc p/objeto contundente;-;-;-;-;-;-;-;-;-;3;1;3;-;-;1;-;-;-;1;-;-;-;9
X80   Lesao autoprov intenc precip lugar elevado;-;-;-;-;-;-;1;8;8;3;6;5;4;6;6;3;1;1;2;2;-;-;56
X82   Lesao autoprov intenc impacto veic a motor;-;-;-;-;-;-;-;1;-;-;-;1;-;2;-;-;-;-;-;-;-;-;4
X83   Lesao autoprov intenc p/outr meios espec;-;-;-;-;-;-;-;-;-;-;-;1;-;-;-;-;-;-;-;-;1;-;2
X84   Lesao autoprov intenc p/meios NE;-;-;-;-;-;-;1;-;1;3;-;2;4;3;2;3;-;-;-;-;1;-;20
X91   Agressao enforc estrangulamento sufocacao;2;-;-;-;-;-;1;6;4;7;6;1;2;4;3;4;-;-;-;-;2;2;44
X92   Agressao p/meio de afogamento e submersao;-;-;-;-;-;-;-;-;-;1;-;-;-;-;-;-;-;-;-;-;-;1;2
X93   Agressao disparo de arma de fogo de mao;-;-;-;-;-;-;1;4;1;3;5;6;4;1;-;1;-;-;1;-;-;-;27
X95   Agressao disparo outr arma de fogo ou NE;-;-;-;-;-;1;1;12;14;24;24;15;8;10;9;6;2;1;-;-;-;2;129
X97   Agressao p/meio de fumaca fogo e chamas;-;-;-;-;-;-;-;-;1;1;2;-;1;-;-;-;-;-;-;1;-;-;6
X99   Agressao objeto cortante ou penetrante;-;-;-;-;-;-;3;8;15;18;20;24;14;22;11;6;8;2;5;1;2;3;162
Y00   Agressao p/meio de um objeto contundente;-;-;-;-;-;-;2;2;9;6;11;4;7;7;2;3;2;2;3;2;7;2;71
Y02   Agressao proj coloc vitima obj movimento;-;-;-;-;-;-;-;-;-;-;-;-;-;1;-;-;-;-;-;-;-;-;1
Y03   Agressao p/meio de impacto veic a motor;-;-;-;-;-;-;-;-;-;-;-;-;-;-;-;-;-;-;-;-;1;-;1
Y04   Agressao p/meio de forca corporal;-;-;-;-;-;-;-;-;1;2;2;4;2;-;1;-;1;-;1;2;-;-;16
Y05   Agressao sexual p/meio de forca fisica;-;-;-;-;-;-;-;-;-;1;-;-;-;-;-;-;-;-;-;-;-;-;1
Y06   Negligencia e abandono;-;-;1;-;-;-;-;-;-;-;-;-;-;-;-;-;-;-;-;-;-;-;1
Y07   Outr sindr de maus tratos;-;-;1;-;-;-;-;-;-;-;-;-;-;1;-;-;-;-;-;-;-;-;2
Y08   Agressao p/outr meios espec;-;-;-;-;-;-;-;-;-;1;-;-;-;-;1;-;-;-;-;-;-;-;2
Y09   Agressao p/meios NE;-;-;-;-;1;-;2;2;7;6;5;4;5;1;2;-;1;1;1;2;1;-;41
Y10   Env analg antipir antireum n-opiac int n det;-;-;-;-;-;-;-;-;-;-;-;-;-;-;-;-;-;-;-;1;-;-;1
Y11   Env antic sed hipn antip psic NCOP int n det;-;-;-;-;-;-;-;-;-;-;-;-;-;-;1;1;-;-;-;-;-;-;2
Y12   Envenen narcot psicodislept NCOP int n det;-;-;-;-;-;-;-;-;-;1;-;-;-;-;-;-;-;-;-;-;-;-;1
Y14   Env out drog med subst biolog e NE int n det;-;-;-;-;-;-;-;-;1;-;-;2;1;2;-;-;-;-;1;1;2;-;10
Y15   Envenen alcool intencao nao determinada;-;-;-;-;-;-;-;-;-;1;-;-;1;-;-;-;-;-;-;-;-;-;2
Y16   Env solv org hidrocarb halog vap int n det;-;-;-;-;-;-;-;1;-;-;-;-;-;-;-;-;-;-;-;-;-;-;1
Y17   Envenen outr gases vapores intenc n det;-;-;-;-;-;-;-;1;-;-;-;-;-;-;-;-;-;-;-;-;-;-;1
Y18   Envenen pesticidas intencao nao determinada;-;-;-;-;-;-;1;-;-;-;-;1;-;-;-;1;-;-;-;-;-;-;3
Y19   Env out prod quim subst noc e NE int n det;-;-;-;-;-;-;-;1;-;-;2;1;1;-;1;1;1;-;-;1;-;-;9
Y20   Enforc estrang sufoc intenc nao determinada;-;-;1;-;-;-;-;-;3;3;4;7;5;3;1;-;-;-;-;2;-;-;29
Y21   Afogamento submersao intenc nao determinada;-;-;1;-;-;-;-;-;1;-;-;-;-;-;1;1;-;-;-;1;-;1;6
Y24   Disparo outr arma fogo e NE intenc nao det;-;-;-;-;-;-;-;3;1;1;1;4;3;-;1;2;3;-;-;-;-;-;19
Y26   Exposicao fumaca fogo chamas intenc n det;-;-;-;-;-;-;-;-;1;-;-;3;1;-;1;-;-;1;-;-;1;-;8
Y27   Exposic vapor agua gas obj quente int n det;-;-;-;-;-;-;-;-;-;-;-;1;-;-;-;-;-;-;-;-;-;-;1
Y28   Contato obj cortante penetrante intenc n det;-;-;-;-;-;-;-;-;1;-;1;2;1;1;1;-;-;-;-;-;1;4;12
Y29   Contato obj contundente intenc n det;-;-;1;-;1;-;2;7;3;5;6;8;11;4;1;4;9;7;7;13;32;2;123
Y30   Queda salto empurr lugar elev intenc n det;-;-;-;-;-;-;-;-;-;-;-;-;-;1;-;-;-;-;-;-;-;-;1
Y33   Outr fatos ou eventos espec intenc n det;-;-;-;-;-;-;-;1;-;-;-;-;-;-;2;1;1;-;-;1;-;1;7
Y34   Fatos ou eventos NE e intenc nao determinada;-;1;2;-;3;3;-;2;5;1;8;11;9;7;12;12;11;14;21;32;98;5;257
Y35   Intervencao legal;-;-;-;-;-;-;-;-;1;-;-;-;-;-;-;-;-;-;-;-;-;-;1
Y44   Subst farm atuam prim s/constit sangue;-;-;-;-;-;-;-;-;-;-;-;-;-;-;-;-;-;-;-;2;4;-;6
Y45   Subst analges antipiret e antiinflamatorias;-;-;-;-;-;-;-;-;-;-;-;-;-;-;-;-;-;1;-;1;1;-;3
Y57   Outr drogas e medicamentos e as NE;-;-;-;-;-;-;-;-;-;-;-;-;1;-;1;1;-;-;2;-;4;-;9
Y59   Outr vacinas e subst biologicas e as NE;-;-;1;-;-;-;-;-;-;-;-;-;-;-;-;-;-;-;-;-;-;-;1
Y60   Cort punc perf hemorr acid cuid med cirurg;-;-;-;-;-;-;-;-;-;-;-;-;-;-;-;-;-;-;-;1;-;-;1
Y74   Disp gerais uso hosp pessoal assoc incid adv;-;-;-;-;-;-;-;-;-;-;-;-;-;-;-;-;-;-;-;-;1;-;1
Y83   Reac anorm compl tard interv cirurg s/acid;-;-;3;-;1;-;1;1;-;1;5;6;5;5;5;10;16;16;19;26;57;-;177
Y84   Reac anorm compl tard out proc med s/acid;-;-;1;-;-;-;-;1;-;-;-;-;-;1;2;1;-;1;-;2;5;-;14
Y85   Sequelas de acid transp;-;-;-;-;-;-;-;1;-;-;-;-;1;-;-;-;-;-;1;-;-;-;3
Y86   Sequelas de outr acid;-;-;-;-;-;-;-;-;-;1;-;-;-;-;1;-;-;-;3;4;14;-;23
Y87   Seq lesao autopr inten agress fato int indet;-;-;-;-;-;-;-;-;-;-;-;-;-;1;-;-;1;-;-;-;4;-;6
Y88   Sequelas cuid med cirurg consid causa ext;-;-;-;-;1;-;-;-;-;-;-;-;-;1;2;-;-;2;1;-;1;-;8
Y89   Sequelas de outr causas externas;-;-;-;-;-;-;-;-;1;-;-;-;-;-;-;-;-;-;1;1;-;-;3
Total;1401;572;932;2;485;203;275;622;826;1088;1499;2244;2953;4021;5835;7902;9812;11801;12864;15807;53606;87;134837
 Fonte: MS/SVS/CGIAE - Sistema de Informações sobre Mortalidade - SIM;;;;;;;;;;;;;;;;;;;;;;;
 Nota:;;;;;;;;;;;;;;;;;;;;;;;
 ;;;;;;;;;;;;;;;;;;;;;;;
 Em 2011, houve uma mudança no conteúdo da Declaração de Óbito, com maior detalhamento das informações coletadas. Para este ano, foram;;;;;;;;;;;;;;;;;;;;;;;
 utilizados simultaneamente os dois formulários. Para mais detalhes sobre as mudanças ocorridas e os seus efeitos, veja o documento;;;;;;;;;;;;;;;;;;;;;;;
" ""Sistema de Informações sobre Mortalidade - SIM. Consolidação da base de dados de 2011"".";;;;;;;;;;;;;;;;;;;;;;;
 No dia 13/06/2019, os arquivos do SIM referentes ao ano de notificação 2017 foram atualizados, com alteração das causas básicas de 2 registros e exclusão de 1 registro.;;;;;;;;;;;;;;;;;;;;;;;
 No dia 01/04/2020, os arquivos do SIM referentes ao ano de notificação 2019 foram atualizados, com alteração das causas básicas de 4 registros e exclusão de 1 registro.;;;;;;;;;;;;;;;;;;;;;;;
 ;;;;;;;;;;;;;;;;;;;;;;;
